experiment_id,timestamp_utc,scenario,duration_ms,status,success,slo_violation
8dd841d7,2026-09-22T05:50:12.126417+00:00,bursty,7.108572,200,True,False
8dd841d7,2026-09-22T05:50:12.327562+00:00,bursty,11.611181,200,True,False
8dd841d7,2026-09-22T05:50:12.518833+00:00,bursty,3.468438,200,True,False
8dd841d7,2026-09-22T05:50:12.726230+00:00,bursty,10.885479,200,True,False
8dd841d7,2026-09-22T05:50:12.925724+00:00,bursty,9.757755,200,True,False
8dd841d7,2026-09-22T05:50:13.121590+00:00,bursty,6.463898,200,True,False
8dd841d7,2026-09-22T05:50:13.326661+00:00,bursty,10.923406,200,True,False
8dd841d7,2026-09-22T05:50:13.525488+00:00,bursty,9.765495,200,True,False
8dd841d7,2026-09-22T05:50:13.718811+00:00,bursty,4.23686,200,True,False
8dd841d7,2026-09-22T05:50:13.916943+00:00,bursty,2.940886,200,True,False
8dd841d7,2026-09-22T05:50:14.124564+00:00,bursty,9.186594,200,True,False
8dd841d7,2026-09-22T05:50:14.318115+00:00,bursty,3.207769,200,True,False
8dd841d7,2026-09-22T05:50:14.516913+00:00,bursty,2.647517,200,True,False
8dd841d7,2026-09-22T05:50:14.718018+00:00,bursty,2.849912,200,True,False
8dd841d7,2026-09-22T05:50:14.929984+00:00,bursty,13.120927,200,True,False
8dd841d7,2026-09-22T05:50:15.117439+00:00,bursty,2.864013,200,True,False
8dd841d7,2026-09-22T05:50:15.331995+00:00,bursty,13.920763,200,True,False
8dd841d7,2026-09-22T05:50:15.522076+00:00,bursty,7.22474,200,True,False
8dd841d7,2026-09-22T05:50:15.724868+00:00,bursty,9.302818,200,True,False
8dd841d7,2026-09-22T05:50:15.920894+00:00,bursty,5.921915,200,True,False
8dd841d7,2026-09-22T05:50:16.123133+00:00,bursty,7.840544,200,True,False
8dd841d7,2026-09-22T05:50:16.322437+00:00,bursty,7.303826,200,True,False
8dd841d7,2026-09-22T05:50:16.519077+00:00,bursty,4.261842,200,True,False
8dd841d7,2026-09-22T05:50:16.722584+00:00,bursty,6.950925,200,True,False
8dd841d7,2026-09-22T05:50:16.920771+00:00,bursty,5.475162,200,True,False
8dd841d7,2026-09-22T05:50:17.124136+00:00,bursty,9.187271,200,True,False
8dd841d7,2026-09-22T05:50:17.319307+00:00,bursty,4.060532,200,True,False
8dd841d7,2026-09-22T05:50:17.517806+00:00,bursty,3.068343,200,True,False
8dd841d7,2026-09-22T05:50:17.717142+00:00,bursty,2.532455,200,True,False
8dd841d7,2026-09-22T05:50:17.922764+00:00,bursty,6.946265,200,True,False
8dd841d7,2026-09-22T05:50:18.122344+00:00,bursty,7.505291,200,True,False
8dd841d7,2026-09-22T05:50:18.319212+00:00,bursty,4.222477,200,True,False
8dd841d7,2026-09-22T05:50:18.520611+00:00,bursty,5.81933,200,True,False
8dd841d7,2026-09-22T05:50:18.721026+00:00,bursty,5.870093,200,True,False
8dd841d7,2026-09-22T05:50:18.922912+00:00,bursty,7.677884,200,True,False
8dd841d7,2026-09-22T05:50:19.127068+00:00,bursty,11.073289,200,True,False
8dd841d7,2026-09-22T05:50:19.320676+00:00,bursty,6.695253,200,True,False
8dd841d7,2026-09-22T05:50:19.523179+00:00,bursty,8.614231,200,True,False
8dd841d7,2026-09-22T05:50:19.718761+00:00,bursty,4.010937,200,True,False
8dd841d7,2026-09-22T05:50:19.924295+00:00,bursty,8.409027,200,True,False
8dd841d7,2026-09-22T05:50:20.121303+00:00,bursty,6.448698,200,True,False
8dd841d7,2026-09-22T05:50:20.329067+00:00,bursty,13.035305,200,True,False
8dd841d7,2026-09-22T05:50:20.521942+00:00,bursty,6.675287,200,True,False
8dd841d7,2026-09-22T05:50:20.721275+00:00,bursty,6.390791,200,True,False
8dd841d7,2026-09-22T05:50:20.919656+00:00,bursty,4.50446,200,True,False
8dd841d7,2026-09-22T05:50:21.118110+00:00,bursty,3.444657,200,True,False
8dd841d7,2026-09-22T05:50:21.324391+00:00,bursty,9.448749,200,True,False
8dd841d7,2026-09-22T05:50:21.521010+00:00,bursty,6.296358,200,True,False
8dd841d7,2026-09-22T05:50:21.717540+00:00,bursty,3.661694,200,True,False
8dd841d7,2026-09-22T05:50:21.918368+00:00,bursty,3.845536,200,True,False
8dd841d7,2026-09-22T05:50:22.119603+00:00,bursty,4.720015,200,True,False
8dd841d7,2026-09-22T05:50:22.325053+00:00,bursty,9.945152,200,True,False
8dd841d7,2026-09-22T05:50:22.514528+00:00,bursty,2.991114,200,True,False
8dd841d7,2026-09-22T05:50:22.714991+00:00,bursty,3.760805,200,True,False
8dd841d7,2026-09-22T05:50:22.914566+00:00,bursty,3.329779,200,True,False
8dd841d7,2026-09-22T05:50:23.119677+00:00,bursty,7.60351,200,True,False
8dd841d7,2026-09-22T05:50:23.316842+00:00,bursty,5.454859,200,True,False
8dd841d7,2026-09-22T05:50:23.515876+00:00,bursty,4.21934,200,True,False
8dd841d7,2026-09-22T05:50:23.714358+00:00,bursty,2.762811,200,True,False
8dd841d7,2026-09-22T05:50:23.915071+00:00,bursty,3.694468,200,True,False
8dd841d7,2026-09-22T05:50:24.126216+00:00,bursty,14.215484,200,True,False
8dd841d7,2026-09-22T05:50:24.324334+00:00,bursty,11.542511,200,True,False
8dd841d7,2026-09-22T05:50:24.522183+00:00,bursty,10.072095,200,True,False
8dd841d7,2026-09-22T05:50:24.715002+00:00,bursty,3.59046,200,True,False
8dd841d7,2026-09-22T05:50:24.915702+00:00,bursty,4.049955,200,True,False
8dd841d7,2026-09-22T05:50:25.116218+00:00,bursty,3.6394,200,True,False
8dd841d7,2026-09-22T05:50:25.321620+00:00,bursty,9.441708,200,True,False
8dd841d7,2026-09-22T05:50:25.520561+00:00,bursty,8.605183,200,True,False
8dd841d7,2026-09-22T05:50:25.723978+00:00,bursty,11.555402,200,True,False
8dd841d7,2026-09-22T05:50:25.924271+00:00,bursty,11.744463,200,True,False
8dd841d7,2026-09-22T05:50:26.120202+00:00,bursty,8.085993,200,True,False
8dd841d7,2026-09-22T05:50:26.317223+00:00,bursty,5.134547,200,True,False
8dd841d7,2026-09-22T05:50:26.516202+00:00,bursty,4.532649,200,True,False
8dd841d7,2026-09-22T05:50:26.717966+00:00,bursty,5.959414,200,True,False
8dd841d7,2026-09-22T05:50:26.917966+00:00,bursty,6.781314,200,True,False
8dd841d7,2026-09-22T05:50:27.206622+00:00,bursty,8.56153,200,True,False
8dd841d7,2026-09-22T05:50:27.323506+00:00,bursty,10.454096,200,True,False
8dd841d7,2026-09-22T05:50:27.517151+00:00,bursty,5.889148,200,True,False
8dd841d7,2026-09-22T05:50:27.717960+00:00,bursty,6.844973,200,True,False
8dd841d7,2026-09-22T05:50:27.918478+00:00,bursty,6.273196,200,True,False
8dd841d7,2026-09-22T05:50:28.119511+00:00,bursty,6.972721,200,True,False
8dd841d7,2026-09-22T05:50:28.322471+00:00,bursty,9.372275,200,True,False
8dd841d7,2026-09-22T05:50:28.519265+00:00,bursty,6.680346,200,True,False
8dd841d7,2026-09-22T05:50:28.717254+00:00,bursty,6.09214,200,True,False
8dd841d7,2026-09-22T05:50:28.918749+00:00,bursty,6.68198,200,True,False
8dd841d7,2026-09-22T05:50:29.118887+00:00,bursty,6.769556,200,True,False
8dd841d7,2026-09-22T05:50:29.324504+00:00,bursty,6.874678,200,True,False
8dd841d7,2026-09-22T05:50:29.519892+00:00,bursty,8.129308,200,True,False
8dd841d7,2026-09-22T05:50:29.718972+00:00,bursty,6.958212,200,True,False
8dd841d7,2026-09-22T05:50:29.917882+00:00,bursty,6.546419,200,True,False
8dd841d7,2026-09-22T05:50:30.119478+00:00,bursty,7.960432,200,True,False
8dd841d7,2026-09-22T05:50:30.318760+00:00,bursty,6.486572,200,True,False
8dd841d7,2026-09-22T05:50:30.519262+00:00,bursty,7.212409,200,True,False
8dd841d7,2026-09-22T05:50:30.718580+00:00,bursty,6.629863,200,True,False
8dd841d7,2026-09-22T05:50:30.917915+00:00,bursty,6.64167,200,True,False
8dd841d7,2026-09-22T05:50:31.120503+00:00,bursty,8.757339,200,True,False
8dd841d7,2026-09-22T05:50:31.318155+00:00,bursty,6.425445,200,True,False
8dd841d7,2026-09-22T05:50:31.521219+00:00,bursty,9.042567,200,True,False
8dd841d7,2026-09-22T05:50:31.719869+00:00,bursty,7.303922,200,True,False
8dd841d7,2026-09-22T05:50:31.919442+00:00,bursty,7.027513,200,True,False
8dd841d7,2026-09-22T05:50:32.118510+00:00,bursty,6.551291,200,True,False
8dd841d7,2026-09-22T05:50:32.318782+00:00,bursty,7.341238,200,True,False
8dd841d7,2026-09-22T05:50:32.518498+00:00,bursty,6.85392,200,True,False
8dd841d7,2026-09-22T05:50:32.719279+00:00,bursty,7.585328,200,True,False
8dd841d7,2026-09-22T05:50:32.918874+00:00,bursty,6.427471,200,True,False
8dd841d7,2026-09-22T05:50:33.116812+00:00,bursty,5.779715,200,True,False
8dd841d7,2026-09-22T05:50:33.317345+00:00,bursty,5.635204,200,True,False
8dd841d7,2026-09-22T05:50:33.518759+00:00,bursty,6.497134,200,True,False
8dd841d7,2026-09-22T05:50:33.718460+00:00,bursty,6.395999,200,True,False
8dd841d7,2026-09-22T05:50:33.923537+00:00,bursty,11.482498,200,True,False
8dd841d7,2026-09-22T05:50:34.118844+00:00,bursty,6.815639,200,True,False
8dd841d7,2026-09-22T05:50:34.322383+00:00,bursty,10.902021,200,True,False
8dd841d7,2026-09-22T05:50:34.522428+00:00,bursty,10.1726,200,True,False
8dd841d7,2026-09-22T05:50:34.722140+00:00,bursty,8.58982,200,True,False
8dd841d7,2026-09-22T05:50:34.920155+00:00,bursty,7.936269,200,True,False
8dd841d7,2026-09-22T05:50:35.124227+00:00,bursty,12.159298,200,True,False
8dd841d7,2026-09-22T05:50:35.318888+00:00,bursty,7.787364,200,True,False
8dd841d7,2026-09-22T05:50:35.599613+00:00,bursty,87.618423,200,True,False
8dd841d7,2026-09-22T05:50:35.718789+00:00,bursty,6.754215,200,True,False
8dd841d7,2026-09-22T05:50:35.918379+00:00,bursty,6.634478,200,True,False
8dd841d7,2026-09-22T05:50:36.118674+00:00,bursty,6.331889,200,True,False
8dd841d7,2026-09-22T05:50:36.317219+00:00,bursty,6.113112,200,True,False
8dd841d7,2026-09-22T05:50:36.519805+00:00,bursty,7.855293,200,True,False
8dd841d7,2026-09-22T05:50:36.722670+00:00,bursty,10.816715,200,True,False
8dd841d7,2026-09-22T05:50:36.918798+00:00,bursty,6.948091,200,True,False
8dd841d7,2026-09-22T05:50:37.118234+00:00,bursty,6.400341,200,True,False
8dd841d7,2026-09-22T05:50:37.317522+00:00,bursty,6.216258,200,True,False
8dd841d7,2026-09-22T05:50:37.517882+00:00,bursty,6.155853,200,True,False
8dd841d7,2026-09-22T05:50:37.717073+00:00,bursty,5.853064,200,True,False
8dd841d7,2026-09-22T05:50:37.920113+00:00,bursty,7.968906,200,True,False
8dd841d7,2026-09-22T05:50:38.119317+00:00,bursty,6.868375,200,True,False
8dd841d7,2026-09-22T05:50:38.326597+00:00,bursty,14.47931,200,True,False
8dd841d7,2026-09-22T05:50:38.519031+00:00,bursty,6.748614,200,True,False
8dd841d7,2026-09-22T05:50:38.718905+00:00,bursty,6.989041,200,True,False
8dd841d7,2026-09-22T05:50:38.917676+00:00,bursty,5.974487,200,True,False
8dd841d7,2026-09-22T05:50:39.117776+00:00,bursty,5.97375,200,True,False
8dd841d7,2026-09-22T05:50:39.316542+00:00,bursty,5.250473,200,True,False
8dd841d7,2026-09-22T05:50:39.517815+00:00,bursty,6.287987,200,True,False
8dd841d7,2026-09-22T05:50:39.717497+00:00,bursty,6.365466,200,True,False
8dd841d7,2026-09-22T05:50:39.918222+00:00,bursty,6.268586,200,True,False
8dd841d7,2026-09-22T05:50:40.117320+00:00,bursty,6.217889,200,True,False
9a2d49d0,2026-09-22T06:49:48.062920+00:00,stable,7.087952,200,True,False
9a2d49d0,2026-09-22T06:49:48.091407+00:00,stable,4.395856,200,True,False
9a2d49d0,2026-09-22T06:49:48.123379+00:00,stable,3.283376,200,True,False
9a2d49d0,2026-09-22T06:49:48.158814+00:00,stable,5.413355,200,True,False
9a2d49d0,2026-09-22T06:49:48.189960+00:00,stable,2.881321,200,True,False
9a2d49d0,2026-09-22T06:49:48.227261+00:00,stable,5.916399,200,True,False
9a2d49d0,2026-09-22T06:49:48.260284+00:00,stable,5.954749,200,True,False
9a2d49d0,2026-09-22T06:49:48.290782+00:00,stable,3.062369,200,True,False
9a2d49d0,2026-09-22T06:49:48.323540+00:00,stable,2.631168,200,True,False
9a2d49d0,2026-09-22T06:49:48.356699+00:00,stable,3.017548,200,True,False
9a2d49d0,2026-09-22T06:49:48.389933+00:00,stable,2.777093,200,True,False
9a2d49d0,2026-09-22T06:49:48.423564+00:00,stable,3.614267,200,True,False
9a2d49d0,2026-09-22T06:49:48.456394+00:00,stable,3.068147,200,True,False
9a2d49d0,2026-09-22T06:49:48.492160+00:00,stable,5.0153,200,True,False
9a2d49d0,2026-09-22T06:49:48.526488+00:00,stable,5.753288,200,True,False
9a2d49d0,2026-09-22T06:49:48.557049+00:00,stable,3.725165,200,True,False
9a2d49d0,2026-09-22T06:49:48.590205+00:00,stable,2.929943,200,True,False
9a2d49d0,2026-09-22T06:49:48.625601+00:00,stable,4.670881,200,True,False
9a2d49d0,2026-09-22T06:49:48.661786+00:00,stable,7.777047,200,True,False
9a2d49d0,2026-09-22T06:49:48.693466+00:00,stable,5.69055,200,True,False
9a2d49d0,2026-09-22T06:49:48.726197+00:00,stable,5.588638,200,True,False
9a2d49d0,2026-09-22T06:49:48.759498+00:00,stable,5.611338,200,True,False
9a2d49d0,2026-09-22T06:49:48.792630+00:00,stable,5.191365,200,True,False
9a2d49d0,2026-09-22T06:49:48.823458+00:00,stable,2.72349,200,True,False
9a2d49d0,2026-09-22T06:49:48.860025+00:00,stable,6.400049,200,True,False
9a2d49d0,2026-09-22T06:49:48.895562+00:00,stable,6.890861,200,True,False
9a2d49d0,2026-09-22T06:49:48.927833+00:00,stable,6.283189,200,True,False
9a2d49d0,2026-09-22T06:49:48.959133+00:00,stable,4.851263,200,True,False
9a2d49d0,2026-09-22T06:49:48.994754+00:00,stable,6.475119,200,True,False
9a2d49d0,2026-09-22T06:49:49.026420+00:00,stable,5.279582,200,True,False
9a2d49d0,2026-09-22T06:49:49.065035+00:00,stable,9.955375,200,True,False
9a2d49d0,2026-09-22T06:49:49.093724+00:00,stable,5.84159,200,True,False
9a2d49d0,2026-09-22T06:49:49.127152+00:00,stable,6.456101,200,True,False
9a2d49d0,2026-09-22T06:49:49.162911+00:00,stable,7.504677,200,True,False
9a2d49d0,2026-09-22T06:49:49.195128+00:00,stable,6.475502,200,True,False
9a2d49d0,2026-09-22T06:49:49.227401+00:00,stable,6.767265,200,True,False
9a2d49d0,2026-09-22T06:49:49.260666+00:00,stable,6.503877,200,True,False
9a2d49d0,2026-09-22T06:49:49.293058+00:00,stable,5.915299,200,True,False
9a2d49d0,2026-09-22T06:49:49.324561+00:00,stable,4.366567,200,True,False
9a2d49d0,2026-09-22T06:49:49.362362+00:00,stable,7.419128,200,True,False
9a2d49d0,2026-09-22T06:49:49.392572+00:00,stable,5.162716,200,True,False
9a2d49d0,2026-09-22T06:49:49.426797+00:00,stable,5.527596,200,True,False
9a2d49d0,2026-09-22T06:49:49.462703+00:00,stable,6.627639,200,True,False
9a2d49d0,2026-09-22T06:49:49.494885+00:00,stable,6.605566,200,True,False
9a2d49d0,2026-09-22T06:49:49.526560+00:00,stable,5.788137,200,True,False
9a2d49d0,2026-09-22T06:49:49.561711+00:00,stable,8.400942,200,True,False
9a2d49d0,2026-09-22T06:49:49.591673+00:00,stable,4.622931,200,True,False
9a2d49d0,2026-09-22T06:49:49.626399+00:00,stable,6.072216,200,True,False
9a2d49d0,2026-09-22T06:49:49.661818+00:00,stable,8.064285,200,True,False
9a2d49d0,2026-09-22T06:49:49.702643+00:00,stable,15.569829,200,True,False
9a2d49d0,2026-09-22T06:49:49.725289+00:00,stable,5.752382,200,True,False
9a2d49d0,2026-09-22T06:49:49.762530+00:00,stable,8.899589,200,True,False
9a2d49d0,2026-09-22T06:49:49.793674+00:00,stable,7.01311,200,True,False
9a2d49d0,2026-09-22T06:49:49.825716+00:00,stable,6.015204,200,True,False
9a2d49d0,2026-09-22T06:49:49.861061+00:00,stable,7.160633,200,True,False
9a2d49d0,2026-09-22T06:49:49.890215+00:00,stable,3.037709,200,True,False
9a2d49d0,2026-09-22T06:49:49.927173+00:00,stable,7.609597,200,True,False
9a2d49d0,2026-09-22T06:49:49.959008+00:00,stable,6.073167,200,True,False
9a2d49d0,2026-09-22T06:49:49.995683+00:00,stable,8.193673,200,True,False
9a2d49d0,2026-09-22T06:49:50.057939+00:00,stable,2.935408,200,True,False
9a2d49d0,2026-09-22T06:49:50.057939+00:00,stable,2.475109,200,True,False
9a2d49d0,2026-09-22T06:49:50.091280+00:00,stable,3.289709,200,True,False
9a2d49d0,2026-09-22T06:49:50.123653+00:00,stable,3.560687,200,True,False
9a2d49d0,2026-09-22T06:49:50.159841+00:00,stable,6.307193,200,True,False
9a2d49d0,2026-09-22T06:49:50.190085+00:00,stable,3.813424,200,True,False
9a2d49d0,2026-09-22T06:49:50.223692+00:00,stable,3.435343,200,True,False
9a2d49d0,2026-09-22T06:49:50.262167+00:00,stable,8.178106,200,True,False
9a2d49d0,2026-09-22T06:49:50.292755+00:00,stable,6.070233,200,True,False
9a2d49d0,2026-09-22T06:49:50.323729+00:00,stable,3.954006,200,True,False
9a2d49d0,2026-09-22T06:49:50.361314+00:00,stable,7.73907,200,True,False
9a2d49d0,2026-09-22T06:49:50.391010+00:00,stable,4.410966,200,True,False
9a2d49d0,2026-09-22T06:49:50.423890+00:00,stable,4.186221,200,True,False
9a2d49d0,2026-09-22T06:49:50.456781+00:00,stable,3.482119,200,True,False
9a2d49d0,2026-09-22T06:49:50.490063+00:00,stable,3.15256,200,True,False
9a2d49d0,2026-09-22T06:49:50.524465+00:00,stable,4.673895,200,True,False
9a2d49d0,2026-09-22T06:49:50.562638+00:00,stable,8.317516,200,True,False
9a2d49d0,2026-09-22T06:49:50.592417+00:00,stable,4.81226,200,True,False
9a2d49d0,2026-09-22T06:49:50.627127+00:00,stable,6.320206,200,True,False
9a2d49d0,2026-09-22T06:49:50.661989+00:00,stable,8.487199,200,True,False
9a2d49d0,2026-09-22T06:49:50.692830+00:00,stable,5.257508,200,True,False
9a2d49d0,2026-09-22T06:49:50.726485+00:00,stable,6.736916,200,True,False
9a2d49d0,2026-09-22T06:49:50.760825+00:00,stable,7.641317,200,True,False
9a2d49d0,2026-09-22T06:49:50.791813+00:00,stable,5.27823,200,True,False
9a2d49d0,2026-09-22T06:49:50.822695+00:00,stable,2.871641,200,True,False
9a2d49d0,2026-09-22T06:49:50.858217+00:00,stable,5.033745,200,True,False
9a2d49d0,2026-09-22T06:49:50.894209+00:00,stable,7.175131,200,True,False
9a2d49d0,2026-09-22T06:49:50.924746+00:00,stable,4.388194,200,True,False
9a2d49d0,2026-09-22T06:49:50.960771+00:00,stable,7.145274,200,True,False
9a2d49d0,2026-09-22T06:49:50.992678+00:00,stable,5.802865,200,True,False
9a2d49d0,2026-09-22T06:49:51.027779+00:00,stable,7.258013,200,True,False
9a2d49d0,2026-09-22T06:49:51.062113+00:00,stable,8.147924,200,True,False
9a2d49d0,2026-09-22T06:49:51.094999+00:00,stable,8.491776,200,True,False
9a2d49d0,2026-09-22T06:49:51.129021+00:00,stable,8.045625,200,True,False
9a2d49d0,2026-09-22T06:49:51.160800+00:00,stable,7.320262,200,True,False
9a2d49d0,2026-09-22T06:49:51.194918+00:00,stable,7.153319,200,True,False
9a2d49d0,2026-09-22T06:49:51.228368+00:00,stable,7.423361,200,True,False
9a2d49d0,2026-09-22T06:49:51.261411+00:00,stable,7.908604,200,True,False
9a2d49d0,2026-09-22T06:49:51.290112+00:00,stable,3.060048,200,True,False
9a2d49d0,2026-09-22T06:49:51.322019+00:00,stable,2.426737,200,True,False
9a2d49d0,2026-09-22T06:49:51.359254+00:00,stable,5.019923,200,True,False
9a2d49d0,2026-09-22T06:49:51.390340+00:00,stable,3.791256,200,True,False
9a2d49d0,2026-09-22T06:49:51.426280+00:00,stable,5.478276,200,True,False
9a2d49d0,2026-09-22T06:49:51.460516+00:00,stable,7.126651,200,True,False
9a2d49d0,2026-09-22T06:49:51.494901+00:00,stable,7.78925,200,True,False
9a2d49d0,2026-09-22T06:49:51.527449+00:00,stable,7.181376,200,True,False
9a2d49d0,2026-09-22T06:49:51.557132+00:00,stable,3.300967,200,True,False
9a2d49d0,2026-09-22T06:49:51.594629+00:00,stable,7.531838,200,True,False
9a2d49d0,2026-09-22T06:49:51.625741+00:00,stable,5.964402,200,True,False
9a2d49d0,2026-09-22T06:49:51.662474+00:00,stable,8.275954,200,True,False
9a2d49d0,2026-09-22T06:49:51.693921+00:00,stable,6.519904,200,True,False
9a2d49d0,2026-09-22T06:49:51.727191+00:00,stable,7.117639,200,True,False
9a2d49d0,2026-09-22T06:49:51.759661+00:00,stable,6.058852,200,True,False
9a2d49d0,2026-09-22T06:49:51.794254+00:00,stable,7.158639,200,True,False
9a2d49d0,2026-09-22T06:49:51.827263+00:00,stable,7.761326,200,True,False
9a2d49d0,2026-09-22T06:49:51.860851+00:00,stable,7.730539,200,True,False
9a2d49d0,2026-09-22T06:49:51.895666+00:00,stable,8.608081,200,True,False
9a2d49d0,2026-09-22T06:49:51.927482+00:00,stable,7.924143,200,True,False
9a2d49d0,2026-09-22T06:49:51.956829+00:00,stable,3.341587,200,True,False
9a2d49d0,2026-09-22T06:49:51.991683+00:00,stable,4.990513,200,True,False
9a2d49d0,2026-09-22T06:49:52.023803+00:00,stable,3.548857,200,True,False
9a2d49d0,2026-09-22T06:49:52.059210+00:00,stable,5.54939,200,True,False
9a2d49d0,2026-09-22T06:49:52.093208+00:00,stable,6.700509,200,True,False
9a2d49d0,2026-09-22T06:49:52.125638+00:00,stable,5.265685,200,True,False
9a2d49d0,2026-09-22T06:49:52.159938+00:00,stable,6.727391,200,True,False
9a2d49d0,2026-09-22T06:49:52.192989+00:00,stable,5.662934,200,True,False
9a2d49d0,2026-09-22T06:49:52.226197+00:00,stable,5.901656,200,True,False
9a2d49d0,2026-09-22T06:49:52.261150+00:00,stable,7.610578,200,True,False
9a2d49d0,2026-09-22T06:49:52.292246+00:00,stable,5.860477,200,True,False
9a2d49d0,2026-09-22T06:49:52.325582+00:00,stable,5.205649,200,True,False
9a2d49d0,2026-09-22T06:49:52.360147+00:00,stable,6.738313,200,True,False
9a2d49d0,2026-09-22T06:49:52.391570+00:00,stable,5.487166,200,True,False
9a2d49d0,2026-09-22T06:49:52.424799+00:00,stable,5.287642,200,True,False
9a2d49d0,2026-09-22T06:49:52.458780+00:00,stable,5.081254,200,True,False
9a2d49d0,2026-09-22T06:49:52.493317+00:00,stable,6.794938,200,True,False
9a2d49d0,2026-09-22T06:49:52.526732+00:00,stable,6.544285,200,True,False
9a2d49d0,2026-09-22T06:49:52.558159+00:00,stable,4.908216,200,True,False
9a2d49d0,2026-09-22T06:49:52.593980+00:00,stable,7.575946,200,True,False
9a2d49d0,2026-09-22T06:49:52.621890+00:00,stable,2.27572,200,True,False
9a2d49d0,2026-09-22T06:49:52.654251+00:00,stable,2.649337,200,True,False
9a2d49d0,2026-09-22T06:49:52.687409+00:00,stable,2.488862,200,True,False
9a2d49d0,2026-09-22T06:49:52.720622+00:00,stable,2.458367,200,True,False
9a2d49d0,2026-09-22T06:49:52.753762+00:00,stable,2.991064,200,True,False
9a2d49d0,2026-09-22T06:49:52.787173+00:00,stable,2.4988,200,True,False
9a2d49d0,2026-09-22T06:49:52.819881+00:00,stable,2.389428,200,True,False
9a2d49d0,2026-09-22T06:49:52.855812+00:00,stable,4.515112,200,True,False
9a2d49d0,2026-09-22T06:49:52.888542+00:00,stable,3.56822,200,True,False
9a2d49d0,2026-09-22T06:49:52.922361+00:00,stable,3.852466,200,True,False
9a2d49d0,2026-09-22T06:49:52.955322+00:00,stable,3.424895,200,True,False
9a2d49d0,2026-09-22T06:49:52.987866+00:00,stable,2.712095,200,True,False
9a2d49d0,2026-09-22T06:49:53.023212+00:00,stable,5.602462,200,True,False
9a2d49d0,2026-09-22T06:49:53.057690+00:00,stable,6.761239,200,True,False
9a2d49d0,2026-09-22T06:49:53.091959+00:00,stable,6.787266,200,True,False
9a2d49d0,2026-09-22T06:49:53.125419+00:00,stable,7.108893,200,True,False
9a2d49d0,2026-09-22T06:49:53.159930+00:00,stable,8.687609,200,True,False
9a2d49d0,2026-09-22T06:49:53.192077+00:00,stable,6.720824,200,True,False
9a2d49d0,2026-09-22T06:49:53.224371+00:00,stable,6.082396,200,True,False
9a2d49d0,2026-09-22T06:49:53.258886+00:00,stable,7.387816,200,True,False
9a2d49d0,2026-09-22T06:49:53.291498+00:00,stable,6.232128,200,True,False
9a2d49d0,2026-09-22T06:49:53.325087+00:00,stable,6.931949,200,True,False
9a2d49d0,2026-09-22T06:49:53.358537+00:00,stable,7.544502,200,True,False
9a2d49d0,2026-09-22T06:49:53.387598+00:00,stable,2.760776,200,True,False
9a2d49d0,2026-09-22T06:49:53.423152+00:00,stable,5.690333,200,True,False
9a2d49d0,2026-09-22T06:49:53.463564+00:00,stable,11.076296,200,True,False
9a2d49d0,2026-09-22T06:49:53.487361+00:00,stable,2.385928,200,True,False
9a2d49d0,2026-09-22T06:49:53.525972+00:00,stable,8.00413,200,True,False
9a2d49d0,2026-09-22T06:49:53.560042+00:00,stable,7.803658,200,True,False
9a2d49d0,2026-09-22T06:49:53.592301+00:00,stable,7.499478,200,True,False
9a2d49d0,2026-09-22T06:49:53.626323+00:00,stable,8.094193,200,True,False
9a2d49d0,2026-09-22T06:49:53.658557+00:00,stable,6.963475,200,True,False
9a2d49d0,2026-09-22T06:49:53.692881+00:00,stable,7.835004,200,True,False
9a2d49d0,2026-09-22T06:49:53.725457+00:00,stable,7.446759,200,True,False
9a2d49d0,2026-09-22T06:49:53.756705+00:00,stable,5.83213,200,True,False
9a2d49d0,2026-09-22T06:49:53.787587+00:00,stable,3.192275,200,True,False
9a2d49d0,2026-09-22T06:49:53.820456+00:00,stable,2.331135,200,True,False
9a2d49d0,2026-09-22T06:49:53.858672+00:00,stable,7.141008,200,True,False
9a2d49d0,2026-09-22T06:49:53.890140+00:00,stable,4.980011,200,True,False
9a2d49d0,2026-09-22T06:49:53.926218+00:00,stable,8.288448,200,True,False
9a2d49d0,2026-09-22T06:49:53.958643+00:00,stable,6.769071,200,True,False
9a2d49d0,2026-09-22T06:49:53.988088+00:00,stable,3.065069,200,True,False
9a2d49d0,2026-09-22T06:49:54.020413+00:00,stable,2.525569,200,True,False
9a2d49d0,2026-09-22T06:49:54.063464+00:00,stable,12.119176,200,True,False
9a2d49d0,2026-09-22T06:49:54.088371+00:00,stable,3.55358,200,True,False
9a2d49d0,2026-09-22T06:49:54.124060+00:00,stable,6.302566,200,True,False
9a2d49d0,2026-09-22T06:49:54.158796+00:00,stable,7.80133,200,True,False
9a2d49d0,2026-09-22T06:49:54.191347+00:00,stable,5.923776,200,True,False
9a2d49d0,2026-09-22T06:49:54.225262+00:00,stable,6.539165,200,True,False
9a2d49d0,2026-09-22T06:49:54.259340+00:00,stable,7.419494,200,True,False
9a2d49d0,2026-09-22T06:49:54.290418+00:00,stable,5.971025,200,True,False
9a2d49d0,2026-09-22T06:49:54.321115+00:00,stable,3.024601,200,True,False
9a2d49d0,2026-09-22T06:49:54.356725+00:00,stable,5.098347,200,True,False
9a2d49d0,2026-09-22T06:49:54.390813+00:00,stable,5.372967,200,True,False
9a2d49d0,2026-09-22T06:49:54.425504+00:00,stable,7.704529,200,True,False
9a2d49d0,2026-09-22T06:49:54.459310+00:00,stable,8.048839,200,True,False
9a2d49d0,2026-09-22T06:49:54.493708+00:00,stable,8.320389,200,True,False
9a2d49d0,2026-09-22T06:49:54.526630+00:00,stable,8.107987,200,True,False
9a2d49d0,2026-09-22T06:49:54.560545+00:00,stable,8.133954,200,True,False
9a2d49d0,2026-09-22T06:49:54.592782+00:00,stable,7.650445,200,True,False
9a2d49d0,2026-09-22T06:49:54.624583+00:00,stable,6.008729,200,True,False
9a2d49d0,2026-09-22T06:49:54.657232+00:00,stable,5.881015,200,True,False
9a2d49d0,2026-09-22T06:49:54.687044+00:00,stable,2.620448,200,True,False
9a2d49d0,2026-09-22T06:49:54.721306+00:00,stable,3.503523,200,True,False
9a2d49d0,2026-09-22T06:49:54.759611+00:00,stable,7.103441,200,True,False
9a2d49d0,2026-09-22T06:49:54.790132+00:00,stable,4.840399,200,True,False
9a2d49d0,2026-09-22T06:49:54.825304+00:00,stable,6.6792,200,True,False
9a2d49d0,2026-09-22T06:49:54.858727+00:00,stable,6.789624,200,True,False
9a2d49d0,2026-09-22T06:49:54.893164+00:00,stable,7.636366,200,True,False
9a2d49d0,2026-09-22T06:49:54.925431+00:00,stable,7.474751,200,True,False
9a2d49d0,2026-09-22T06:49:54.959008+00:00,stable,7.734,200,True,False
9a2d49d0,2026-09-22T06:49:54.987417+00:00,stable,2.881018,200,True,False
9a2d49d0,2026-09-22T06:49:55.020612+00:00,stable,2.688478,200,True,False
9a2d49d0,2026-09-22T06:49:55.057452+00:00,stable,6.172173,200,True,False
9a2d49d0,2026-09-22T06:49:55.090631+00:00,stable,5.754466,200,True,False
9a2d49d0,2026-09-22T06:49:55.125135+00:00,stable,6.78961,200,True,False
9a2d49d0,2026-09-22T06:49:55.160563+00:00,stable,8.521774,200,True,False
9a2d49d0,2026-09-22T06:49:55.192083+00:00,stable,6.816178,200,True,False
9a2d49d0,2026-09-22T06:49:55.225190+00:00,stable,4.821575,200,True,False
9a2d49d0,2026-09-22T06:49:55.258670+00:00,stable,6.320999,200,True,False
9a2d49d0,2026-09-22T06:49:55.289313+00:00,stable,4.768413,200,True,False
9a2d49d0,2026-09-22T06:49:55.321699+00:00,stable,3.628024,200,True,False
9a2d49d0,2026-09-22T06:49:55.355877+00:00,stable,4.527259,200,True,False
9a2d49d0,2026-09-22T06:49:55.387876+00:00,stable,2.814277,200,True,False
9a2d49d0,2026-09-22T06:49:55.420242+00:00,stable,2.831369,200,True,False
9a2d49d0,2026-09-22T06:49:55.455250+00:00,stable,4.39294,200,True,False
9a2d49d0,2026-09-22T06:49:55.489129+00:00,stable,4.818056,200,True,False
9a2d49d0,2026-09-22T06:49:55.523443+00:00,stable,5.086891,200,True,False
9a2d49d0,2026-09-22T06:49:55.556950+00:00,stable,4.959986,200,True,False
9a2d49d0,2026-09-22T06:49:55.589231+00:00,stable,4.942105,200,True,False
9a2d49d0,2026-09-22T06:49:55.625914+00:00,stable,6.233297,200,True,False
9a2d49d0,2026-09-22T06:49:55.655951+00:00,stable,5.02148,200,True,False
9a2d49d0,2026-09-22T06:49:55.690172+00:00,stable,5.601908,200,True,False
9a2d49d0,2026-09-22T06:49:55.726033+00:00,stable,8.012286,200,True,False
9a2d49d0,2026-09-22T06:49:55.755615+00:00,stable,4.045993,200,True,False
9a2d49d0,2026-09-22T06:49:55.791907+00:00,stable,5.254108,200,True,False
9a2d49d0,2026-09-22T06:49:55.826936+00:00,stable,8.005295,200,True,False
9a2d49d0,2026-09-22T06:49:55.861818+00:00,stable,8.343281,200,True,False
9a2d49d0,2026-09-22T06:49:55.891059+00:00,stable,5.812467,200,True,False
9a2d49d0,2026-09-22T06:49:55.925789+00:00,stable,7.178124,200,True,False
9a2d49d0,2026-09-22T06:49:55.960285+00:00,stable,8.277053,200,True,False
9a2d49d0,2026-09-22T06:49:55.991237+00:00,stable,6.061024,200,True,False
9a2d49d0,2026-09-22T06:49:56.024795+00:00,stable,7.161484,200,True,False
9a2d49d0,2026-09-22T06:49:56.060050+00:00,stable,8.19296,200,True,False
9a2d49d0,2026-09-22T06:49:56.090771+00:00,stable,6.356915,200,True,False
9a2d49d0,2026-09-22T06:49:56.125288+00:00,stable,7.505311,200,True,False
9a2d49d0,2026-09-22T06:49:56.158584+00:00,stable,6.491178,200,True,False
9a2d49d0,2026-09-22T06:49:56.192605+00:00,stable,7.230343,200,True,False
9a2d49d0,2026-09-22T06:49:56.224478+00:00,stable,6.481596,200,True,False
9a2d49d0,2026-09-22T06:49:56.258981+00:00,stable,7.768568,200,True,False
9a2d49d0,2026-09-22T06:49:56.288930+00:00,stable,4.615394,200,True,False
9a2d49d0,2026-09-22T06:49:56.325432+00:00,stable,6.658079,200,True,False
9a2d49d0,2026-09-22T06:49:56.358767+00:00,stable,6.975662,200,True,False
9a2d49d0,2026-09-22T06:49:56.389359+00:00,stable,4.229423,200,True,False
9a2d49d0,2026-09-22T06:49:56.424686+00:00,stable,5.957256,200,True,False
9a2d49d0,2026-09-22T06:49:56.459784+00:00,stable,7.529751,200,True,False
9a2d49d0,2026-09-22T06:49:56.492556+00:00,stable,7.309983,200,True,False
9a2d49d0,2026-09-22T06:49:56.524012+00:00,stable,5.898264,200,True,False
9a2d49d0,2026-09-22T06:49:56.559285+00:00,stable,7.824665,200,True,False
9a2d49d0,2026-09-22T06:49:56.590835+00:00,stable,6.201972,200,True,False
9a2d49d0,2026-09-22T06:49:56.625444+00:00,stable,7.516092,200,True,False
9a2d49d0,2026-09-22T06:49:56.676726+00:00,stable,23.420855,200,True,False
9a2d49d0,2026-09-22T06:49:56.687714+00:00,stable,3.295931,200,True,False
9a2d49d0,2026-09-22T06:49:56.760725+00:00,stable,9.082121,200,True,False
9a2d49d0,2026-09-22T06:49:56.761317+00:00,stable,43.153161,200,True,False
9a2d49d0,2026-09-22T06:49:56.787440+00:00,stable,2.325635,200,True,False
9a2d49d0,2026-09-22T06:49:56.824733+00:00,stable,6.830485,200,True,False
9a2d49d0,2026-09-22T06:49:56.856275+00:00,stable,4.473142,200,True,False
9a2d49d0,2026-09-22T06:49:56.886946+00:00,stable,2.53157,200,True,False
9a2d49d0,2026-09-22T06:49:56.920566+00:00,stable,2.654704,200,True,False
9a2d49d0,2026-09-22T06:49:56.953799+00:00,stable,3.070786,200,True,False
9a2d49d0,2026-09-22T06:49:56.988155+00:00,stable,3.608508,200,True,False
9a2d49d0,2026-09-22T06:49:57.020710+00:00,stable,3.125072,200,True,False
9a2d49d0,2026-09-22T06:49:57.053860+00:00,stable,2.865689,200,True,False
9a2d49d0,2026-09-22T06:49:57.086709+00:00,stable,2.283732,200,True,False
9a2d49d0,2026-09-22T06:49:57.120935+00:00,stable,3.490983,200,True,False
9a2d49d0,2026-09-22T06:49:57.155264+00:00,stable,3.701261,200,True,False
9a2d49d0,2026-09-22T06:49:57.191873+00:00,stable,7.323477,200,True,False
9a2d49d0,2026-09-22T06:49:57.225193+00:00,stable,6.614997,200,True,False
9a2d49d0,2026-09-22T06:49:57.257950+00:00,stable,6.046652,200,True,False
9a2d49d0,2026-09-22T06:49:57.289578+00:00,stable,4.487734,200,True,False
9a2d49d0,2026-09-22T06:49:57.324718+00:00,stable,6.550489,200,True,False
9a2d49d0,2026-09-22T06:49:57.358003+00:00,stable,6.434581,200,True,False
9a2d49d0,2026-09-22T06:49:57.388008+00:00,stable,2.969432,200,True,False
9a2d49d0,2026-09-22T06:49:57.419623+00:00,stable,2.290711,200,True,False
9a2d49d0,2026-09-22T06:49:57.455818+00:00,stable,4.767889,200,True,False
9a2d49d0,2026-09-22T06:49:57.491319+00:00,stable,6.600776,200,True,False
9a2d49d0,2026-09-22T06:49:57.525961+00:00,stable,7.791412,200,True,False
9a2d49d0,2026-09-22T06:49:57.559608+00:00,stable,7.343555,200,True,False
9a2d49d0,2026-09-22T06:49:57.588188+00:00,stable,3.318427,200,True,False
9a2d49d0,2026-09-22T06:49:57.625070+00:00,stable,6.963335,200,True,False
9a2d49d0,2026-09-22T06:49:57.657811+00:00,stable,6.219174,200,True,False
9a2d49d0,2026-09-22T06:49:57.691202+00:00,stable,6.010432,200,True,False
9a2d49d0,2026-09-22T06:49:57.720802+00:00,stable,2.713347,200,True,False
9a2d49d0,2026-09-22T06:49:57.754150+00:00,stable,2.925449,200,True,False
9a2d49d0,2026-09-22T06:49:57.787607+00:00,stable,2.75363,200,True,False
9a2d49d0,2026-09-22T06:49:57.824881+00:00,stable,6.691339,200,True,False
9a2d49d0,2026-09-22T06:49:57.857439+00:00,stable,5.86959,200,True,False
9a2d49d0,2026-09-22T06:49:57.890999+00:00,stable,5.912148,200,True,False
9a2d49d0,2026-09-22T06:49:57.925365+00:00,stable,7.233975,200,True,False
9a2d49d0,2026-09-22T06:49:57.957847+00:00,stable,5.819978,200,True,False
9a2d49d0,2026-09-22T06:49:57.990818+00:00,stable,5.64517,200,True,False
9a2d49d0,2026-09-22T06:49:58.023925+00:00,stable,6.116263,200,True,False
9a2d49d0,2026-09-22T06:49:58.059032+00:00,stable,7.901765,200,True,False
9a2d49d0,2026-09-22T06:49:58.092237+00:00,stable,7.056683,200,True,False
9a2d49d0,2026-09-22T06:49:58.125166+00:00,stable,6.40334,200,True,False
9a2d49d0,2026-09-22T06:49:58.159623+00:00,stable,7.187759,200,True,False
9a2d49d0,2026-09-22T06:49:58.188210+00:00,stable,3.190539,200,True,False
9a2d49d0,2026-09-22T06:49:58.224911+00:00,stable,6.512425,200,True,False
9a2d49d0,2026-09-22T06:49:58.258721+00:00,stable,6.666127,200,True,False
9a2d49d0,2026-09-22T06:49:58.292932+00:00,stable,7.452386,200,True,False
9a2d49d0,2026-09-22T06:49:58.325084+00:00,stable,6.73732,200,True,False
9a2d49d0,2026-09-22T06:49:58.360054+00:00,stable,7.504751,200,True,False
9a2d49d0,2026-09-22T06:49:58.389321+00:00,stable,4.242067,200,True,False
9a2d49d0,2026-09-22T06:49:58.423770+00:00,stable,5.741581,200,True,False
9a2d49d0,2026-09-22T06:49:58.459784+00:00,stable,8.122218,200,True,False
9a2d49d0,2026-09-22T06:49:58.489446+00:00,stable,4.736882,200,True,False
9a2d49d0,2026-09-22T06:49:58.526052+00:00,stable,7.723833,200,True,False
9a2d49d0,2026-09-22T06:49:58.556503+00:00,stable,4.777183,200,True,False
9a2d49d0,2026-09-22T06:49:58.589131+00:00,stable,3.833011,200,True,False
9a2d49d0,2026-09-22T06:49:58.621615+00:00,stable,3.720441,200,True,False
9a2d49d0,2026-09-22T06:49:58.654191+00:00,stable,2.822172,200,True,False
9a2d49d0,2026-09-22T06:49:58.686740+00:00,stable,2.555468,200,True,False
9a2d49d0,2026-09-22T06:49:58.721565+00:00,stable,3.198456,200,True,False
9a2d49d0,2026-09-22T06:49:58.757347+00:00,stable,6.067017,200,True,False
9a2d49d0,2026-09-22T06:49:58.792293+00:00,stable,7.34043,200,True,False
9a2d49d0,2026-09-22T06:49:58.824277+00:00,stable,6.554219,200,True,False
9a2d49d0,2026-09-22T06:49:58.856659+00:00,stable,5.482735,200,True,False
9a2d49d0,2026-09-22T06:49:58.889824+00:00,stable,5.386979,200,True,False
9a2d49d0,2026-09-22T06:49:58.922552+00:00,stable,4.29044,200,True,False
9a2d49d0,2026-09-22T06:49:58.955560+00:00,stable,4.500651,200,True,False
9a2d49d0,2026-09-22T06:49:58.990448+00:00,stable,5.531698,200,True,False
9a2d49d0,2026-09-22T06:49:59.021670+00:00,stable,3.579968,200,True,False
9a2d49d0,2026-09-22T06:49:59.056763+00:00,stable,5.501986,200,True,False
9a2d49d0,2026-09-22T06:49:59.090942+00:00,stable,5.525156,200,True,False
9a2d49d0,2026-09-22T06:49:59.123958+00:00,stable,5.823122,200,True,False
9a2d49d0,2026-09-22T06:49:59.155424+00:00,stable,4.000201,200,True,False
9a2d49d0,2026-09-22T06:49:59.189888+00:00,stable,5.237638,200,True,False
9a2d49d0,2026-09-22T06:49:59.219840+00:00,stable,2.381035,200,True,False
9a2d49d0,2026-09-22T06:49:59.255951+00:00,stable,4.46334,200,True,False
9a2d49d0,2026-09-22T06:49:59.290149+00:00,stable,5.521885,200,True,False
9a2d49d0,2026-09-22T06:49:59.324254+00:00,stable,5.960876,200,True,False
9a2d49d0,2026-09-22T06:49:59.359422+00:00,stable,7.779208,200,True,False
9a2d49d0,2026-09-22T06:49:59.389556+00:00,stable,4.973911,200,True,False
9a2d49d0,2026-09-22T06:49:59.423706+00:00,stable,5.369004,200,True,False
9a2d49d0,2026-09-22T06:49:59.459771+00:00,stable,7.963953,200,True,False
9a2d49d0,2026-09-22T06:49:59.489115+00:00,stable,4.757489,200,True,False
9a2d49d0,2026-09-22T06:49:59.525753+00:00,stable,7.312441,200,True,False
9a2d49d0,2026-09-22T06:49:59.560381+00:00,stable,8.423654,200,True,False
9a2d49d0,2026-09-22T06:49:59.589051+00:00,stable,4.262222,200,True,False
9a2d49d0,2026-09-22T06:49:59.627493+00:00,stable,7.427424,200,True,False
9a2d49d0,2026-09-22T06:49:59.653672+00:00,stable,2.402166,200,True,False
9a2d49d0,2026-09-22T06:49:59.687642+00:00,stable,3.05242,200,True,False
9a2d49d0,2026-09-22T06:49:59.721946+00:00,stable,3.988381,200,True,False
9a2d49d0,2026-09-22T06:49:59.758706+00:00,stable,7.052121,200,True,False
9a2d49d0,2026-09-22T06:49:59.789309+00:00,stable,4.069675,200,True,False
9a2d49d0,2026-09-22T06:49:59.822325+00:00,stable,3.945125,200,True,False
9a2d49d0,2026-09-22T06:49:59.856526+00:00,stable,5.671081,200,True,False
9a2d49d0,2026-09-22T06:49:59.890007+00:00,stable,5.090694,200,True,False
9a2d49d0,2026-09-22T06:49:59.923606+00:00,stable,5.768458,200,True,False
9a2d49d0,2026-09-22T06:49:59.956739+00:00,stable,5.198017,200,True,False
9a2d49d0,2026-09-22T06:50:00.057580+00:00,stable,72.188788,200,True,False
9a2d49d0,2026-09-22T06:50:00.157929+00:00,stable,99.724198,200,True,False
9a2d49d0,2026-09-22T06:50:00.160717+00:00,stable,102.717721,200,True,False
9a2d49d0,2026-09-22T06:50:00.264151+00:00,stable,103.453751,200,True,False
9a2d49d0,2026-09-22T06:50:00.267567+00:00,stable,106.657054,200,True,False
9a2d49d0,2026-09-22T06:50:00.354071+00:00,stable,100.062307,200,True,False
9a2d49d0,2026-09-22T06:50:00.354709+00:00,stable,99.237799,200,True,False
9a2d49d0,2026-09-22T06:50:00.356483+00:00,stable,101.358062,200,True,False
9a2d49d0,2026-09-22T06:50:00.356940+00:00,stable,3.309736,200,True,False
9a2d49d0,2026-09-22T06:50:00.359191+00:00,stable,198.498034,200,True,False
9a2d49d0,2026-09-22T06:50:00.359370+00:00,stable,4.718938,200,True,False
9a2d49d0,2026-09-22T06:50:00.360320+00:00,stable,5.900505,200,True,False
9a2d49d0,2026-09-22T06:50:00.388260+00:00,stable,3.364258,200,True,False
9a2d49d0,2026-09-22T06:50:00.421642+00:00,stable,3.631034,200,True,False
9a2d49d0,2026-09-22T06:50:00.454036+00:00,stable,2.890979,200,True,False
9a2d49d0,2026-09-22T06:50:00.487697+00:00,stable,2.832999,200,True,False
9a2d49d0,2026-09-22T06:50:00.521148+00:00,stable,2.698302,200,True,False
9a2d49d0,2026-09-22T06:50:00.554467+00:00,stable,2.824224,200,True,False
9a2d49d0,2026-09-22T06:50:00.587162+00:00,stable,2.828823,200,True,False
9a2d49d0,2026-09-22T06:50:00.620467+00:00,stable,2.686799,200,True,False
9a2d49d0,2026-09-22T06:50:00.654178+00:00,stable,2.865648,200,True,False
9a2d49d0,2026-09-22T06:50:00.687477+00:00,stable,2.652429,200,True,False
9a2d49d0,2026-09-22T06:50:00.720925+00:00,stable,2.658224,200,True,False
9a2d49d0,2026-09-22T06:50:00.754071+00:00,stable,2.650851,200,True,False
9a2d49d0,2026-09-22T06:50:00.787592+00:00,stable,2.742347,200,True,False
9a2d49d0,2026-09-22T06:50:00.820882+00:00,stable,2.975836,200,True,False
9a2d49d0,2026-09-22T06:50:00.854484+00:00,stable,2.691972,200,True,False
9a2d49d0,2026-09-22T06:50:00.887861+00:00,stable,2.626916,200,True,False
9a2d49d0,2026-09-22T06:50:00.920329+00:00,stable,2.691995,200,True,False
9a2d49d0,2026-09-22T06:50:00.954734+00:00,stable,2.8038,200,True,False
9a2d49d0,2026-09-22T06:50:00.986998+00:00,stable,2.570032,200,True,False
9a2d49d0,2026-09-22T06:50:01.020662+00:00,stable,3.032812,200,True,False
9a2d49d0,2026-09-22T06:50:01.060749+00:00,stable,9.284878,200,True,False
9a2d49d0,2026-09-22T06:50:01.087786+00:00,stable,2.914711,200,True,False
9a2d49d0,2026-09-22T06:50:01.121469+00:00,stable,3.748282,200,True,False
9a2d49d0,2026-09-22T06:50:01.155141+00:00,stable,3.829792,200,True,False
9a2d49d0,2026-09-22T06:50:01.187496+00:00,stable,2.677659,200,True,False
9a2d49d0,2026-09-22T06:50:01.221299+00:00,stable,3.027761,200,True,False
9a2d49d0,2026-09-22T06:50:01.255483+00:00,stable,3.630299,200,True,False
9a2d49d0,2026-09-22T06:50:01.288303+00:00,stable,3.025384,200,True,False
9a2d49d0,2026-09-22T06:50:01.321316+00:00,stable,2.946065,200,True,False
9a2d49d0,2026-09-22T06:50:01.354801+00:00,stable,3.843156,200,True,False
9a2d49d0,2026-09-22T06:50:01.387590+00:00,stable,3.073361,200,True,False
9a2d49d0,2026-09-22T06:50:01.420173+00:00,stable,2.660807,200,True,False
9a2d49d0,2026-09-22T06:50:01.454567+00:00,stable,2.936845,200,True,False
9a2d49d0,2026-09-22T06:50:01.487008+00:00,stable,2.647418,200,True,False
9a2d49d0,2026-09-22T06:50:01.520276+00:00,stable,2.693689,200,True,False
9a2d49d0,2026-09-22T06:50:01.554409+00:00,stable,2.706058,200,True,False
9a2d49d0,2026-09-22T06:50:01.587616+00:00,stable,2.569378,200,True,False
9a2d49d0,2026-09-22T06:50:01.620931+00:00,stable,2.718531,200,True,False
9a2d49d0,2026-09-22T06:50:01.654330+00:00,stable,3.013079,200,True,False
9a2d49d0,2026-09-22T06:50:01.687125+00:00,stable,2.955787,200,True,False
9a2d49d0,2026-09-22T06:50:01.720740+00:00,stable,2.7153,200,True,False
9a2d49d0,2026-09-22T06:50:01.754309+00:00,stable,2.844893,200,True,False
9a2d49d0,2026-09-22T06:50:01.787359+00:00,stable,2.751052,200,True,False
9a2d49d0,2026-09-22T06:50:01.820459+00:00,stable,2.559056,200,True,False
9a2d49d0,2026-09-22T06:50:01.854719+00:00,stable,2.847567,200,True,False
9a2d49d0,2026-09-22T06:50:01.887079+00:00,stable,2.699658,200,True,False
9a2d49d0,2026-09-22T06:50:01.920801+00:00,stable,2.635285,200,True,False
9a2d49d0,2026-09-22T06:50:01.954217+00:00,stable,2.932191,200,True,False
9a2d49d0,2026-09-22T06:50:01.987580+00:00,stable,2.536108,200,True,False
9a2d49d0,2026-09-22T06:50:02.020767+00:00,stable,2.61931,200,True,False
9a2d49d0,2026-09-22T06:50:02.055848+00:00,stable,4.388883,200,True,False
9a2d49d0,2026-09-22T06:50:02.087139+00:00,stable,2.709229,200,True,False
9a2d49d0,2026-09-22T06:50:02.121774+00:00,stable,3.958976,200,True,False
9a2d49d0,2026-09-22T06:50:02.154644+00:00,stable,3.116786,200,True,False
9a2d49d0,2026-09-22T06:50:02.189193+00:00,stable,2.604208,200,True,False
9a2d49d0,2026-09-22T06:50:02.220918+00:00,stable,2.442941,200,True,False
9a2d49d0,2026-09-22T06:50:02.255488+00:00,stable,4.078057,200,True,False
9a2d49d0,2026-09-22T06:50:02.287562+00:00,stable,3.109577,200,True,False
9a2d49d0,2026-09-22T06:50:02.326235+00:00,stable,8.018564,200,True,False
9a2d49d0,2026-09-22T06:50:02.358128+00:00,stable,6.191345,200,True,False
9a2d49d0,2026-09-22T06:50:02.387260+00:00,stable,2.746686,200,True,False
9a2d49d0,2026-09-22T06:50:02.421070+00:00,stable,2.927063,200,True,False
9a2d49d0,2026-09-22T06:50:02.454547+00:00,stable,3.051316,200,True,False
9a2d49d0,2026-09-22T06:50:02.487475+00:00,stable,3.269889,200,True,False
9a2d49d0,2026-09-22T06:50:02.520636+00:00,stable,2.576435,200,True,False
9a2d49d0,2026-09-22T06:50:02.554137+00:00,stable,2.971996,200,True,False
9a2d49d0,2026-09-22T06:50:02.588717+00:00,stable,3.791744,200,True,False
9a2d49d0,2026-09-22T06:50:02.622072+00:00,stable,4.342612,200,True,False
9a2d49d0,2026-09-22T06:50:02.655680+00:00,stable,4.097579,200,True,False
9a2d49d0,2026-09-22T06:50:02.689833+00:00,stable,5.04413,200,True,False
9a2d49d0,2026-09-22T06:50:02.721963+00:00,stable,4.424852,200,True,False
9a2d49d0,2026-09-22T06:50:02.755558+00:00,stable,4.030059,200,True,False
9a2d49d0,2026-09-22T06:50:02.789784+00:00,stable,4.182873,200,True,False
9a2d49d0,2026-09-22T06:50:02.821658+00:00,stable,3.974205,200,True,False
9a2d49d0,2026-09-22T06:50:02.855196+00:00,stable,3.913803,200,True,False
9a2d49d0,2026-09-22T06:50:02.888802+00:00,stable,4.18386,200,True,False
9a2d49d0,2026-09-22T06:50:02.920219+00:00,stable,2.799908,200,True,False
9a2d49d0,2026-09-22T06:50:02.956495+00:00,stable,5.553459,200,True,False
9a2d49d0,2026-09-22T06:50:02.988064+00:00,stable,3.756024,200,True,False
9a2d49d0,2026-09-22T06:50:03.021173+00:00,stable,2.807426,200,True,False
9a2d49d0,2026-09-22T06:50:03.054382+00:00,stable,2.8002,200,True,False
9a2d49d0,2026-09-22T06:50:03.088587+00:00,stable,3.436822,200,True,False
9a2d49d0,2026-09-22T06:50:03.123550+00:00,stable,5.126541,200,True,False
9a2d49d0,2026-09-22T06:50:03.157605+00:00,stable,6.573093,200,True,False
9a2d49d0,2026-09-22T06:50:03.189610+00:00,stable,4.727863,200,True,False
9a2d49d0,2026-09-22T06:50:03.221476+00:00,stable,3.90355,200,True,False
9a2d49d0,2026-09-22T06:50:03.256199+00:00,stable,4.918815,200,True,False
9a2d49d0,2026-09-22T06:50:03.288822+00:00,stable,3.879543,200,True,False
9a2d49d0,2026-09-22T06:50:03.323201+00:00,stable,5.507635,200,True,False
9a2d49d0,2026-09-22T06:50:03.356931+00:00,stable,5.845258,200,True,False
9a2d49d0,2026-09-22T06:50:03.388294+00:00,stable,4.006126,200,True,False
9a2d49d0,2026-09-22T06:50:03.420881+00:00,stable,2.854647,200,True,False
9a2d49d0,2026-09-22T06:50:03.454237+00:00,stable,2.877656,200,True,False
9a2d49d0,2026-09-22T06:50:03.488361+00:00,stable,3.409443,200,True,False
9a2d49d0,2026-09-22T06:50:03.522357+00:00,stable,4.113068,200,True,False
9a2d49d0,2026-09-22T06:50:03.555862+00:00,stable,3.98197,200,True,False
9a2d49d0,2026-09-22T06:50:03.587737+00:00,stable,3.142352,200,True,False
9a2d49d0,2026-09-22T06:50:03.621851+00:00,stable,3.452336,200,True,False
9a2d49d0,2026-09-22T06:50:03.654713+00:00,stable,3.289122,200,True,False
9a2d49d0,2026-09-22T06:50:03.686800+00:00,stable,2.423903,200,True,False
9a2d49d0,2026-09-22T06:50:03.720347+00:00,stable,2.654981,200,True,False
9a2d49d0,2026-09-22T06:50:03.754427+00:00,stable,2.65904,200,True,False
9a2d49d0,2026-09-22T06:50:03.787310+00:00,stable,3.015396,200,True,False
9a2d49d0,2026-09-22T06:50:03.820909+00:00,stable,3.33003,200,True,False
9a2d49d0,2026-09-22T06:50:03.856299+00:00,stable,4.285442,200,True,False
9a2d49d0,2026-09-22T06:50:03.887439+00:00,stable,3.265328,200,True,False
9a2d49d0,2026-09-22T06:50:03.920874+00:00,stable,2.738799,200,True,False
9a2d49d0,2026-09-22T06:50:03.955475+00:00,stable,3.957468,200,True,False
9a2d49d0,2026-09-22T06:50:03.987726+00:00,stable,2.724517,200,True,False
9a2d49d0,2026-09-22T06:50:04.021108+00:00,stable,2.696645,200,True,False
9a2d49d0,2026-09-22T06:50:04.056471+00:00,stable,4.847922,200,True,False
9a2d49d0,2026-09-22T06:50:04.089054+00:00,stable,3.826425,200,True,False
9a2d49d0,2026-09-22T06:50:04.122346+00:00,stable,4.46618,200,True,False
9a2d49d0,2026-09-22T06:50:04.157142+00:00,stable,5.229406,200,True,False
9a2d49d0,2026-09-22T06:50:04.188470+00:00,stable,4.097834,200,True,False
9a2d49d0,2026-09-22T06:50:04.221241+00:00,stable,2.968141,200,True,False
9a2d49d0,2026-09-22T06:50:04.253482+00:00,stable,2.64379,200,True,False
9a2d49d0,2026-09-22T06:50:04.286548+00:00,stable,2.465743,200,True,False
9a2d49d0,2026-09-22T06:50:04.321252+00:00,stable,2.730865,200,True,False
9a2d49d0,2026-09-22T06:50:04.357737+00:00,stable,5.77023,200,True,False
9a2d49d0,2026-09-22T06:50:04.388207+00:00,stable,3.404496,200,True,False
9a2d49d0,2026-09-22T06:50:04.422234+00:00,stable,4.099111,200,True,False
9a2d49d0,2026-09-22T06:50:04.455379+00:00,stable,4.50518,200,True,False
9a2d49d0,2026-09-22T06:50:04.489515+00:00,stable,5.075034,200,True,False
9a2d49d0,2026-09-22T06:50:04.524182+00:00,stable,5.573121,200,True,False
9a2d49d0,2026-09-22T06:50:04.553976+00:00,stable,3.151646,200,True,False
9a2d49d0,2026-09-22T06:50:04.589267+00:00,stable,4.326757,200,True,False
9a2d49d0,2026-09-22T06:50:04.623097+00:00,stable,4.861829,200,True,False
9a2d49d0,2026-09-22T06:50:04.655310+00:00,stable,3.856122,200,True,False
9a2d49d0,2026-09-22T06:50:04.687600+00:00,stable,2.657268,200,True,False
9a2d49d0,2026-09-22T06:50:04.720129+00:00,stable,2.719682,200,True,False
9a2d49d0,2026-09-22T06:50:04.755893+00:00,stable,4.236185,200,True,False
9a2d49d0,2026-09-22T06:50:04.789786+00:00,stable,4.944711,200,True,False
9a2d49d0,2026-09-22T06:50:04.824315+00:00,stable,5.582165,200,True,False
9a2d49d0,2026-09-22T06:50:04.856227+00:00,stable,5.178877,200,True,False
9a2d49d0,2026-09-22T06:50:04.890356+00:00,stable,5.904489,200,True,False
9a2d49d0,2026-09-22T06:50:04.924477+00:00,stable,6.054829,200,True,False
9a2d49d0,2026-09-22T06:50:04.957368+00:00,stable,6.115806,200,True,False
9a2d49d0,2026-09-22T06:50:04.987107+00:00,stable,2.752114,200,True,False
9a2d49d0,2026-09-22T06:50:05.021525+00:00,stable,3.383362,200,True,False
9a2d49d0,2026-09-22T06:50:05.054514+00:00,stable,2.699161,200,True,False
9a2d49d0,2026-09-22T06:50:05.087404+00:00,stable,2.90573,200,True,False
9a2d49d0,2026-09-22T06:50:05.123176+00:00,stable,4.908657,200,True,False
9a2d49d0,2026-09-22T06:50:05.156255+00:00,stable,4.248533,200,True,False
9a2d49d0,2026-09-22T06:50:05.186920+00:00,stable,2.593235,200,True,False
9a2d49d0,2026-09-22T06:50:05.222483+00:00,stable,4.688448,200,True,False
9a2d49d0,2026-09-22T06:50:05.257144+00:00,stable,5.99321,200,True,False
9a2d49d0,2026-09-22T06:50:05.290594+00:00,stable,5.613838,200,True,False
9a2d49d0,2026-09-22T06:50:05.322981+00:00,stable,4.945004,200,True,False
9a2d49d0,2026-09-22T06:50:05.356614+00:00,stable,4.915428,200,True,False
9a2d49d0,2026-09-22T06:50:05.388566+00:00,stable,3.572187,200,True,False
9a2d49d0,2026-09-22T06:50:05.421499+00:00,stable,3.18058,200,True,False
9a2d49d0,2026-09-22T06:50:05.453717+00:00,stable,2.602988,200,True,False
9a2d49d0,2026-09-22T06:50:05.487108+00:00,stable,2.777803,200,True,False
9a2d49d0,2026-09-22T06:50:05.520888+00:00,stable,2.735319,200,True,False
9a2d49d0,2026-09-22T06:50:05.556980+00:00,stable,3.147843,200,True,False
9a2d49d0,2026-09-22T06:50:05.587588+00:00,stable,2.629997,200,True,False
9a2d49d0,2026-09-22T06:50:05.620938+00:00,stable,2.566049,200,True,False
9a2d49d0,2026-09-22T06:50:05.654219+00:00,stable,2.596256,200,True,False
9a2d49d0,2026-09-22T06:50:05.687428+00:00,stable,2.541004,200,True,False
9a2d49d0,2026-09-22T06:50:05.720603+00:00,stable,2.582455,200,True,False
9a2d49d0,2026-09-22T06:50:05.754327+00:00,stable,3.228968,200,True,False
9a2d49d0,2026-09-22T06:50:05.787112+00:00,stable,2.871202,200,True,False
9a2d49d0,2026-09-22T06:50:05.820818+00:00,stable,2.781171,200,True,False
9a2d49d0,2026-09-22T06:50:05.854306+00:00,stable,3.019023,200,True,False
9a2d49d0,2026-09-22T06:50:05.888039+00:00,stable,3.740199,200,True,False
9a2d49d0,2026-09-22T06:50:05.920394+00:00,stable,2.713685,200,True,False
9a2d49d0,2026-09-22T06:50:05.954813+00:00,stable,2.924086,200,True,False
9a2d49d0,2026-09-22T06:50:05.987247+00:00,stable,2.4841,200,True,False
9a2d49d0,2026-09-22T06:50:06.020502+00:00,stable,2.553663,200,True,False
9a2d49d0,2026-09-22T06:50:06.056562+00:00,stable,5.502784,200,True,False
9a2d49d0,2026-09-22T06:50:06.088198+00:00,stable,3.562665,200,True,False
9a2d49d0,2026-09-22T06:50:06.125123+00:00,stable,6.765256,200,True,False
9a2d49d0,2026-09-22T06:50:06.156980+00:00,stable,5.872102,200,True,False
9a2d49d0,2026-09-22T06:50:06.189068+00:00,stable,3.936906,200,True,False
9a2d49d0,2026-09-22T06:50:06.221541+00:00,stable,3.846052,200,True,False
9a2d49d0,2026-09-22T06:50:06.254677+00:00,stable,2.924217,200,True,False
9a2d49d0,2026-09-22T06:50:06.287269+00:00,stable,2.756673,200,True,False
9a2d49d0,2026-09-22T06:50:06.320938+00:00,stable,2.777782,200,True,False
9a2d49d0,2026-09-22T06:50:06.354167+00:00,stable,2.54122,200,True,False
9a2d49d0,2026-09-22T06:50:06.387893+00:00,stable,2.768585,200,True,False
9a2d49d0,2026-09-22T06:50:06.420840+00:00,stable,2.893019,200,True,False
9a2d49d0,2026-09-22T06:50:06.454204+00:00,stable,2.938113,200,True,False
9a2d49d0,2026-09-22T06:50:06.487649+00:00,stable,2.654074,200,True,False
9a2d49d0,2026-09-22T06:50:06.521259+00:00,stable,2.851866,200,True,False
9a2d49d0,2026-09-22T06:50:06.554825+00:00,stable,3.04327,200,True,False
9a2d49d0,2026-09-22T06:50:06.589251+00:00,stable,4.038918,200,True,False
9a2d49d0,2026-09-22T06:50:06.622515+00:00,stable,4.409254,200,True,False
9a2d49d0,2026-09-22T06:50:06.655134+00:00,stable,4.073477,200,True,False
9a2d49d0,2026-09-22T06:50:06.689731+00:00,stable,4.356608,200,True,False
9a2d49d0,2026-09-22T06:50:06.722434+00:00,stable,4.458949,200,True,False
9a2d49d0,2026-09-22T06:50:06.756317+00:00,stable,4.386531,200,True,False
9a2d49d0,2026-09-22T06:50:06.787914+00:00,stable,3.417602,200,True,False
9a2d49d0,2026-09-22T06:50:06.820973+00:00,stable,3.01332,200,True,False
9a2d49d0,2026-09-22T06:50:06.855297+00:00,stable,3.664788,200,True,False
9a2d49d0,2026-09-22T06:50:06.888437+00:00,stable,3.657492,200,True,False
9a2d49d0,2026-09-22T06:50:06.921376+00:00,stable,2.937339,200,True,False
9a2d49d0,2026-09-22T06:50:06.954465+00:00,stable,3.595014,200,True,False
9a2d49d0,2026-09-22T06:50:06.987551+00:00,stable,2.98776,200,True,False
9a2d49d0,2026-09-22T06:50:07.021152+00:00,stable,2.895276,200,True,False
9a2d49d0,2026-09-22T06:50:07.058671+00:00,stable,6.958683,200,True,False
9a2d49d0,2026-09-22T06:50:07.088598+00:00,stable,3.812313,200,True,False
9a2d49d0,2026-09-22T06:50:07.120959+00:00,stable,2.700857,200,True,False
9a2d49d0,2026-09-22T06:50:07.157327+00:00,stable,5.753066,200,True,False
9a2d49d0,2026-09-22T06:50:07.189399+00:00,stable,4.117919,200,True,False
9a2d49d0,2026-09-22T06:50:07.223126+00:00,stable,4.808655,200,True,False
9a2d49d0,2026-09-22T06:50:07.258139+00:00,stable,7.007039,200,True,False
9a2d49d0,2026-09-22T06:50:07.289517+00:00,stable,4.257877,200,True,False
9a2d49d0,2026-09-22T06:50:07.322600+00:00,stable,5.05702,200,True,False
9a2d49d0,2026-09-22T06:50:07.356527+00:00,stable,5.283521,200,True,False
9a2d49d0,2026-09-22T06:50:07.387614+00:00,stable,2.808172,200,True,False
9a2d49d0,2026-09-22T06:50:07.421451+00:00,stable,2.984642,200,True,False
9a2d49d0,2026-09-22T06:50:07.453457+00:00,stable,2.579982,200,True,False
9a2d49d0,2026-09-22T06:50:07.487061+00:00,stable,2.649163,200,True,False
9a2d49d0,2026-09-22T06:50:07.520395+00:00,stable,2.674432,200,True,False
9a2d49d0,2026-09-22T06:50:07.553611+00:00,stable,2.517772,200,True,False
9a2d49d0,2026-09-22T06:50:07.586747+00:00,stable,2.466478,200,True,False
9a2d49d0,2026-09-22T06:50:07.621593+00:00,stable,3.303063,200,True,False
9a2d49d0,2026-09-22T06:50:07.654636+00:00,stable,3.597777,200,True,False
9a2d49d0,2026-09-22T06:50:07.688002+00:00,stable,3.353606,200,True,False
9a2d49d0,2026-09-22T06:50:07.721008+00:00,stable,2.976178,200,True,False
9a2d49d0,2026-09-22T06:50:07.754291+00:00,stable,2.827037,200,True,False
9a2d49d0,2026-09-22T06:50:07.787814+00:00,stable,2.831723,200,True,False
9a2d49d0,2026-09-22T06:50:07.820604+00:00,stable,2.984011,200,True,False
9a2d49d0,2026-09-22T06:50:07.853859+00:00,stable,2.811219,200,True,False
9a2d49d0,2026-09-22T06:50:07.887019+00:00,stable,2.4645,200,True,False
9a2d49d0,2026-09-22T06:50:07.922151+00:00,stable,4.5795,200,True,False
9a2d49d0,2026-09-22T06:50:07.957206+00:00,stable,6.238166,200,True,False
9a2d49d0,2026-09-22T06:50:07.989511+00:00,stable,4.390656,200,True,False
9a2d49d0,2026-09-22T06:50:08.021530+00:00,stable,3.976342,200,True,False
9a2d49d0,2026-09-22T06:50:08.056468+00:00,stable,5.298153,200,True,False
9a2d49d0,2026-09-22T06:50:08.089767+00:00,stable,5.263489,200,True,False
9a2d49d0,2026-09-22T06:50:08.124003+00:00,stable,6.358558,200,True,False
9a2d49d0,2026-09-22T06:50:08.157828+00:00,stable,5.966096,200,True,False
9a2d49d0,2026-09-22T06:50:08.189328+00:00,stable,4.900529,200,True,False
9a2d49d0,2026-09-22T06:50:08.224031+00:00,stable,5.580208,200,True,False
9a2d49d0,2026-09-22T06:50:08.258481+00:00,stable,6.494752,200,True,False
9a2d49d0,2026-09-22T06:50:08.290752+00:00,stable,6.224181,200,True,False
9a2d49d0,2026-09-22T06:50:08.323783+00:00,stable,5.860507,200,True,False
9a2d49d0,2026-09-22T06:50:08.359417+00:00,stable,7.475879,200,True,False
9a2d49d0,2026-09-22T06:50:08.389981+00:00,stable,5.013484,200,True,False
9a2d49d0,2026-09-22T06:50:08.420884+00:00,stable,3.188678,200,True,False
9a2d49d0,2026-09-22T06:50:08.457591+00:00,stable,6.208484,200,True,False
9a2d49d0,2026-09-22T06:50:08.492045+00:00,stable,6.943271,200,True,False
9a2d49d0,2026-09-22T06:50:08.521978+00:00,stable,3.620685,200,True,False
9a2d49d0,2026-09-22T06:50:08.554200+00:00,stable,2.78181,200,True,False
9a2d49d0,2026-09-22T06:50:08.588978+00:00,stable,3.527741,200,True,False
9a2d49d0,2026-09-22T06:50:08.621151+00:00,stable,3.521948,200,True,False
9a2d49d0,2026-09-22T06:50:08.657870+00:00,stable,5.868876,200,True,False
9a2d49d0,2026-09-22T06:50:08.690643+00:00,stable,5.382903,200,True,False
9a2d49d0,2026-09-22T06:50:08.724256+00:00,stable,6.619808,200,True,False
9a2d49d0,2026-09-22T06:50:08.758684+00:00,stable,7.371199,200,True,False
9a2d49d0,2026-09-22T06:50:08.791159+00:00,stable,6.490191,200,True,False
9a2d49d0,2026-09-22T06:50:08.822810+00:00,stable,4.454336,200,True,False
9a2d49d0,2026-09-22T06:50:08.854505+00:00,stable,2.943714,200,True,False
9a2d49d0,2026-09-22T06:50:08.888602+00:00,stable,3.981543,200,True,False
9a2d49d0,2026-09-22T06:50:08.923226+00:00,stable,5.404428,200,True,False
9a2d49d0,2026-09-22T06:50:08.957420+00:00,stable,6.448175,200,True,False
9a2d49d0,2026-09-22T06:50:08.992545+00:00,stable,7.260521,200,True,False
9a2d49d0,2026-09-22T06:50:09.023639+00:00,stable,5.95398,200,True,False
9a2d49d0,2026-09-22T06:50:09.054569+00:00,stable,3.189393,200,True,False
9a2d49d0,2026-09-22T06:50:09.089348+00:00,stable,3.22264,200,True,False
9a2d49d0,2026-09-22T06:50:09.120582+00:00,stable,2.721542,200,True,False
9a2d49d0,2026-09-22T06:50:09.154219+00:00,stable,2.921513,200,True,False
9a2d49d0,2026-09-22T06:50:09.187592+00:00,stable,2.620635,200,True,False
9a2d49d0,2026-09-22T06:50:09.221546+00:00,stable,3.180749,200,True,False
9a2d49d0,2026-09-22T06:50:09.253761+00:00,stable,2.898924,200,True,False
9a2d49d0,2026-09-22T06:50:09.287424+00:00,stable,2.981747,200,True,False
9a2d49d0,2026-09-22T06:50:09.321147+00:00,stable,2.876408,200,True,False
9a2d49d0,2026-09-22T06:50:09.356707+00:00,stable,4.934543,200,True,False
9a2d49d0,2026-09-22T06:50:09.389882+00:00,stable,5.284865,200,True,False
9a2d49d0,2026-09-22T06:50:09.424702+00:00,stable,6.939852,200,True,False
9a2d49d0,2026-09-22T06:50:09.455048+00:00,stable,3.797514,200,True,False
9a2d49d0,2026-09-22T06:50:09.488084+00:00,stable,3.337922,200,True,False
9a2d49d0,2026-09-22T06:50:09.524389+00:00,stable,6.34703,200,True,False
9a2d49d0,2026-09-22T06:50:09.556178+00:00,stable,4.249271,200,True,False
9a2d49d0,2026-09-22T06:50:09.590201+00:00,stable,5.157992,200,True,False
9a2d49d0,2026-09-22T06:50:09.621776+00:00,stable,3.963569,200,True,False
9a2d49d0,2026-09-22T06:50:09.654487+00:00,stable,3.150268,200,True,False
9a2d49d0,2026-09-22T06:50:09.687940+00:00,stable,3.773459,200,True,False
9a2d49d0,2026-09-22T06:50:09.722576+00:00,stable,4.76433,200,True,False
9a2d49d0,2026-09-22T06:50:09.755592+00:00,stable,4.685186,200,True,False
9a2d49d0,2026-09-22T06:50:09.787369+00:00,stable,2.884688,200,True,False
9a2d49d0,2026-09-22T06:50:09.820940+00:00,stable,2.798295,200,True,False
9a2d49d0,2026-09-22T06:50:09.854303+00:00,stable,2.952641,200,True,False
9a2d49d0,2026-09-22T06:50:09.888438+00:00,stable,3.29589,200,True,False
9a2d49d0,2026-09-22T06:50:09.920792+00:00,stable,2.941205,200,True,False
9a2d49d0,2026-09-22T06:50:09.954312+00:00,stable,2.887163,200,True,False
9a2d49d0,2026-09-22T06:50:09.988164+00:00,stable,3.105111,200,True,False
9a2d49d0,2026-09-22T06:50:10.020978+00:00,stable,2.990553,200,True,False
9a2d49d0,2026-09-22T06:50:10.054378+00:00,stable,3.045879,200,True,False
9a2d49d0,2026-09-22T06:50:10.087684+00:00,stable,2.870607,200,True,False
9a2d49d0,2026-09-22T06:50:10.121469+00:00,stable,3.185435,200,True,False
9a2d49d0,2026-09-22T06:50:10.154352+00:00,stable,3.14177,200,True,False
9a2d49d0,2026-09-22T06:50:10.187276+00:00,stable,2.860817,200,True,False
9a2d49d0,2026-09-22T06:50:10.221229+00:00,stable,3.011767,200,True,False
9a2d49d0,2026-09-22T06:50:10.254936+00:00,stable,3.155891,200,True,False
9a2d49d0,2026-09-22T06:50:10.287569+00:00,stable,2.855963,200,True,False
9a2d49d0,2026-09-22T06:50:10.321160+00:00,stable,2.900586,200,True,False
9a2d49d0,2026-09-22T06:50:10.354584+00:00,stable,2.978201,200,True,False
9a2d49d0,2026-09-22T06:50:10.389735+00:00,stable,5.339903,200,True,False
9a2d49d0,2026-09-22T06:50:10.424959+00:00,stable,6.972652,200,True,False
9a2d49d0,2026-09-22T06:50:10.455797+00:00,stable,4.326834,200,True,False
9a2d49d0,2026-09-22T06:50:10.489976+00:00,stable,5.58672,200,True,False
9a2d49d0,2026-09-22T06:50:10.522065+00:00,stable,3.718979,200,True,False
9a2d49d0,2026-09-22T06:50:10.558685+00:00,stable,7.599496,200,True,False
9a2d49d0,2026-09-22T06:50:10.591138+00:00,stable,5.941318,200,True,False
9a2d49d0,2026-09-22T06:50:10.623139+00:00,stable,4.759352,200,True,False
9a2d49d0,2026-09-22T06:50:10.657990+00:00,stable,6.141478,200,True,False
9a2d49d0,2026-09-22T06:50:10.691989+00:00,stable,6.5448,200,True,False
9a2d49d0,2026-09-22T06:50:10.721946+00:00,stable,3.928231,200,True,False
9a2d49d0,2026-09-22T06:50:10.757935+00:00,stable,5.709726,200,True,False
9a2d49d0,2026-09-22T06:50:10.792214+00:00,stable,6.969553,200,True,False
9a2d49d0,2026-09-22T06:50:10.823566+00:00,stable,5.814773,200,True,False
9a2d49d0,2026-09-22T06:50:10.853831+00:00,stable,2.989133,200,True,False
9a2d49d0,2026-09-22T06:50:10.887321+00:00,stable,2.935241,200,True,False
9a2d49d0,2026-09-22T06:50:10.920640+00:00,stable,2.790963,200,True,False
9a2d49d0,2026-09-22T06:50:10.954285+00:00,stable,3.05988,200,True,False
9a2d49d0,2026-09-22T06:50:10.987936+00:00,stable,2.861663,200,True,False
9a2d49d0,2026-09-22T06:50:11.020692+00:00,stable,2.96068,200,True,False
9a2d49d0,2026-09-22T06:50:11.054687+00:00,stable,3.297813,200,True,False
9a2d49d0,2026-09-22T06:50:11.087429+00:00,stable,3.047931,200,True,False
9a2d49d0,2026-09-22T06:50:11.121387+00:00,stable,3.304739,200,True,False
9a2d49d0,2026-09-22T06:50:11.156950+00:00,stable,5.996911,200,True,False
9a2d49d0,2026-09-22T06:50:11.189924+00:00,stable,4.86937,200,True,False
9a2d49d0,2026-09-22T06:50:11.221647+00:00,stable,4.018716,200,True,False
9a2d49d0,2026-09-22T06:50:11.253989+00:00,stable,3.031466,200,True,False
9a2d49d0,2026-09-22T06:50:11.292151+00:00,stable,7.50683,200,True,False
9a2d49d0,2026-09-22T06:50:11.320601+00:00,stable,2.859162,200,True,False
9a2d49d0,2026-09-22T06:50:11.356793+00:00,stable,5.857127,200,True,False
9a2d49d0,2026-09-22T06:50:11.388826+00:00,stable,4.565055,200,True,False
9a2d49d0,2026-09-22T06:50:11.423502+00:00,stable,5.701051,200,True,False
9a2d49d0,2026-09-22T06:50:11.459080+00:00,stable,7.865362,200,True,False
9a2d49d0,2026-09-22T06:50:11.488429+00:00,stable,3.407977,200,True,False
9a2d49d0,2026-09-22T06:50:11.521242+00:00,stable,3.033905,200,True,False
9a2d49d0,2026-09-22T06:50:11.554655+00:00,stable,3.010183,200,True,False
9a2d49d0,2026-09-22T06:50:11.588705+00:00,stable,4.2172,200,True,False
9a2d49d0,2026-09-22T06:50:11.623627+00:00,stable,5.501341,200,True,False
9a2d49d0,2026-09-22T06:50:11.656425+00:00,stable,4.733378,200,True,False
9a2d49d0,2026-09-22T06:50:11.691791+00:00,stable,7.148259,200,True,False
9a2d49d0,2026-09-22T06:50:11.724762+00:00,stable,6.423994,200,True,False
9a2d49d0,2026-09-22T06:50:11.756803+00:00,stable,5.050745,200,True,False
9a2d49d0,2026-09-22T06:50:11.790299+00:00,stable,5.002366,200,True,False
9a2d49d0,2026-09-22T06:50:11.822109+00:00,stable,3.899106,200,True,False
9a2d49d0,2026-09-22T06:50:11.854788+00:00,stable,3.088145,200,True,False
9a2d49d0,2026-09-22T06:50:11.888529+00:00,stable,3.756684,200,True,False
9a2d49d0,2026-09-22T06:50:11.920553+00:00,stable,2.935929,200,True,False
9a2d49d0,2026-09-22T06:50:11.953934+00:00,stable,3.079556,200,True,False
9a2d49d0,2026-09-22T06:50:11.987830+00:00,stable,2.992418,200,True,False
9a2d49d0,2026-09-22T06:50:12.020843+00:00,stable,3.125264,200,True,False
9a2d49d0,2026-09-22T06:50:12.054438+00:00,stable,3.04119,200,True,False
9a2d49d0,2026-09-22T06:50:12.088290+00:00,stable,3.141425,200,True,False
9a2d49d0,2026-09-22T06:50:12.120715+00:00,stable,3.31642,200,True,False
9a2d49d0,2026-09-22T06:50:12.155270+00:00,stable,4.015004,200,True,False
9a2d49d0,2026-09-22T06:50:12.190535+00:00,stable,5.170142,200,True,False
9a2d49d0,2026-09-22T06:50:12.222709+00:00,stable,4.941528,200,True,False
9a2d49d0,2026-09-22T06:50:12.258550+00:00,stable,7.007077,200,True,False
9a2d49d0,2026-09-22T06:50:12.289963+00:00,stable,5.478187,200,True,False
9a2d49d0,2026-09-22T06:50:12.325599+00:00,stable,7.213634,200,True,False
9a2d49d0,2026-09-22T06:50:12.357801+00:00,stable,6.405348,200,True,False
9a2d49d0,2026-09-22T06:50:12.388495+00:00,stable,3.361777,200,True,False
9a2d49d0,2026-09-22T06:50:12.422022+00:00,stable,3.532792,200,True,False
9a2d49d0,2026-09-22T06:50:12.454328+00:00,stable,3.341772,200,True,False
9a2d49d0,2026-09-22T06:50:12.488078+00:00,stable,2.975344,200,True,False
9a2d49d0,2026-09-22T06:50:12.520677+00:00,stable,3.00211,200,True,False
9a2d49d0,2026-09-22T06:50:12.554655+00:00,stable,3.086379,200,True,False
9a2d49d0,2026-09-22T06:50:12.587990+00:00,stable,3.497716,200,True,False
9a2d49d0,2026-09-22T06:50:12.620573+00:00,stable,2.931649,200,True,False
9a2d49d0,2026-09-22T06:50:12.653815+00:00,stable,2.862512,200,True,False
9a2d49d0,2026-09-22T06:50:12.688216+00:00,stable,3.374933,200,True,False
9a2d49d0,2026-09-22T06:50:12.722371+00:00,stable,4.203474,200,True,False
9a2d49d0,2026-09-22T06:50:12.759608+00:00,stable,7.21724,200,True,False
9a2d49d0,2026-09-22T06:50:12.792455+00:00,stable,7.2827,200,True,False
9a2d49d0,2026-09-22T06:50:12.821565+00:00,stable,3.096194,200,True,False
9a2d49d0,2026-09-22T06:50:12.857503+00:00,stable,5.865607,200,True,False
9a2d49d0,2026-09-22T06:50:12.890439+00:00,stable,5.809696,200,True,False
9a2d49d0,2026-09-22T06:50:12.924218+00:00,stable,6.31246,200,True,False
9a2d49d0,2026-09-22T06:50:12.958259+00:00,stable,6.245472,200,True,False
9a2d49d0,2026-09-22T06:50:12.991883+00:00,stable,6.558907,200,True,False
9a2d49d0,2026-09-22T06:50:13.022297+00:00,stable,3.752352,200,True,False
9a2d49d0,2026-09-22T06:50:13.058264+00:00,stable,6.049214,200,True,False
9a2d49d0,2026-09-22T06:50:13.089244+00:00,stable,4.354915,200,True,False
9a2d49d0,2026-09-22T06:50:13.129772+00:00,stable,11.594411,200,True,False
9a2d49d0,2026-09-22T06:50:13.156820+00:00,stable,5.206361,200,True,False
9a2d49d0,2026-09-22T06:50:13.191907+00:00,stable,6.521107,200,True,False
9a2d49d0,2026-09-22T06:50:13.225905+00:00,stable,7.46783,200,True,False
9a2d49d0,2026-09-22T06:50:13.258734+00:00,stable,6.376469,200,True,False
9a2d49d0,2026-09-22T06:50:13.291825+00:00,stable,6.438764,200,True,False
9a2d49d0,2026-09-22T06:50:13.325665+00:00,stable,6.906299,200,True,False
9a2d49d0,2026-09-22T06:50:13.359234+00:00,stable,7.913633,200,True,False
9a2d49d0,2026-09-22T06:50:13.390077+00:00,stable,5.449818,200,True,False
9a2d49d0,2026-09-22T06:50:13.420969+00:00,stable,2.977013,200,True,False
9a2d49d0,2026-09-22T06:50:13.455009+00:00,stable,3.460717,200,True,False
9a2d49d0,2026-09-22T06:50:13.491447+00:00,stable,6.126999,200,True,False
9a2d49d0,2026-09-22T06:50:13.525612+00:00,stable,7.282187,200,True,False
9a2d49d0,2026-09-22T06:50:13.560447+00:00,stable,8.029078,200,True,False
9a2d49d0,2026-09-22T06:50:13.592614+00:00,stable,7.256215,200,True,False
9a2d49d0,2026-09-22T06:50:13.624826+00:00,stable,6.779452,200,True,False
9a2d49d0,2026-09-22T06:50:13.659096+00:00,stable,7.166002,200,True,False
9a2d49d0,2026-09-22T06:50:13.689370+00:00,stable,4.606849,200,True,False
9a2d49d0,2026-09-22T06:50:13.723286+00:00,stable,4.840637,200,True,False
9a2d49d0,2026-09-22T06:50:13.759328+00:00,stable,6.880155,200,True,False
9a2d49d0,2026-09-22T06:50:13.789258+00:00,stable,4.195882,200,True,False
9a2d49d0,2026-09-22T06:50:13.825649+00:00,stable,7.016182,200,True,False
9a2d49d0,2026-09-22T06:50:13.856040+00:00,stable,4.727347,200,True,False
9a2d49d0,2026-09-22T06:50:13.887457+00:00,stable,2.833131,200,True,False
9a2d49d0,2026-09-22T06:50:13.921192+00:00,stable,2.588601,200,True,False
9a2d49d0,2026-09-22T06:50:13.955723+00:00,stable,3.903734,200,True,False
9a2d49d0,2026-09-22T06:50:13.989378+00:00,stable,4.428747,200,True,False
9a2d49d0,2026-09-22T06:50:14.023902+00:00,stable,5.481874,200,True,False
9a2d49d0,2026-09-22T06:50:14.056840+00:00,stable,5.325124,200,True,False
9a2d49d0,2026-09-22T06:50:14.088015+00:00,stable,3.245986,200,True,False
9a2d49d0,2026-09-22T06:50:14.121096+00:00,stable,3.134014,200,True,False
9a2d49d0,2026-09-22T06:50:14.154866+00:00,stable,2.943469,200,True,False
9a2d49d0,2026-09-22T06:50:14.187402+00:00,stable,2.860519,200,True,False
9a2d49d0,2026-09-22T06:50:14.221084+00:00,stable,2.832355,200,True,False
9a2d49d0,2026-09-22T06:50:14.254757+00:00,stable,3.104505,200,True,False
9a2d49d0,2026-09-22T06:50:14.287886+00:00,stable,3.400748,200,True,False
9a2d49d0,2026-09-22T06:50:14.320326+00:00,stable,2.710556,200,True,False
9a2d49d0,2026-09-22T06:50:14.353871+00:00,stable,3.038833,200,True,False
9a2d49d0,2026-09-22T06:50:14.387530+00:00,stable,2.76631,200,True,False
9a2d49d0,2026-09-22T06:50:14.421406+00:00,stable,2.951229,200,True,False
9a2d49d0,2026-09-22T06:50:14.454459+00:00,stable,3.397099,200,True,False
9a2d49d0,2026-09-22T06:50:14.489113+00:00,stable,4.411166,200,True,False
9a2d49d0,2026-09-22T06:50:14.522215+00:00,stable,4.450906,200,True,False
9a2d49d0,2026-09-22T06:50:14.554991+00:00,stable,4.0364,200,True,False
9a2d49d0,2026-09-22T06:50:14.589602+00:00,stable,4.632174,200,True,False
9a2d49d0,2026-09-22T06:50:14.622141+00:00,stable,3.585501,200,True,False
9a2d49d0,2026-09-22T06:50:14.654923+00:00,stable,3.436189,200,True,False
9a2d49d0,2026-09-22T06:50:14.688730+00:00,stable,4.039578,200,True,False
9a2d49d0,2026-09-22T06:50:14.720801+00:00,stable,3.122345,200,True,False
9a2d49d0,2026-09-22T06:50:14.756927+00:00,stable,5.866367,200,True,False
9a2d49d0,2026-09-22T06:50:14.790430+00:00,stable,5.576168,200,True,False
9a2d49d0,2026-09-22T06:50:14.823977+00:00,stable,5.951036,200,True,False
9a2d49d0,2026-09-22T06:50:14.858642+00:00,stable,6.61143,200,True,False
9a2d49d0,2026-09-22T06:50:14.887268+00:00,stable,2.793369,200,True,False
9a2d49d0,2026-09-22T06:50:14.921261+00:00,stable,3.104453,200,True,False
9a2d49d0,2026-09-22T06:50:14.957302+00:00,stable,6.368612,200,True,False
9a2d49d0,2026-09-22T06:50:14.987126+00:00,stable,2.779079,200,True,False
9a2d49d0,2026-09-22T06:50:15.020472+00:00,stable,2.847494,200,True,False
9a2d49d0,2026-09-22T06:50:15.057562+00:00,stable,6.432894,200,True,False
9a2d49d0,2026-09-22T06:50:15.089212+00:00,stable,4.408635,200,True,False
9a2d49d0,2026-09-22T06:50:15.123279+00:00,stable,5.020991,200,True,False
9a2d49d0,2026-09-22T06:50:15.154664+00:00,stable,2.907296,200,True,False
9a2d49d0,2026-09-22T06:50:15.190115+00:00,stable,5.532607,200,True,False
9a2d49d0,2026-09-22T06:50:15.224643+00:00,stable,6.312846,200,True,False
9a2d49d0,2026-09-22T06:50:15.258598+00:00,stable,7.037629,200,True,False
9a2d49d0,2026-09-22T06:50:15.289397+00:00,stable,4.614828,200,True,False
9a2d49d0,2026-09-22T06:50:15.324504+00:00,stable,6.077803,200,True,False
9a2d49d0,2026-09-22T06:50:15.358572+00:00,stable,7.333821,200,True,False
9a2d49d0,2026-09-22T06:50:15.389376+00:00,stable,3.839163,200,True,False
9a2d49d0,2026-09-22T06:50:15.423253+00:00,stable,5.00106,200,True,False
9a2d49d0,2026-09-22T06:50:15.457367+00:00,stable,6.130118,200,True,False
9a2d49d0,2026-09-22T06:50:15.490167+00:00,stable,5.225056,200,True,False
9a2d49d0,2026-09-22T06:50:15.524800+00:00,stable,6.466235,200,True,False
9a2d49d0,2026-09-22T06:50:15.555511+00:00,stable,4.206372,200,True,False
9a2d49d0,2026-09-22T06:50:15.588846+00:00,stable,4.312398,200,True,False
9a2d49d0,2026-09-22T06:50:15.624231+00:00,stable,6.193603,200,True,False
9a2d49d0,2026-09-22T06:50:15.658589+00:00,stable,7.25069,200,True,False
9a2d49d0,2026-09-22T06:50:15.689401+00:00,stable,4.628853,200,True,False
9a2d49d0,2026-09-22T06:50:15.720969+00:00,stable,2.848018,200,True,False
9a2d49d0,2026-09-22T06:50:15.754532+00:00,stable,3.216414,200,True,False
9a2d49d0,2026-09-22T06:50:15.787457+00:00,stable,2.835313,200,True,False
9a2d49d0,2026-09-22T06:50:15.820748+00:00,stable,2.613221,200,True,False
9a2d49d0,2026-09-22T06:50:15.853845+00:00,stable,2.665799,200,True,False
9a2d49d0,2026-09-22T06:50:15.887408+00:00,stable,2.847075,200,True,False
9a2d49d0,2026-09-22T06:50:15.921163+00:00,stable,2.714236,200,True,False
9a2d49d0,2026-09-22T06:50:15.954338+00:00,stable,2.805041,200,True,False
9a2d49d0,2026-09-22T06:50:15.986788+00:00,stable,2.619607,200,True,False
9a2d49d0,2026-09-22T06:50:16.020949+00:00,stable,2.497342,200,True,False
9a2d49d0,2026-09-22T06:50:16.056738+00:00,stable,5.140185,200,True,False
9a2d49d0,2026-09-22T06:50:16.090269+00:00,stable,5.243848,200,True,False
9a2d49d0,2026-09-22T06:50:16.123969+00:00,stable,5.475337,200,True,False
9a2d49d0,2026-09-22T06:50:16.158713+00:00,stable,7.002859,200,True,False
9a2d49d0,2026-09-22T06:50:16.190000+00:00,stable,4.926736,200,True,False
9a2d49d0,2026-09-22T06:50:16.223113+00:00,stable,5.285147,200,True,False
9a2d49d0,2026-09-22T06:50:16.256674+00:00,stable,4.853709,200,True,False
9a2d49d0,2026-09-22T06:50:16.291036+00:00,stable,6.198144,200,True,False
9a2d49d0,2026-09-22T06:50:16.323638+00:00,stable,5.883674,200,True,False
9a2d49d0,2026-09-22T06:50:16.357457+00:00,stable,5.914332,200,True,False
9a2d49d0,2026-09-22T06:50:16.388549+00:00,stable,3.577632,200,True,False
9a2d49d0,2026-09-22T06:50:16.421355+00:00,stable,3.142686,200,True,False
9a2d49d0,2026-09-22T06:50:16.455762+00:00,stable,4.828997,200,True,False
9a2d49d0,2026-09-22T06:50:16.489913+00:00,stable,5.107275,200,True,False
9a2d49d0,2026-09-22T06:50:16.524445+00:00,stable,6.287679,200,True,False
9a2d49d0,2026-09-22T06:50:16.557339+00:00,stable,6.239474,200,True,False
9a2d49d0,2026-09-22T06:50:16.586950+00:00,stable,2.504887,200,True,False
9a2d49d0,2026-09-22T06:50:16.623329+00:00,stable,5.43411,200,True,False
9a2d49d0,2026-09-22T06:50:16.658706+00:00,stable,6.663016,200,True,False
9a2d49d0,2026-09-22T06:50:16.687513+00:00,stable,2.759253,200,True,False
9a2d49d0,2026-09-22T06:50:16.720916+00:00,stable,2.717521,200,True,False
9a2d49d0,2026-09-22T06:50:16.753922+00:00,stable,2.602693,200,True,False
9a2d49d0,2026-09-22T06:50:16.787766+00:00,stable,2.888084,200,True,False
9a2d49d0,2026-09-22T06:50:16.821150+00:00,stable,2.846252,200,True,False
9a2d49d0,2026-09-22T06:50:16.857432+00:00,stable,5.561696,200,True,False
9a2d49d0,2026-09-22T06:50:16.888672+00:00,stable,3.967445,200,True,False
9a2d49d0,2026-09-22T06:50:16.922275+00:00,stable,4.647344,200,True,False
9a2d49d0,2026-09-22T06:50:16.961593+00:00,stable,9.532228,200,True,False
9a2d49d0,2026-09-22T06:50:16.987436+00:00,stable,2.7571,200,True,False
9a2d49d0,2026-09-22T06:50:17.021341+00:00,stable,3.032891,200,True,False
9a2d49d0,2026-09-22T06:50:17.057339+00:00,stable,5.946619,200,True,False
9a2d49d0,2026-09-22T06:50:17.091293+00:00,stable,5.882175,200,True,False
9a2d49d0,2026-09-22T06:50:17.123718+00:00,stable,5.272353,200,True,False
9a2d49d0,2026-09-22T06:50:17.155570+00:00,stable,4.214156,200,True,False
9a2d49d0,2026-09-22T06:50:17.186918+00:00,stable,2.476853,200,True,False
9a2d49d0,2026-09-22T06:50:17.223628+00:00,stable,5.754049,200,True,False
9a2d49d0,2026-09-22T06:50:17.256081+00:00,stable,4.786494,200,True,False
9a2d49d0,2026-09-22T06:50:17.289686+00:00,stable,4.810542,200,True,False
9a2d49d0,2026-09-22T06:50:17.324234+00:00,stable,6.512697,200,True,False
9a2d49d0,2026-09-22T06:50:17.356150+00:00,stable,4.94668,200,True,False
9a2d49d0,2026-09-22T06:50:17.387221+00:00,stable,3.129626,200,True,False
9a2d49d0,2026-09-22T06:50:17.420789+00:00,stable,2.734616,200,True,False
9a2d49d0,2026-09-22T06:50:17.454214+00:00,stable,3.096994,200,True,False
9a2d49d0,2026-09-22T06:50:17.486812+00:00,stable,2.583844,200,True,False
9a2d49d0,2026-09-22T06:50:17.524039+00:00,stable,6.061068,200,True,False
9a2d49d0,2026-09-22T06:50:17.557657+00:00,stable,6.312458,200,True,False
9a2d49d0,2026-09-22T06:50:17.588499+00:00,stable,3.722093,200,True,False
9a2d49d0,2026-09-22T06:50:17.624496+00:00,stable,6.884612,200,True,False
9a2d49d0,2026-09-22T06:50:17.657677+00:00,stable,6.161296,200,True,False
9a2d49d0,2026-09-22T06:50:17.687399+00:00,stable,2.876374,200,True,False
9a2d49d0,2026-09-22T06:50:17.720593+00:00,stable,2.992026,200,True,False
9a2d49d0,2026-09-22T06:50:17.754124+00:00,stable,3.181233,200,True,False
9a2d49d0,2026-09-22T06:50:17.787963+00:00,stable,3.622156,200,True,False
9a2d49d0,2026-09-22T06:50:17.820419+00:00,stable,2.811402,200,True,False
9a2d49d0,2026-09-22T06:50:17.856694+00:00,stable,4.864249,200,True,False
9a2d49d0,2026-09-22T06:50:17.888542+00:00,stable,3.890324,200,True,False
9a2d49d0,2026-09-22T06:50:17.924250+00:00,stable,6.181251,200,True,False
9a2d49d0,2026-09-22T06:50:17.957500+00:00,stable,5.655251,200,True,False
9a2d49d0,2026-09-22T06:50:17.988341+00:00,stable,3.356998,200,True,False
9a2d49d0,2026-09-22T06:50:18.021712+00:00,stable,3.389333,200,True,False
9a2d49d0,2026-09-22T06:50:18.054436+00:00,stable,3.300613,200,True,False
9a2d49d0,2026-09-22T06:50:18.088201+00:00,stable,3.300714,200,True,False
9a2d49d0,2026-09-22T06:50:18.123963+00:00,stable,6.227153,200,True,False
9a2d49d0,2026-09-22T06:50:18.155863+00:00,stable,4.240759,200,True,False
9a2d49d0,2026-09-22T06:50:18.188726+00:00,stable,3.921063,200,True,False
9a2d49d0,2026-09-22T06:50:18.224322+00:00,stable,6.450652,200,True,False
9a2d49d0,2026-09-22T06:50:18.255841+00:00,stable,4.825355,200,True,False
9a2d49d0,2026-09-22T06:50:18.289706+00:00,stable,4.901128,200,True,False
9a2d49d0,2026-09-22T06:50:18.321101+00:00,stable,3.532085,200,True,False
9a2d49d0,2026-09-22T06:50:18.354655+00:00,stable,3.06817,200,True,False
9a2d49d0,2026-09-22T06:50:18.387169+00:00,stable,2.466705,200,True,False
9a2d49d0,2026-09-22T06:50:18.420597+00:00,stable,2.742286,200,True,False
9a2d49d0,2026-09-22T06:50:18.453668+00:00,stable,2.647269,200,True,False
9a2d49d0,2026-09-22T06:50:18.486959+00:00,stable,2.638114,200,True,False
9a2d49d0,2026-09-22T06:50:18.520534+00:00,stable,2.763979,200,True,False
9a2d49d0,2026-09-22T06:50:18.553484+00:00,stable,2.691491,200,True,False
9a2d49d0,2026-09-22T06:50:18.586705+00:00,stable,2.475566,200,True,False
9a2d49d0,2026-09-22T06:50:18.621095+00:00,stable,2.655715,200,True,False
9a2d49d0,2026-09-22T06:50:18.653857+00:00,stable,2.702404,200,True,False
9a2d49d0,2026-09-22T06:50:18.687503+00:00,stable,2.704369,200,True,False
9a2d49d0,2026-09-22T06:50:18.721380+00:00,stable,3.213202,200,True,False
9a2d49d0,2026-09-22T06:50:18.754219+00:00,stable,3.324715,200,True,False
9a2d49d0,2026-09-22T06:50:18.790278+00:00,stable,5.712916,200,True,False
9a2d49d0,2026-09-22T06:50:18.824087+00:00,stable,5.63088,200,True,False
9a2d49d0,2026-09-22T06:50:18.857023+00:00,stable,5.96192,200,True,False
9a2d49d0,2026-09-22T06:50:18.890454+00:00,stable,5.278572,200,True,False
9a2d49d0,2026-09-22T06:50:18.923160+00:00,stable,4.651389,200,True,False
9a2d49d0,2026-09-22T06:50:18.957637+00:00,stable,6.125769,200,True,False
9a2d49d0,2026-09-22T06:50:18.989617+00:00,stable,4.552582,200,True,False
9a2d49d0,2026-09-22T06:50:19.021903+00:00,stable,4.093711,200,True,False
9a2d49d0,2026-09-22T06:50:19.054720+00:00,stable,2.959555,200,True,False
9a2d49d0,2026-09-22T06:50:19.087285+00:00,stable,2.750361,200,True,False
9a2d49d0,2026-09-22T06:50:19.120935+00:00,stable,2.850585,200,True,False
9a2d49d0,2026-09-22T06:50:19.154043+00:00,stable,2.746155,200,True,False
9a2d49d0,2026-09-22T06:50:19.188543+00:00,stable,2.930784,200,True,False
9a2d49d0,2026-09-22T06:50:19.221199+00:00,stable,2.748356,200,True,False
9a2d49d0,2026-09-22T06:50:19.254354+00:00,stable,2.663589,200,True,False
9a2d49d0,2026-09-22T06:50:19.287288+00:00,stable,2.742865,200,True,False
9a2d49d0,2026-09-22T06:50:19.322922+00:00,stable,4.724225,200,True,False
9a2d49d0,2026-09-22T06:50:19.357701+00:00,stable,5.680138,200,True,False
9a2d49d0,2026-09-22T06:50:19.387512+00:00,stable,2.602935,200,True,False
9a2d49d0,2026-09-22T06:50:19.421078+00:00,stable,2.60064,200,True,False
9a2d49d0,2026-09-22T06:50:19.456020+00:00,stable,4.975046,200,True,False
9a2d49d0,2026-09-22T06:50:19.488984+00:00,stable,3.575236,200,True,False
9a2d49d0,2026-09-22T06:50:19.521023+00:00,stable,3.243945,200,True,False
9a2d49d0,2026-09-22T06:50:19.556361+00:00,stable,4.510736,200,True,False
9a2d49d0,2026-09-22T06:50:19.587597+00:00,stable,3.222072,200,True,False
9a2d49d0,2026-09-22T06:50:19.622823+00:00,stable,4.247469,200,True,False
9a2d49d0,2026-09-22T06:50:19.656420+00:00,stable,4.874663,200,True,False
9a2d49d0,2026-09-22T06:50:19.687077+00:00,stable,2.683622,200,True,False
9a2d49d0,2026-09-22T06:50:19.722434+00:00,stable,4.185447,200,True,False
9a2d49d0,2026-09-22T06:50:19.758271+00:00,stable,6.329391,200,True,False
9a2d49d0,2026-09-22T06:50:19.788905+00:00,stable,4.239146,200,True,False
9a2d49d0,2026-09-22T06:50:19.820428+00:00,stable,2.763572,200,True,False
9a2d49d0,2026-09-22T06:50:19.854770+00:00,stable,2.878774,200,True,False
9a2d49d0,2026-09-22T06:50:19.887276+00:00,stable,2.560729,200,True,False
9a2d49d0,2026-09-22T06:50:19.920714+00:00,stable,2.573836,200,True,False
9a2d49d0,2026-09-22T06:50:19.954473+00:00,stable,3.089313,200,True,False
9a2d49d0,2026-09-22T06:50:19.988076+00:00,stable,2.835283,200,True,False
9a2d49d0,2026-09-22T06:50:20.020600+00:00,stable,2.904123,200,True,False
9a2d49d0,2026-09-22T06:50:20.056296+00:00,stable,4.924597,200,True,False
9a2d49d0,2026-09-22T06:50:20.087814+00:00,stable,2.959676,200,True,False
9a2d49d0,2026-09-22T06:50:20.120433+00:00,stable,2.675859,200,True,False
9a2d49d0,2026-09-22T06:50:20.154725+00:00,stable,3.866238,200,True,False
9a2d49d0,2026-09-22T06:50:20.188429+00:00,stable,3.962356,200,True,False
9a2d49d0,2026-09-22T06:50:20.224373+00:00,stable,5.864347,200,True,False
9a2d49d0,2026-09-22T06:50:20.257020+00:00,stable,6.017511,200,True,False
9a2d49d0,2026-09-22T06:50:20.291319+00:00,stable,6.227036,200,True,False
9a2d49d0,2026-09-22T06:50:20.323143+00:00,stable,4.70035,200,True,False
9a2d49d0,2026-09-22T06:50:20.356528+00:00,stable,5.624427,200,True,False
9a2d49d0,2026-09-22T06:50:20.389567+00:00,stable,4.582015,200,True,False
9a2d49d0,2026-09-22T06:50:20.423278+00:00,stable,4.820172,200,True,False
9a2d49d0,2026-09-22T06:50:20.457347+00:00,stable,5.387687,200,True,False
9a2d49d0,2026-09-22T06:50:20.489399+00:00,stable,4.232723,200,True,False
9a2d49d0,2026-09-22T06:50:20.522371+00:00,stable,4.202444,200,True,False
9a2d49d0,2026-09-22T06:50:20.556565+00:00,stable,5.557364,200,True,False
9a2d49d0,2026-09-22T06:50:20.587620+00:00,stable,2.863021,200,True,False
9a2d49d0,2026-09-22T06:50:20.621689+00:00,stable,3.935754,200,True,False
9a2d49d0,2026-09-22T06:50:20.657249+00:00,stable,5.852273,200,True,False
9a2d49d0,2026-09-22T06:50:20.690069+00:00,stable,5.62063,200,True,False
9a2d49d0,2026-09-22T06:50:20.721715+00:00,stable,3.992767,200,True,False
9a2d49d0,2026-09-22T06:50:20.755044+00:00,stable,4.132983,200,True,False
9a2d49d0,2026-09-22T06:50:20.787405+00:00,stable,2.51403,200,True,False
9a2d49d0,2026-09-22T06:50:20.822135+00:00,stable,3.7047,200,True,False
9a2d49d0,2026-09-22T06:50:20.854195+00:00,stable,3.207541,200,True,False
9a2d49d0,2026-09-22T06:50:20.889423+00:00,stable,4.475143,200,True,False
9a2d49d0,2026-09-22T06:50:20.922209+00:00,stable,3.617054,200,True,False
9a2d49d0,2026-09-22T06:50:20.957636+00:00,stable,5.677773,200,True,False
9a2d49d0,2026-09-22T06:50:20.990213+00:00,stable,5.490672,200,True,False
9a2d49d0,2026-09-22T06:50:21.022583+00:00,stable,4.223256,200,True,False
9a2d49d0,2026-09-22T06:50:21.056991+00:00,stable,5.817725,200,True,False
9a2d49d0,2026-09-22T06:50:21.088723+00:00,stable,4.329792,200,True,False
9a2d49d0,2026-09-22T06:50:21.122522+00:00,stable,4.901672,200,True,False
9a2d49d0,2026-09-22T06:50:21.153692+00:00,stable,2.828586,200,True,False
9a2d49d0,2026-09-22T06:50:21.189003+00:00,stable,4.145768,200,True,False
9a2d49d0,2026-09-22T06:50:21.220806+00:00,stable,3.061217,200,True,False
9a2d49d0,2026-09-22T06:50:21.255509+00:00,stable,4.142058,200,True,False
9a2d49d0,2026-09-22T06:50:21.286922+00:00,stable,2.750548,200,True,False
9a2d49d0,2026-09-22T06:50:21.320345+00:00,stable,2.677006,200,True,False
9a2d49d0,2026-09-22T06:50:21.357579+00:00,stable,5.511391,200,True,False
9a2d49d0,2026-09-22T06:50:21.388488+00:00,stable,3.796609,200,True,False
9a2d49d0,2026-09-22T06:50:21.422343+00:00,stable,3.813043,200,True,False
9a2d49d0,2026-09-22T06:50:21.456420+00:00,stable,4.44946,200,True,False
9a2d49d0,2026-09-22T06:50:21.488647+00:00,stable,4.013853,200,True,False
9a2d49d0,2026-09-22T06:50:21.522056+00:00,stable,4.243814,200,True,False
9a2d49d0,2026-09-22T06:50:21.556631+00:00,stable,4.923827,200,True,False
9a2d49d0,2026-09-22T06:50:21.589275+00:00,stable,4.148308,200,True,False
9a2d49d0,2026-09-22T06:50:21.623886+00:00,stable,5.510129,200,True,False
9a2d49d0,2026-09-22T06:50:21.654180+00:00,stable,2.752051,200,True,False
9a2d49d0,2026-09-22T06:50:21.687646+00:00,stable,2.820492,200,True,False
9a2d49d0,2026-09-22T06:50:21.720518+00:00,stable,2.707143,200,True,False
9a2d49d0,2026-09-22T06:50:21.753439+00:00,stable,2.601615,200,True,False
9a2d49d0,2026-09-22T06:50:21.787646+00:00,stable,3.483934,200,True,False
9a2d49d0,2026-09-22T06:50:21.819990+00:00,stable,2.530091,200,True,False
9a2d49d0,2026-09-22T06:50:21.854134+00:00,stable,2.604472,200,True,False
9a2d49d0,2026-09-22T06:50:21.887144+00:00,stable,2.479813,200,True,False
9a2d49d0,2026-09-22T06:50:21.920413+00:00,stable,2.638241,200,True,False
9a2d49d0,2026-09-22T06:50:21.954752+00:00,stable,2.893475,200,True,False
9a2d49d0,2026-09-22T06:50:21.987133+00:00,stable,2.506961,200,True,False
9a2d49d0,2026-09-22T06:50:22.020336+00:00,stable,2.691885,200,True,False
9a2d49d0,2026-09-22T06:50:22.054341+00:00,stable,2.639908,200,True,False
9a2d49d0,2026-09-22T06:50:22.087762+00:00,stable,2.857495,200,True,False
9a2d49d0,2026-09-22T06:50:22.120910+00:00,stable,2.491785,200,True,False
9a2d49d0,2026-09-22T06:50:22.153803+00:00,stable,2.563928,200,True,False
9a2d49d0,2026-09-22T06:50:22.187461+00:00,stable,2.658998,200,True,False
9a2d49d0,2026-09-22T06:50:22.220579+00:00,stable,2.575311,200,True,False
9a2d49d0,2026-09-22T06:50:22.253779+00:00,stable,2.918114,200,True,False
9a2d49d0,2026-09-22T06:50:22.287310+00:00,stable,2.666157,200,True,False
9a2d49d0,2026-09-22T06:50:22.323124+00:00,stable,4.974042,200,True,False
9a2d49d0,2026-09-22T06:50:22.354473+00:00,stable,2.844648,200,True,False
9a2d49d0,2026-09-22T06:50:22.386859+00:00,stable,2.678301,200,True,False
9a2d49d0,2026-09-22T06:50:22.420091+00:00,stable,2.565728,200,True,False
9a2d49d0,2026-09-22T06:50:22.454361+00:00,stable,2.880818,200,True,False
9a2d49d0,2026-09-22T06:50:22.487617+00:00,stable,2.575947,200,True,False
9a2d49d0,2026-09-22T06:50:22.520907+00:00,stable,2.587168,200,True,False
9a2d49d0,2026-09-22T06:50:22.553929+00:00,stable,2.683536,200,True,False
9a2d49d0,2026-09-22T06:50:22.587735+00:00,stable,3.041347,200,True,False
9a2d49d0,2026-09-22T06:50:22.621277+00:00,stable,3.785636,200,True,False
9a2d49d0,2026-09-22T06:50:22.652369+00:00,stable,3.437013,200,True,False
9a2d49d0,2026-09-22T06:50:22.684596+00:00,stable,2.506733,200,True,False
9a2d49d0,2026-09-22T06:50:22.717909+00:00,stable,2.686658,200,True,False
9a2d49d0,2026-09-22T06:50:22.751155+00:00,stable,2.885365,200,True,False
9a2d49d0,2026-09-22T06:50:22.784451+00:00,stable,2.648963,200,True,False
9a2d49d0,2026-09-22T06:50:22.817899+00:00,stable,2.838733,200,True,False
9a2d49d0,2026-09-22T06:50:22.851312+00:00,stable,3.082504,200,True,False
9a2d49d0,2026-09-22T06:50:22.884528+00:00,stable,2.633936,200,True,False
9a2d49d0,2026-09-22T06:50:22.917851+00:00,stable,2.677523,200,True,False
9a2d49d0,2026-09-22T06:50:22.950760+00:00,stable,2.566779,200,True,False
9a2d49d0,2026-09-22T06:50:22.984101+00:00,stable,2.643375,200,True,False
9a2d49d0,2026-09-22T06:50:23.017216+00:00,stable,2.469206,200,True,False
9a2d49d0,2026-09-22T06:50:23.054498+00:00,stable,5.527925,200,True,False
9a2d49d0,2026-09-22T06:50:23.086952+00:00,stable,4.613103,200,True,False
9a2d49d0,2026-09-22T06:50:23.120745+00:00,stable,5.866315,200,True,False
9a2d49d0,2026-09-22T06:50:23.154310+00:00,stable,5.587558,200,True,False
9a2d49d0,2026-09-22T06:50:23.186628+00:00,stable,4.358378,200,True,False
9a2d49d0,2026-09-22T06:50:23.219821+00:00,stable,4.051799,200,True,False
9a2d49d0,2026-09-22T06:50:23.251339+00:00,stable,2.652627,200,True,False
9a2d49d0,2026-09-22T06:50:23.285684+00:00,stable,3.713727,200,True,False
9a2d49d0,2026-09-22T06:50:23.320213+00:00,stable,4.569522,200,True,False
9a2d49d0,2026-09-22T06:50:23.355290+00:00,stable,5.884849,200,True,False
9a2d49d0,2026-09-22T06:50:23.384727+00:00,stable,2.6947,200,True,False
9a2d49d0,2026-09-22T06:50:23.417286+00:00,stable,2.519939,200,True,False
9a2d49d0,2026-09-22T06:50:23.454437+00:00,stable,5.230153,200,True,False
9a2d49d0,2026-09-22T06:50:23.485717+00:00,stable,3.384274,200,True,False
9a2d49d0,2026-09-22T06:50:23.521225+00:00,stable,5.424582,200,True,False
9a2d49d0,2026-09-22T06:50:23.554146+00:00,stable,5.123552,200,True,False
9a2d49d0,2026-09-22T06:50:23.585107+00:00,stable,3.026435,200,True,False
9a2d49d0,2026-09-22T06:50:23.620836+00:00,stable,5.706209,200,True,False
9a2d49d0,2026-09-22T06:50:23.654517+00:00,stable,5.972906,200,True,False
9a2d49d0,2026-09-22T06:50:23.685739+00:00,stable,3.773575,200,True,False
9a2d49d0,2026-09-22T06:50:23.720325+00:00,stable,5.50835,200,True,False
9a2d49d0,2026-09-22T06:50:23.753126+00:00,stable,4.977681,200,True,False
9a2d49d0,2026-09-22T06:50:23.785455+00:00,stable,3.943331,200,True,False
9a2d49d0,2026-09-22T06:50:23.819239+00:00,stable,3.912206,200,True,False
9a2d49d0,2026-09-22T06:50:23.851624+00:00,stable,2.620944,200,True,False
9a2d49d0,2026-09-22T06:50:23.885202+00:00,stable,2.717833,200,True,False
9a2d49d0,2026-09-22T06:50:23.919086+00:00,stable,3.968121,200,True,False
9a2d49d0,2026-09-22T06:50:23.950745+00:00,stable,2.566354,200,True,False
9a2d49d0,2026-09-22T06:50:23.984119+00:00,stable,2.702338,200,True,False
9a2d49d0,2026-09-22T06:50:24.017998+00:00,stable,3.359557,200,True,False
9a2d49d0,2026-09-22T06:50:24.054680+00:00,stable,6.000078,200,True,False
9a2d49d0,2026-09-22T06:50:24.085258+00:00,stable,3.550814,200,True,False
9a2d49d0,2026-09-22T06:50:24.120986+00:00,stable,5.570006,200,True,False
9a2d49d0,2026-09-22T06:50:24.154203+00:00,stable,5.554951,200,True,False
9a2d49d0,2026-09-22T06:50:24.192989+00:00,stable,9.820682,200,True,False
9a2d49d0,2026-09-22T06:50:24.218507+00:00,stable,3.636391,200,True,False
9a2d49d0,2026-09-22T06:50:24.253994+00:00,stable,5.611006,200,True,False
9a2d49d0,2026-09-22T06:50:24.284765+00:00,stable,2.89693,200,True,False
9a2d49d0,2026-09-22T06:50:24.317822+00:00,stable,2.503218,200,True,False
9a2d49d0,2026-09-22T06:50:24.352127+00:00,stable,3.652354,200,True,False
9a2d49d0,2026-09-22T06:50:24.385170+00:00,stable,2.935172,200,True,False
9a2d49d0,2026-09-22T06:50:24.418798+00:00,stable,3.999082,200,True,False
9a2d49d0,2026-09-22T06:50:24.453828+00:00,stable,5.073123,200,True,False
9a2d49d0,2026-09-22T06:50:24.487759+00:00,stable,5.719943,200,True,False
9a2d49d0,2026-09-22T06:50:24.520366+00:00,stable,5.3634,200,True,False
9a2d49d0,2026-09-22T06:50:24.551995+00:00,stable,3.732668,200,True,False
9a2d49d0,2026-09-22T06:50:24.586195+00:00,stable,4.430175,200,True,False
9a2d49d0,2026-09-22T06:50:24.619414+00:00,stable,4.24442,200,True,False
9a2d49d0,2026-09-22T06:50:24.652392+00:00,stable,4.254267,200,True,False
9a2d49d0,2026-09-22T06:50:24.684662+00:00,stable,2.544259,200,True,False
9a2d49d0,2026-09-22T06:50:24.718122+00:00,stable,2.549522,200,True,False
9a2d49d0,2026-09-22T06:50:24.753278+00:00,stable,4.685197,200,True,False
9a2d49d0,2026-09-22T06:50:24.787309+00:00,stable,5.125947,200,True,False
9a2d49d0,2026-09-22T06:50:24.822729+00:00,stable,7.083826,200,True,False
9a2d49d0,2026-09-22T06:50:24.852364+00:00,stable,3.655363,200,True,False
9a2d49d0,2026-09-22T06:50:24.885810+00:00,stable,3.755885,200,True,False
9a2d49d0,2026-09-22T06:50:24.919127+00:00,stable,3.544888,200,True,False
9a2d49d0,2026-09-22T06:50:24.953127+00:00,stable,4.278455,200,True,False
9a2d49d0,2026-09-22T06:50:24.984895+00:00,stable,2.709906,200,True,False
9a2d49d0,2026-09-22T06:50:25.017447+00:00,stable,2.604036,200,True,False
9a2d49d0,2026-09-22T06:50:25.052561+00:00,stable,4.436972,200,True,False
9a2d49d0,2026-09-22T06:50:25.086076+00:00,stable,4.522227,200,True,False
9a2d49d0,2026-09-22T06:50:25.119935+00:00,stable,4.765805,200,True,False
9a2d49d0,2026-09-22T06:50:25.153959+00:00,stable,5.044963,200,True,False
9a2d49d0,2026-09-22T06:50:25.187552+00:00,stable,5.147836,200,True,False
9a2d49d0,2026-09-22T06:50:25.220736+00:00,stable,5.147513,200,True,False
9a2d49d0,2026-09-22T06:50:25.252650+00:00,stable,4.051871,200,True,False
9a2d49d0,2026-09-22T06:50:25.287193+00:00,stable,4.915197,200,True,False
9a2d49d0,2026-09-22T06:50:25.320131+00:00,stable,4.299611,200,True,False
9a2d49d0,2026-09-22T06:50:25.351789+00:00,stable,3.102675,200,True,False
9a2d49d0,2026-09-22T06:50:25.384555+00:00,stable,2.621259,200,True,False
9a2d49d0,2026-09-22T06:50:25.418069+00:00,stable,2.618725,200,True,False
9a2d49d0,2026-09-22T06:50:25.452912+00:00,stable,4.002722,200,True,False
9a2d49d0,2026-09-22T06:50:25.487145+00:00,stable,5.188124,200,True,False
9a2d49d0,2026-09-22T06:50:25.518320+00:00,stable,3.387484,200,True,False
9a2d49d0,2026-09-22T06:50:25.554283+00:00,stable,5.210055,200,True,False
9a2d49d0,2026-09-22T06:50:25.585855+00:00,stable,3.382005,200,True,False
9a2d49d0,2026-09-22T06:50:25.618699+00:00,stable,3.072608,200,True,False
9a2d49d0,2026-09-22T06:50:25.650946+00:00,stable,2.62331,200,True,False
9a2d49d0,2026-09-22T06:50:25.684317+00:00,stable,2.622418,200,True,False
9a2d49d0,2026-09-22T06:50:25.718505+00:00,stable,2.914118,200,True,False
9a2d49d0,2026-09-22T06:50:25.750783+00:00,stable,2.649427,200,True,False
9a2d49d0,2026-09-22T06:50:25.784658+00:00,stable,2.726551,200,True,False
9a2d49d0,2026-09-22T06:50:25.817899+00:00,stable,2.6415,200,True,False
9a2d49d0,2026-09-22T06:50:25.851054+00:00,stable,2.712718,200,True,False
9a2d49d0,2026-09-22T06:50:25.884615+00:00,stable,2.586467,200,True,False
9a2d49d0,2026-09-22T06:50:25.917812+00:00,stable,2.47641,200,True,False
9a2d49d0,2026-09-22T06:50:25.953294+00:00,stable,4.846041,200,True,False
9a2d49d0,2026-09-22T06:50:25.984729+00:00,stable,2.604751,200,True,False
9a2d49d0,2026-09-22T06:50:26.018243+00:00,stable,2.793296,200,True,False
9a2d49d0,2026-09-22T06:50:26.051946+00:00,stable,2.908657,200,True,False
9a2d49d0,2026-09-22T06:50:26.084308+00:00,stable,2.453424,200,True,False
9a2d49d0,2026-09-22T06:50:26.117585+00:00,stable,2.666223,200,True,False
9a2d49d0,2026-09-22T06:50:26.151126+00:00,stable,2.906721,200,True,False
9a2d49d0,2026-09-22T06:50:26.184524+00:00,stable,2.637149,200,True,False
9a2d49d0,2026-09-22T06:50:26.220546+00:00,stable,5.049215,200,True,False
9a2d49d0,2026-09-22T06:50:26.253499+00:00,stable,5.175681,200,True,False
9a2d49d0,2026-09-22T06:50:26.286832+00:00,stable,5.300212,200,True,False
9a2d49d0,2026-09-22T06:50:26.321366+00:00,stable,6.241134,200,True,False
9a2d49d0,2026-09-22T06:50:26.351693+00:00,stable,2.828726,200,True,False
9a2d49d0,2026-09-22T06:50:26.385161+00:00,stable,2.756923,200,True,False
9a2d49d0,2026-09-22T06:50:26.417901+00:00,stable,2.923621,200,True,False
9a2d49d0,2026-09-22T06:50:26.452194+00:00,stable,3.757756,200,True,False
9a2d49d0,2026-09-22T06:50:26.487282+00:00,stable,4.862346,200,True,False
9a2d49d0,2026-09-22T06:50:26.521433+00:00,stable,5.959621,200,True,False
9a2d49d0,2026-09-22T06:50:26.554272+00:00,stable,3.310967,200,True,False
9a2d49d0,2026-09-22T06:50:26.585661+00:00,stable,4.069569,200,True,False
9a2d49d0,2026-09-22T06:50:26.620655+00:00,stable,4.93106,200,True,False
9a2d49d0,2026-09-22T06:50:26.653405+00:00,stable,4.974905,200,True,False
9a2d49d0,2026-09-22T06:50:26.685347+00:00,stable,2.926331,200,True,False
9a2d49d0,2026-09-22T06:50:26.717891+00:00,stable,2.913345,200,True,False
9a2d49d0,2026-09-22T06:50:26.755902+00:00,stable,4.437798,200,True,False
9a2d49d0,2026-09-22T06:50:26.784512+00:00,stable,2.654253,200,True,False
9a2d49d0,2026-09-22T06:50:26.820316+00:00,stable,2.512256,200,True,False
9a2d49d0,2026-09-22T06:50:26.851604+00:00,stable,2.82745,200,True,False
9a2d49d0,2026-09-22T06:50:26.884888+00:00,stable,3.413558,200,True,False
9a2d49d0,2026-09-22T06:50:26.920108+00:00,stable,5.239169,200,True,False
9a2d49d0,2026-09-22T06:50:26.953928+00:00,stable,4.939873,200,True,False
9a2d49d0,2026-09-22T06:50:26.984275+00:00,stable,2.432464,200,True,False
9a2d49d0,2026-09-22T06:50:27.017732+00:00,stable,2.781084,200,True,False
9a2d49d0,2026-09-22T06:50:27.051094+00:00,stable,2.764321,200,True,False
9a2d49d0,2026-09-22T06:50:27.084259+00:00,stable,2.472677,200,True,False
9a2d49d0,2026-09-22T06:50:27.117410+00:00,stable,2.544379,200,True,False
9a2d49d0,2026-09-22T06:50:27.151421+00:00,stable,2.635879,200,True,False
9a2d49d0,2026-09-22T06:50:27.184663+00:00,stable,2.577968,200,True,False
9a2d49d0,2026-09-22T06:50:27.217973+00:00,stable,2.629823,200,True,False
9a2d49d0,2026-09-22T06:50:27.251353+00:00,stable,2.959553,200,True,False
9a2d49d0,2026-09-22T06:50:27.284507+00:00,stable,2.633575,200,True,False
9a2d49d0,2026-09-22T06:50:27.318437+00:00,stable,3.422129,200,True,False
9a2d49d0,2026-09-22T06:50:27.354760+00:00,stable,5.725498,200,True,False
9a2d49d0,2026-09-22T06:50:27.385738+00:00,stable,3.977107,200,True,False
9a2d49d0,2026-09-22T06:50:27.418513+00:00,stable,3.027161,200,True,False
9a2d49d0,2026-09-22T06:50:27.450534+00:00,stable,2.52016,200,True,False
9a2d49d0,2026-09-22T06:50:27.485263+00:00,stable,3.16869,200,True,False
9a2d49d0,2026-09-22T06:50:27.520138+00:00,stable,5.167703,200,True,False
9a2d49d0,2026-09-22T06:50:27.553782+00:00,stable,5.04974,200,True,False
9a2d49d0,2026-09-22T06:50:27.586612+00:00,stable,4.741833,200,True,False
9a2d49d0,2026-09-22T06:50:27.620530+00:00,stable,5.605197,200,True,False
9a2d49d0,2026-09-22T06:50:27.654020+00:00,stable,5.426161,200,True,False
9a2d49d0,2026-09-22T06:50:27.684979+00:00,stable,2.767564,200,True,False
9a2d49d0,2026-09-22T06:50:27.718469+00:00,stable,2.786805,200,True,False
9a2d49d0,2026-09-22T06:50:27.751781+00:00,stable,2.93809,200,True,False
9a2d49d0,2026-09-22T06:50:27.785138+00:00,stable,3.029294,200,True,False
9a2d49d0,2026-09-22T06:50:27.817847+00:00,stable,2.891609,200,True,False
9a2d49d0,2026-09-22T06:50:27.852001+00:00,stable,3.76344,200,True,False
9a2d49d0,2026-09-22T06:50:27.884294+00:00,stable,2.534468,200,True,False
9a2d49d0,2026-09-22T06:50:27.920631+00:00,stable,5.608412,200,True,False
9a2d49d0,2026-09-22T06:50:27.954403+00:00,stable,5.949692,200,True,False
9a2d49d0,2026-09-22T06:50:27.984928+00:00,stable,3.41919,200,True,False
9a2d49d0,2026-09-22T06:50:28.020604+00:00,stable,5.599113,200,True,False
9a2d49d0,2026-09-22T06:50:28.055020+00:00,stable,6.341747,200,True,False
9a2d49d0,2026-09-22T06:50:28.086059+00:00,stable,3.929181,200,True,False
9a2d49d0,2026-09-22T06:50:28.122370+00:00,stable,6.833527,200,True,False
9a2d49d0,2026-09-22T06:50:28.156580+00:00,stable,6.973303,200,True,False
9a2d49d0,2026-09-22T06:50:28.186309+00:00,stable,4.760099,200,True,False
9a2d49d0,2026-09-22T06:50:28.221736+00:00,stable,6.416506,200,True,False
9a2d49d0,2026-09-22T06:50:28.256658+00:00,stable,7.551339,200,True,False
9a2d49d0,2026-09-22T06:50:28.286878+00:00,stable,5.171226,200,True,False
9a2d49d0,2026-09-22T06:50:28.317379+00:00,stable,2.68769,200,True,False
9a2d49d0,2026-09-22T06:50:28.355609+00:00,stable,6.558872,200,True,False
9a2d49d0,2026-09-22T06:50:28.386142+00:00,stable,3.701395,200,True,False
9a2d49d0,2026-09-22T06:50:28.417402+00:00,stable,2.692421,200,True,False
9a2d49d0,2026-09-22T06:50:28.453815+00:00,stable,4.650575,200,True,False
9a2d49d0,2026-09-22T06:50:28.485552+00:00,stable,3.585152,200,True,False
9a2d49d0,2026-09-22T06:50:28.519907+00:00,stable,4.349268,200,True,False
9a2d49d0,2026-09-22T06:50:28.554133+00:00,stable,5.244948,200,True,False
9a2d49d0,2026-09-22T06:50:28.588287+00:00,stable,6.072722,200,True,False
9a2d49d0,2026-09-22T06:50:28.619946+00:00,stable,4.981873,200,True,False
9a2d49d0,2026-09-22T06:50:28.654437+00:00,stable,5.224395,200,True,False
9a2d49d0,2026-09-22T06:50:28.687877+00:00,stable,6.010716,200,True,False
9a2d49d0,2026-09-22T06:50:28.719900+00:00,stable,4.967523,200,True,False
9a2d49d0,2026-09-22T06:50:28.756616+00:00,stable,7.431505,200,True,False
9a2d49d0,2026-09-22T06:50:28.788286+00:00,stable,6.409357,200,True,False
9a2d49d0,2026-09-22T06:50:28.822453+00:00,stable,6.713068,200,True,False
9a2d49d0,2026-09-22T06:50:28.854435+00:00,stable,6.263221,200,True,False
9a2d49d0,2026-09-22T06:50:28.884780+00:00,stable,3.042083,200,True,False
9a2d49d0,2026-09-22T06:50:28.917258+00:00,stable,2.565762,200,True,False
9a2d49d0,2026-09-22T06:50:28.951135+00:00,stable,2.734523,200,True,False
9a2d49d0,2026-09-22T06:50:28.984714+00:00,stable,2.672716,200,True,False
9a2d49d0,2026-09-22T06:50:29.018401+00:00,stable,2.864337,200,True,False
9a2d49d0,2026-09-22T06:50:29.050914+00:00,stable,2.871114,200,True,False
9a2d49d0,2026-09-22T06:50:29.084402+00:00,stable,2.524794,200,True,False
9a2d49d0,2026-09-22T06:50:29.118003+00:00,stable,2.714414,200,True,False
9a2d49d0,2026-09-22T06:50:29.151244+00:00,stable,2.759963,200,True,False
9a2d49d0,2026-09-22T06:50:29.184996+00:00,stable,3.008342,200,True,False
9a2d49d0,2026-09-22T06:50:29.217309+00:00,stable,2.558147,200,True,False
9a2d49d0,2026-09-22T06:50:29.255505+00:00,stable,6.671503,200,True,False
9a2d49d0,2026-09-22T06:50:29.288106+00:00,stable,6.239385,200,True,False
9a2d49d0,2026-09-22T06:50:29.320670+00:00,stable,5.402731,200,True,False
9a2d49d0,2026-09-22T06:50:29.355130+00:00,stable,6.634653,200,True,False
9a2d49d0,2026-09-22T06:50:29.386623+00:00,stable,3.09901,200,True,False
9a2d49d0,2026-09-22T06:50:29.419817+00:00,stable,4.167434,200,True,False
9a2d49d0,2026-09-22T06:50:29.454261+00:00,stable,5.737623,200,True,False
9a2d49d0,2026-09-22T06:50:29.487779+00:00,stable,5.515983,200,True,False
9a2d49d0,2026-09-22T06:50:29.520785+00:00,stable,5.823155,200,True,False
9a2d49d0,2026-09-22T06:50:29.551216+00:00,stable,2.788814,200,True,False
9a2d49d0,2026-09-22T06:50:29.585944+00:00,stable,3.905957,200,True,False
9a2d49d0,2026-09-22T06:50:29.619620+00:00,stable,3.95371,200,True,False
9a2d49d0,2026-09-22T06:50:29.652392+00:00,stable,4.273885,200,True,False
9a2d49d0,2026-09-22T06:50:29.684744+00:00,stable,2.308799,200,True,False
9a2d49d0,2026-09-22T06:50:29.717404+00:00,stable,2.562635,200,True,False
9a2d49d0,2026-09-22T06:50:29.754334+00:00,stable,5.335117,200,True,False
9a2d49d0,2026-09-22T06:50:29.787117+00:00,stable,5.452606,200,True,False
9a2d49d0,2026-09-22T06:50:29.820978+00:00,stable,5.699062,200,True,False
9a2d49d0,2026-09-22T06:50:29.854231+00:00,stable,5.760889,200,True,False
9a2d49d0,2026-09-22T06:50:29.888815+00:00,stable,7.234036,200,True,False
9a2d49d0,2026-09-22T06:50:29.917785+00:00,stable,3.029072,200,True,False
9a2d49d0,2026-09-22T06:50:29.951979+00:00,stable,3.814689,200,True,False
9a2d49d0,2026-09-22T06:50:29.985472+00:00,stable,2.993142,200,True,False
9a2d49d0,2026-09-22T06:50:30.017687+00:00,stable,2.590413,200,True,False
9a2d49d0,2026-09-22T06:50:30.053024+00:00,stable,4.492412,200,True,False
9a2d49d0,2026-09-22T06:50:30.087265+00:00,stable,5.334389,200,True,False
9a2d49d0,2026-09-22T06:50:30.121976+00:00,stable,6.495405,200,True,False
9a2d49d0,2026-09-22T06:50:30.152988+00:00,stable,4.045355,200,True,False
9a2d49d0,2026-09-22T06:50:30.187711+00:00,stable,5.183948,200,True,False
9a2d49d0,2026-09-22T06:50:30.221488+00:00,stable,6.525827,200,True,False
9a2d49d0,2026-09-22T06:50:30.253657+00:00,stable,5.345486,200,True,False
9a2d49d0,2026-09-22T06:50:30.287768+00:00,stable,5.155623,200,True,False
9a2d49d0,2026-09-22T06:50:30.321136+00:00,stable,6.062465,200,True,False
9a2d49d0,2026-09-22T06:50:30.351935+00:00,stable,3.214299,200,True,False
9a2d49d0,2026-09-22T06:50:30.386953+00:00,stable,4.648704,200,True,False
9a2d49d0,2026-09-22T06:50:30.421495+00:00,stable,6.220916,200,True,False
9a2d49d0,2026-09-22T06:50:30.451841+00:00,stable,3.544751,200,True,False
9a2d49d0,2026-09-22T06:50:30.487510+00:00,stable,5.182799,200,True,False
9a2d49d0,2026-09-22T06:50:30.522023+00:00,stable,7.0274,200,True,False
9a2d49d0,2026-09-22T06:50:30.551847+00:00,stable,3.315093,200,True,False
9a2d49d0,2026-09-22T06:50:30.584149+00:00,stable,2.484339,200,True,False
9a2d49d0,2026-09-22T06:50:30.618391+00:00,stable,3.524724,200,True,False
9a2d49d0,2026-09-22T06:50:30.651740+00:00,stable,3.501628,200,True,False
9a2d49d0,2026-09-22T06:50:30.685976+00:00,stable,4.166803,200,True,False
9a2d49d0,2026-09-22T06:50:30.719204+00:00,stable,4.081921,200,True,False
9a2d49d0,2026-09-22T06:50:30.753211+00:00,stable,4.21124,200,True,False
9a2d49d0,2026-09-22T06:50:30.784733+00:00,stable,2.534668,200,True,False
9a2d49d0,2026-09-22T06:50:30.818179+00:00,stable,2.613821,200,True,False
9a2d49d0,2026-09-22T06:50:30.852509+00:00,stable,3.564394,200,True,False
9a2d49d0,2026-09-22T06:50:30.886757+00:00,stable,4.844452,200,True,False
9a2d49d0,2026-09-22T06:50:30.920005+00:00,stable,4.40548,200,True,False
9a2d49d0,2026-09-22T06:50:30.953856+00:00,stable,4.789206,200,True,False
9a2d49d0,2026-09-22T06:50:30.985625+00:00,stable,3.97743,200,True,False
9a2d49d0,2026-09-22T06:50:31.018534+00:00,stable,3.847067,200,True,False
9a2d49d0,2026-09-22T06:50:31.054111+00:00,stable,4.943106,200,True,False
9a2d49d0,2026-09-22T06:50:31.084244+00:00,stable,2.816133,200,True,False
9a2d49d0,2026-09-22T06:50:31.119050+00:00,stable,4.240591,200,True,False
9a2d49d0,2026-09-22T06:50:31.153660+00:00,stable,4.823184,200,True,False
9a2d49d0,2026-09-22T06:50:31.188824+00:00,stable,6.933422,200,True,False
9a2d49d0,2026-09-22T06:50:31.222882+00:00,stable,6.955861,200,True,False
9a2d49d0,2026-09-22T06:50:31.251926+00:00,stable,3.445495,200,True,False
9a2d49d0,2026-09-22T06:50:31.284361+00:00,stable,2.823916,200,True,False
9a2d49d0,2026-09-22T06:50:31.317806+00:00,stable,2.623005,200,True,False
9a2d49d0,2026-09-22T06:50:31.350859+00:00,stable,2.716997,200,True,False
9a2d49d0,2026-09-22T06:50:31.384374+00:00,stable,2.635903,200,True,False
9a2d49d0,2026-09-22T06:50:31.417553+00:00,stable,2.740985,200,True,False
9a2d49d0,2026-09-22T06:50:31.453045+00:00,stable,4.179001,200,True,False
9a2d49d0,2026-09-22T06:50:31.484083+00:00,stable,2.545685,200,True,False
9a2d49d0,2026-09-22T06:50:31.518363+00:00,stable,2.751861,200,True,False
9a2d49d0,2026-09-22T06:50:31.551392+00:00,stable,2.717974,200,True,False
9a2d49d0,2026-09-22T06:50:31.583863+00:00,stable,2.405422,200,True,False
9a2d49d0,2026-09-22T06:50:31.618180+00:00,stable,2.738059,200,True,False
9a2d49d0,2026-09-22T06:50:31.652331+00:00,stable,3.683384,200,True,False
9a2d49d0,2026-09-22T06:50:31.686842+00:00,stable,4.756638,200,True,False
9a2d49d0,2026-09-22T06:50:31.722095+00:00,stable,6.271662,200,True,False
9a2d49d0,2026-09-22T06:50:31.756472+00:00,stable,7.388114,200,True,False
9a2d49d0,2026-09-22T06:50:31.789090+00:00,stable,7.109413,200,True,False
9a2d49d0,2026-09-22T06:50:31.824184+00:00,stable,8.635222,200,True,False
9a2d49d0,2026-09-22T06:50:31.856416+00:00,stable,7.360057,200,True,False
9a2d49d0,2026-09-22T06:50:31.884557+00:00,stable,3.025938,200,True,False
9a2d49d0,2026-09-22T06:50:31.920870+00:00,stable,5.385493,200,True,False
9a2d49d0,2026-09-22T06:50:31.953705+00:00,stable,5.202818,200,True,False
9a2d49d0,2026-09-22T06:50:31.985819+00:00,stable,3.548662,200,True,False
9a2d49d0,2026-09-22T06:50:32.021630+00:00,stable,5.870491,200,True,False
9a2d49d0,2026-09-22T06:50:32.055968+00:00,stable,7.243328,200,True,False
9a2d49d0,2026-09-22T06:50:32.085300+00:00,stable,3.674762,200,True,False
9a2d49d0,2026-09-22T06:50:32.127458+00:00,stable,11.467682,200,True,False
9a2d49d0,2026-09-22T06:50:32.156589+00:00,stable,7.123006,200,True,False
9a2d49d0,2026-09-22T06:50:32.187104+00:00,stable,4.819327,200,True,False
9a2d49d0,2026-09-22T06:50:32.223159+00:00,stable,7.719561,200,True,False
9a2d49d0,2026-09-22T06:50:32.255962+00:00,stable,6.853914,200,True,False
9a2d49d0,2026-09-22T06:50:32.285374+00:00,stable,3.042006,200,True,False
9a2d49d0,2026-09-22T06:50:32.317697+00:00,stable,2.781939,200,True,False
9a2d49d0,2026-09-22T06:50:32.351005+00:00,stable,2.909687,200,True,False
9a2d49d0,2026-09-22T06:50:32.384499+00:00,stable,2.611583,200,True,False
9a2d49d0,2026-09-22T06:50:32.418388+00:00,stable,2.936075,200,True,False
9a2d49d0,2026-09-22T06:50:32.451466+00:00,stable,2.708636,200,True,False
9a2d49d0,2026-09-22T06:50:32.485793+00:00,stable,3.36334,200,True,False
9a2d49d0,2026-09-22T06:50:32.518608+00:00,stable,2.988531,200,True,False
9a2d49d0,2026-09-22T06:50:32.551202+00:00,stable,2.723252,200,True,False
9a2d49d0,2026-09-22T06:50:32.585124+00:00,stable,2.933234,200,True,False
9a2d49d0,2026-09-22T06:50:32.621498+00:00,stable,6.258066,200,True,False
9a2d49d0,2026-09-22T06:50:32.650978+00:00,stable,2.802902,200,True,False
9a2d49d0,2026-09-22T06:50:32.684834+00:00,stable,2.800964,200,True,False
9a2d49d0,2026-09-22T06:50:32.718564+00:00,stable,3.616771,200,True,False
9a2d49d0,2026-09-22T06:50:32.755272+00:00,stable,5.973815,200,True,False
9a2d49d0,2026-09-22T06:50:32.787315+00:00,stable,5.507954,200,True,False
9a2d49d0,2026-09-22T06:50:32.821391+00:00,stable,5.751192,200,True,False
9a2d49d0,2026-09-22T06:50:32.857148+00:00,stable,8.446586,200,True,False
9a2d49d0,2026-09-22T06:50:32.888112+00:00,stable,6.240404,200,True,False
9a2d49d0,2026-09-22T06:50:32.920528+00:00,stable,5.314279,200,True,False
9a2d49d0,2026-09-22T06:50:32.954755+00:00,stable,5.614694,200,True,False
9a2d49d0,2026-09-22T06:50:32.985724+00:00,stable,4.022807,200,True,False
9a2d49d0,2026-09-22T06:50:33.020561+00:00,stable,4.926283,200,True,False
9a2d49d0,2026-09-22T06:50:33.056845+00:00,stable,8.317449,200,True,False
9a2d49d0,2026-09-22T06:50:33.089440+00:00,stable,5.078743,200,True,False
9a2d49d0,2026-09-22T06:50:33.120147+00:00,stable,4.502501,200,True,False
9a2d49d0,2026-09-22T06:50:33.156060+00:00,stable,6.870662,200,True,False
9a2d49d0,2026-09-22T06:50:33.189990+00:00,stable,7.783173,200,True,False
9a2d49d0,2026-09-22T06:50:33.222739+00:00,stable,7.420362,200,True,False
9a2d49d0,2026-09-22T06:50:33.257881+00:00,stable,9.393985,200,True,False
9a2d49d0,2026-09-22T06:50:33.289793+00:00,stable,7.596657,200,True,False
9a2d49d0,2026-09-22T06:50:33.323359+00:00,stable,7.388263,200,True,False
9a2d49d0,2026-09-22T06:50:33.352172+00:00,stable,4.01372,200,True,False
9a2d49d0,2026-09-22T06:50:33.386415+00:00,stable,3.828993,200,True,False
9a2d49d0,2026-09-22T06:50:33.418124+00:00,stable,2.691627,200,True,False
9a2d49d0,2026-09-22T06:50:33.454038+00:00,stable,5.303863,200,True,False
9a2d49d0,2026-09-22T06:50:33.487426+00:00,stable,5.415988,200,True,False
9a2d49d0,2026-09-22T06:50:33.521467+00:00,stable,5.661022,200,True,False
9a2d49d0,2026-09-22T06:50:33.554564+00:00,stable,5.631818,200,True,False
9a2d49d0,2026-09-22T06:50:33.588082+00:00,stable,6.18214,200,True,False
9a2d49d0,2026-09-22T06:50:33.620075+00:00,stable,5.075304,200,True,False
9a2d49d0,2026-09-22T06:50:33.655112+00:00,stable,6.301549,200,True,False
9a2d49d0,2026-09-22T06:50:33.690192+00:00,stable,7.739843,200,True,False
9a2d49d0,2026-09-22T06:50:33.717561+00:00,stable,2.714419,200,True,False
9a2d49d0,2026-09-22T06:50:33.753316+00:00,stable,4.323869,200,True,False
9a2d49d0,2026-09-22T06:50:33.787624+00:00,stable,6.060951,200,True,False
9a2d49d0,2026-09-22T06:50:33.820804+00:00,stable,5.988337,200,True,False
9a2d49d0,2026-09-22T06:50:33.857222+00:00,stable,8.23404,200,True,False
9a2d49d0,2026-09-22T06:50:33.889400+00:00,stable,7.557782,200,True,False
9a2d49d0,2026-09-22T06:50:33.921531+00:00,stable,5.645135,200,True,False
9a2d49d0,2026-09-22T06:50:33.951880+00:00,stable,3.501616,200,True,False
9a2d49d0,2026-09-22T06:50:33.985232+00:00,stable,2.827216,200,True,False
9a2d49d0,2026-09-22T06:50:34.053296+00:00,stable,4.211172,200,True,False
9a2d49d0,2026-09-22T06:50:34.078828+00:00,stable,63.659793,200,True,False
9a2d49d0,2026-09-22T06:50:34.085499+00:00,stable,3.262444,200,True,False
9a2d49d0,2026-09-22T06:50:34.119236+00:00,stable,3.815459,200,True,False
9a2d49d0,2026-09-22T06:50:34.155285+00:00,stable,6.186989,200,True,False
9a2d49d0,2026-09-22T06:50:34.187113+00:00,stable,4.656835,200,True,False
9a2d49d0,2026-09-22T06:50:34.223371+00:00,stable,7.633369,200,True,False
9a2d49d0,2026-09-22T06:50:34.256770+00:00,stable,7.101129,200,True,False
9a2d49d0,2026-09-22T06:50:34.285188+00:00,stable,3.051705,200,True,False
9a2d49d0,2026-09-22T06:50:34.318540+00:00,stable,3.788863,200,True,False
9a2d49d0,2026-09-22T06:50:34.352022+00:00,stable,2.906607,200,True,False
9a2d49d0,2026-09-22T06:50:34.386500+00:00,stable,4.559769,200,True,False
9a2d49d0,2026-09-22T06:50:34.422010+00:00,stable,7.119138,200,True,False
9a2d49d0,2026-09-22T06:50:34.452354+00:00,stable,3.763462,200,True,False
9a2d49d0,2026-09-22T06:50:34.487811+00:00,stable,6.232112,200,True,False
9a2d49d0,2026-09-22T06:50:34.522617+00:00,stable,7.381712,200,True,False
9a2d49d0,2026-09-22T06:50:34.556159+00:00,stable,6.544232,200,True,False
9a2d49d0,2026-09-22T06:50:34.589407+00:00,stable,6.738161,200,True,False
9a2d49d0,2026-09-22T06:50:34.622112+00:00,stable,7.119888,200,True,False
9a2d49d0,2026-09-22T06:50:34.652553+00:00,stable,4.025865,200,True,False
9a2d49d0,2026-09-22T06:50:34.687794+00:00,stable,3.04614,200,True,False
9a2d49d0,2026-09-22T06:50:34.717625+00:00,stable,2.919561,200,True,False
9a2d49d0,2026-09-22T06:50:34.752691+00:00,stable,3.612328,200,True,False
9a2d49d0,2026-09-22T06:50:34.787719+00:00,stable,5.124558,200,True,False
9a2d49d0,2026-09-22T06:50:34.822507+00:00,stable,7.134085,200,True,False
9a2d49d0,2026-09-22T06:50:34.856226+00:00,stable,7.80312,200,True,False
9a2d49d0,2026-09-22T06:50:34.887960+00:00,stable,6.23277,200,True,False
9a2d49d0,2026-09-22T06:50:34.922672+00:00,stable,7.394826,200,True,False
9a2d49d0,2026-09-22T06:50:34.954260+00:00,stable,5.82319,200,True,False
9a2d49d0,2026-09-22T06:50:34.984988+00:00,stable,2.967988,200,True,False
9a2d49d0,2026-09-22T06:50:35.018676+00:00,stable,2.953375,200,True,False
9a2d49d0,2026-09-22T06:50:35.052266+00:00,stable,3.111591,200,True,False
9a2d49d0,2026-09-22T06:50:35.087200+00:00,stable,4.958365,200,True,False
9a2d49d0,2026-09-22T06:50:35.122399+00:00,stable,6.89542,200,True,False
9a2d49d0,2026-09-22T06:50:35.153298+00:00,stable,4.276379,200,True,False
9a2d49d0,2026-09-22T06:50:35.184906+00:00,stable,2.982534,200,True,False
9a2d49d0,2026-09-22T06:50:35.219606+00:00,stable,4.856334,200,True,False
9a2d49d0,2026-09-22T06:50:35.253017+00:00,stable,4.811276,200,True,False
9a2d49d0,2026-09-22T06:50:35.288973+00:00,stable,6.668841,200,True,False
9a2d49d0,2026-09-22T06:50:35.322166+00:00,stable,6.863326,200,True,False
9a2d49d0,2026-09-22T06:50:35.353871+00:00,stable,4.774842,200,True,False
9a2d49d0,2026-09-22T06:50:35.385519+00:00,stable,3.209618,200,True,False
9a2d49d0,2026-09-22T06:50:35.419794+00:00,stable,4.981617,200,True,False
9a2d49d0,2026-09-22T06:50:35.454290+00:00,stable,5.692545,200,True,False
9a2d49d0,2026-09-22T06:50:35.487861+00:00,stable,6.075997,200,True,False
9a2d49d0,2026-09-22T06:50:35.522357+00:00,stable,7.000937,200,True,False
9a2d49d0,2026-09-22T06:50:35.555314+00:00,stable,6.197951,200,True,False
9a2d49d0,2026-09-22T06:50:35.584966+00:00,stable,2.909438,200,True,False
9a2d49d0,2026-09-22T06:50:35.617855+00:00,stable,3.150129,200,True,False
9a2d49d0,2026-09-22T06:50:35.652012+00:00,stable,3.278076,200,True,False
9a2d49d0,2026-09-22T06:50:35.684919+00:00,stable,3.136222,200,True,False
9a2d49d0,2026-09-22T06:50:35.718148+00:00,stable,3.162851,200,True,False
9a2d49d0,2026-09-22T06:50:35.751860+00:00,stable,3.246956,200,True,False
9a2d49d0,2026-09-22T06:50:35.785401+00:00,stable,3.450777,200,True,False
9a2d49d0,2026-09-22T06:50:35.818334+00:00,stable,3.097088,200,True,False
9a2d49d0,2026-09-22T06:50:35.851745+00:00,stable,2.95987,200,True,False
9a2d49d0,2026-09-22T06:50:35.884815+00:00,stable,2.908146,200,True,False
9a2d49d0,2026-09-22T06:50:35.918667+00:00,stable,2.951859,200,True,False
9a2d49d0,2026-09-22T06:50:35.953228+00:00,stable,4.021237,200,True,False
9a2d49d0,2026-09-22T06:50:35.986290+00:00,stable,4.127579,200,True,False
9a2d49d0,2026-09-22T06:50:36.018108+00:00,stable,3.243009,200,True,False
9a2d49d0,2026-09-22T06:50:36.054333+00:00,stable,5.587274,200,True,False
9a2d49d0,2026-09-22T06:50:36.087179+00:00,stable,4.329571,200,True,False
9a2d49d0,2026-09-22T06:50:36.121475+00:00,stable,6.383601,200,True,False
9a2d49d0,2026-09-22T06:50:36.156677+00:00,stable,7.136227,200,True,False
9a2d49d0,2026-09-22T06:50:36.186523+00:00,stable,4.890851,200,True,False
9a2d49d0,2026-09-22T06:50:36.223224+00:00,stable,7.216382,200,True,False
9a2d49d0,2026-09-22T06:50:36.256314+00:00,stable,7.125239,200,True,False
9a2d49d0,2026-09-22T06:50:36.287685+00:00,stable,5.230546,200,True,False
9a2d49d0,2026-09-22T06:50:36.323556+00:00,stable,7.935356,200,True,False
9a2d49d0,2026-09-22T06:50:36.354697+00:00,stable,6.021265,200,True,False
9a2d49d0,2026-09-22T06:50:36.384916+00:00,stable,3.367272,200,True,False
9a2d49d0,2026-09-22T06:50:36.422007+00:00,stable,6.669248,200,True,False
9a2d49d0,2026-09-22T06:50:36.456268+00:00,stable,7.311954,200,True,False
9a2d49d0,2026-09-22T06:50:36.486562+00:00,stable,4.874402,200,True,False
9a2d49d0,2026-09-22T06:50:36.521751+00:00,stable,6.684333,200,True,False
9a2d49d0,2026-09-22T06:50:36.556260+00:00,stable,7.379667,200,True,False
9a2d49d0,2026-09-22T06:50:36.586723+00:00,stable,4.849901,200,True,False
9a2d49d0,2026-09-22T06:50:36.622189+00:00,stable,6.967469,200,True,False
9a2d49d0,2026-09-22T06:50:36.656596+00:00,stable,7.016338,200,True,False
9a2d49d0,2026-09-22T06:50:36.686304+00:00,stable,4.767272,200,True,False
9a2d49d0,2026-09-22T06:50:36.718028+00:00,stable,2.997452,200,True,False
9a2d49d0,2026-09-22T06:50:36.751578+00:00,stable,3.034136,200,True,False
9a2d49d0,2026-09-22T06:50:36.784600+00:00,stable,3.069799,200,True,False
9a2d49d0,2026-09-22T06:50:36.817878+00:00,stable,2.62909,200,True,False
9a2d49d0,2026-09-22T06:50:36.851650+00:00,stable,3.308895,200,True,False
9a2d49d0,2026-09-22T06:50:36.885059+00:00,stable,2.75324,200,True,False
9a2d49d0,2026-09-22T06:50:36.920540+00:00,stable,5.406105,200,True,False
9a2d49d0,2026-09-22T06:50:36.953992+00:00,stable,5.714261,200,True,False
9a2d49d0,2026-09-22T06:50:36.988088+00:00,stable,5.677822,200,True,False
9a2d49d0,2026-09-22T06:50:37.019505+00:00,stable,4.211683,200,True,False
9a2d49d0,2026-09-22T06:50:37.054323+00:00,stable,5.062184,200,True,False
9a2d49d0,2026-09-22T06:50:37.087923+00:00,stable,5.771556,200,True,False
9a2d49d0,2026-09-22T06:50:37.120859+00:00,stable,4.924509,200,True,False
9a2d49d0,2026-09-22T06:50:37.156594+00:00,stable,7.78703,200,True,False
9a2d49d0,2026-09-22T06:50:37.188348+00:00,stable,6.289432,200,True,False
9a2d49d0,2026-09-22T06:50:37.218261+00:00,stable,3.031149,200,True,False
9a2d49d0,2026-09-22T06:50:37.253112+00:00,stable,4.103632,200,True,False
9a2d49d0,2026-09-22T06:50:37.289645+00:00,stable,7.005912,200,True,False
9a2d49d0,2026-09-22T06:50:37.318992+00:00,stable,3.551242,200,True,False
9a2d49d0,2026-09-22T06:50:37.354188+00:00,stable,5.154976,200,True,False
9a2d49d0,2026-09-22T06:50:37.387769+00:00,stable,5.103189,200,True,False
9a2d49d0,2026-09-22T06:50:37.417894+00:00,stable,3.123907,200,True,False
9a2d49d0,2026-09-22T06:50:37.451210+00:00,stable,2.88415,200,True,False
9a2d49d0,2026-09-22T06:50:37.484564+00:00,stable,2.597083,200,True,False
9a2d49d0,2026-09-22T06:50:37.518075+00:00,stable,2.810503,200,True,False
9a2d49d0,2026-09-22T06:50:37.551501+00:00,stable,2.83823,200,True,False
9a2d49d0,2026-09-22T06:50:37.587462+00:00,stable,5.047993,200,True,False
9a2d49d0,2026-09-22T06:50:37.621690+00:00,stable,5.767494,200,True,False
9a2d49d0,2026-09-22T06:50:37.676025+00:00,stable,4.951654,200,True,False
9a2d49d0,2026-09-22T06:50:37.685103+00:00,stable,3.271397,200,True,False
9a2d49d0,2026-09-22T06:50:37.717938+00:00,stable,3.047835,200,True,False
9a2d49d0,2026-09-22T06:50:37.751675+00:00,stable,3.120943,200,True,False
9a2d49d0,2026-09-22T06:50:37.784278+00:00,stable,2.885268,200,True,False
9a2d49d0,2026-09-22T06:50:37.817982+00:00,stable,2.905891,200,True,False
9a2d49d0,2026-09-22T06:50:37.851465+00:00,stable,2.89671,200,True,False
9a2d49d0,2026-09-22T06:50:37.885207+00:00,stable,2.75924,200,True,False
9a2d49d0,2026-09-22T06:50:37.918387+00:00,stable,3.311445,200,True,False
9a2d49d0,2026-09-22T06:50:37.954254+00:00,stable,5.169513,200,True,False
9a2d49d0,2026-09-22T06:50:37.985690+00:00,stable,3.4896,200,True,False
9a2d49d0,2026-09-22T06:50:38.018506+00:00,stable,2.946743,200,True,False
9a2d49d0,2026-09-22T06:50:38.053924+00:00,stable,4.790043,200,True,False
9a2d49d0,2026-09-22T06:50:38.085236+00:00,stable,3.391927,200,True,False
9a2d49d0,2026-09-22T06:50:38.119660+00:00,stable,4.294249,200,True,False
9a2d49d0,2026-09-22T06:50:38.153801+00:00,stable,5.634639,200,True,False
9a2d49d0,2026-09-22T06:50:38.186378+00:00,stable,4.467623,200,True,False
9a2d49d0,2026-09-22T06:50:38.219642+00:00,stable,4.215342,200,True,False
9a2d49d0,2026-09-22T06:50:38.254833+00:00,stable,6.232203,200,True,False
9a2d49d0,2026-09-22T06:50:38.288259+00:00,stable,5.936075,200,True,False
9a2d49d0,2026-09-22T06:50:38.321063+00:00,stable,5.805263,200,True,False
9a2d49d0,2026-09-22T06:50:38.353679+00:00,stable,4.990846,200,True,False
9a2d49d0,2026-09-22T06:50:38.384832+00:00,stable,3.240519,200,True,False
9a2d49d0,2026-09-22T06:50:38.418394+00:00,stable,2.808495,200,True,False
9a2d49d0,2026-09-22T06:50:38.453785+00:00,stable,4.729205,200,True,False
9a2d49d0,2026-09-22T06:50:38.488552+00:00,stable,6.271485,200,True,False
9a2d49d0,2026-09-22T06:50:38.518628+00:00,stable,2.511041,200,True,False
9a2d49d0,2026-09-22T06:50:38.554491+00:00,stable,5.014822,200,True,False
9a2d49d0,2026-09-22T06:50:38.587272+00:00,stable,4.886552,200,True,False
9a2d49d0,2026-09-22T06:50:38.622157+00:00,stable,6.714355,200,True,False
9a2d49d0,2026-09-22T06:50:38.655511+00:00,stable,7.13816,200,True,False
9a2d49d0,2026-09-22T06:50:38.687447+00:00,stable,5.437646,200,True,False
9a2d49d0,2026-09-22T06:50:38.719292+00:00,stable,4.124733,200,True,False
9a2d49d0,2026-09-22T06:50:38.753480+00:00,stable,4.421092,200,True,False
9a2d49d0,2026-09-22T06:50:38.787350+00:00,stable,5.130112,200,True,False
9a2d49d0,2026-09-22T06:50:38.818215+00:00,stable,2.786999,200,True,False
9a2d49d0,2026-09-22T06:50:38.851504+00:00,stable,2.654974,200,True,False
9a2d49d0,2026-09-22T06:50:38.885198+00:00,stable,2.783798,200,True,False
9a2d49d0,2026-09-22T06:50:38.918263+00:00,stable,3.377703,200,True,False
9a2d49d0,2026-09-22T06:50:38.951702+00:00,stable,2.858028,200,True,False
9a2d49d0,2026-09-22T06:50:38.984303+00:00,stable,2.814932,200,True,False
9a2d49d0,2026-09-22T06:50:39.018159+00:00,stable,2.888734,200,True,False
9a2d49d0,2026-09-22T06:50:39.051857+00:00,stable,2.913937,200,True,False
9a2d49d0,2026-09-22T06:50:39.084585+00:00,stable,2.980199,200,True,False
9a2d49d0,2026-09-22T06:50:39.117935+00:00,stable,2.565624,200,True,False
9a2d49d0,2026-09-22T06:50:39.151315+00:00,stable,2.886332,200,True,False
9a2d49d0,2026-09-22T06:50:39.185620+00:00,stable,3.523354,200,True,False
9a2d49d0,2026-09-22T06:50:39.221566+00:00,stable,5.632804,200,True,False
9a2d49d0,2026-09-22T06:50:39.252517+00:00,stable,4.100894,200,True,False
9a2d49d0,2026-09-22T06:50:39.287389+00:00,stable,4.914244,200,True,False
9a2d49d0,2026-09-22T06:50:39.322639+00:00,stable,6.545377,200,True,False
9a2d49d0,2026-09-22T06:50:39.354101+00:00,stable,5.588659,200,True,False
9a2d49d0,2026-09-22T06:50:39.386141+00:00,stable,3.917278,200,True,False
9a2d49d0,2026-09-22T06:50:39.420306+00:00,stable,4.994751,200,True,False
9a2d49d0,2026-09-22T06:50:39.452170+00:00,stable,3.33199,200,True,False
9a2d49d0,2026-09-22T06:50:39.487154+00:00,stable,4.969654,200,True,False
9a2d49d0,2026-09-22T06:50:39.521803+00:00,stable,6.563246,200,True,False
9a2d49d0,2026-09-22T06:50:39.552746+00:00,stable,3.999571,200,True,False
9a2d49d0,2026-09-22T06:50:39.586523+00:00,stable,4.611948,200,True,False
9a2d49d0,2026-09-22T06:50:39.620281+00:00,stable,4.769126,200,True,False
9a2d49d0,2026-09-22T06:50:39.652024+00:00,stable,3.861277,200,True,False
9a2d49d0,2026-09-22T06:50:39.684747+00:00,stable,2.700008,200,True,False
9a2d49d0,2026-09-22T06:50:39.719171+00:00,stable,3.538613,200,True,False
9a2d49d0,2026-09-22T06:50:39.754470+00:00,stable,5.642907,200,True,False
9a2d49d0,2026-09-22T06:50:39.788185+00:00,stable,6.515296,200,True,False
9a2d49d0,2026-09-22T06:50:39.818531+00:00,stable,3.293031,200,True,False
9a2d49d0,2026-09-22T06:50:39.852111+00:00,stable,3.910559,200,True,False
9a2d49d0,2026-09-22T06:50:39.886607+00:00,stable,4.498787,200,True,False
9a2d49d0,2026-09-22T06:50:39.920909+00:00,stable,5.131948,200,True,False
9a2d49d0,2026-09-22T06:50:39.952468+00:00,stable,3.03579,200,True,False
9a2d49d0,2026-09-22T06:50:39.984228+00:00,stable,2.773913,200,True,False
9a2d49d0,2026-09-22T06:50:40.017307+00:00,stable,2.4835,200,True,False
9a2d49d0,2026-09-22T06:50:40.051621+00:00,stable,2.731171,200,True,False
9a2d49d0,2026-09-22T06:50:40.084104+00:00,stable,2.670112,200,True,False
9a2d49d0,2026-09-22T06:50:40.117212+00:00,stable,2.452997,200,True,False
9a2d49d0,2026-09-22T06:50:40.151300+00:00,stable,2.682021,200,True,False
9a2d49d0,2026-09-22T06:50:40.184438+00:00,stable,2.536609,200,True,False
9a2d49d0,2026-09-22T06:50:40.217606+00:00,stable,2.547859,200,True,False
9a2d49d0,2026-09-22T06:50:40.250935+00:00,stable,2.805963,200,True,False
9a2d49d0,2026-09-22T06:50:40.284767+00:00,stable,3.109554,200,True,False
9a2d49d0,2026-09-22T06:50:40.320641+00:00,stable,5.869971,200,True,False
9a2d49d0,2026-09-22T06:50:40.354632+00:00,stable,5.334731,200,True,False
9a2d49d0,2026-09-22T06:50:40.384950+00:00,stable,2.707041,200,True,False
9a2d49d0,2026-09-22T06:50:40.418989+00:00,stable,3.35012,200,True,False
9a2d49d0,2026-09-22T06:50:40.454695+00:00,stable,5.920633,200,True,False
9a2d49d0,2026-09-22T06:50:40.486538+00:00,stable,4.63841,200,True,False
9a2d49d0,2026-09-22T06:50:40.521517+00:00,stable,6.428138,200,True,False
9a2d49d0,2026-09-22T06:50:40.556109+00:00,stable,6.4796,200,True,False
9a2d49d0,2026-09-22T06:50:40.585764+00:00,stable,4.164491,200,True,False
9a2d49d0,2026-09-22T06:50:40.621740+00:00,stable,5.74177,200,True,False
9a2d49d0,2026-09-22T06:50:40.654696+00:00,stable,6.379081,200,True,False
9a2d49d0,2026-09-22T06:50:40.684188+00:00,stable,2.61777,200,True,False
9a2d49d0,2026-09-22T06:50:40.717796+00:00,stable,3.033207,200,True,False
9a2d49d0,2026-09-22T06:50:40.752686+00:00,stable,4.249361,200,True,False
9a2d49d0,2026-09-22T06:50:40.784103+00:00,stable,2.487456,200,True,False
9a2d49d0,2026-09-22T06:50:40.817627+00:00,stable,2.54996,200,True,False
9a2d49d0,2026-09-22T06:50:40.853601+00:00,stable,4.501266,200,True,False
9a2d49d0,2026-09-22T06:50:40.886159+00:00,stable,4.382313,200,True,False
9a2d49d0,2026-09-22T06:50:40.921065+00:00,stable,5.479478,200,True,False
9a2d49d0,2026-09-22T06:50:40.954258+00:00,stable,5.58109,200,True,False
9a2d49d0,2026-09-22T06:50:40.985479+00:00,stable,2.934289,200,True,False
9a2d49d0,2026-09-22T06:50:41.051470+00:00,stable,36.023865,200,True,False
9a2d49d0,2026-09-22T06:50:41.054016+00:00,stable,5.236629,200,True,False
9a2d49d0,2026-09-22T06:50:41.084101+00:00,stable,2.53725,200,True,False
9a2d49d0,2026-09-22T06:50:41.117188+00:00,stable,2.515671,200,True,False
9a2d49d0,2026-09-22T06:50:41.154734+00:00,stable,5.741375,200,True,False
9a2d49d0,2026-09-22T06:50:41.186874+00:00,stable,4.89688,200,True,False
9a2d49d0,2026-09-22T06:50:41.220805+00:00,stable,4.993683,200,True,False
9a2d49d0,2026-09-22T06:50:41.255118+00:00,stable,6.373513,200,True,False
9a2d49d0,2026-09-22T06:50:41.285482+00:00,stable,3.303798,200,True,False
9a2d49d0,2026-09-22T06:50:41.317512+00:00,stable,2.397868,200,True,False
9a2d49d0,2026-09-22T06:50:41.353315+00:00,stable,4.129868,200,True,False
9a2d49d0,2026-09-22T06:50:41.384849+00:00,stable,3.425464,200,True,False
9a2d49d0,2026-09-22T06:50:41.419721+00:00,stable,4.933587,200,True,False
9a2d49d0,2026-09-22T06:50:41.454565+00:00,stable,6.1311,200,True,False
9a2d49d0,2026-09-22T06:50:41.486189+00:00,stable,3.710658,200,True,False
9a2d49d0,2026-09-22T06:50:41.521608+00:00,stable,5.917954,200,True,False
9a2d49d0,2026-09-22T06:50:41.554520+00:00,stable,5.247946,200,True,False
9a2d49d0,2026-09-22T06:50:41.584300+00:00,stable,2.568447,200,True,False
9a2d49d0,2026-09-22T06:50:41.617422+00:00,stable,2.674136,200,True,False
9a2d49d0,2026-09-22T06:50:41.650828+00:00,stable,2.644055,200,True,False
9a2d49d0,2026-09-22T06:50:41.687709+00:00,stable,5.945776,200,True,False
9a2d49d0,2026-09-22T06:50:41.719956+00:00,stable,4.17785,200,True,False
9a2d49d0,2026-09-22T06:50:41.754409+00:00,stable,5.741525,200,True,False
9a2d49d0,2026-09-22T06:50:41.787082+00:00,stable,5.396126,200,True,False
9a2d49d0,2026-09-22T06:50:41.821168+00:00,stable,6.006137,200,True,False
9a2d49d0,2026-09-22T06:50:41.855341+00:00,stable,6.360618,200,True,False
9a2d49d0,2026-09-22T06:50:41.887726+00:00,stable,5.308249,200,True,False
9a2d49d0,2026-09-22T06:50:41.920260+00:00,stable,5.509622,200,True,False
9a2d49d0,2026-09-22T06:50:41.955144+00:00,stable,6.222074,200,True,False
9a2d49d0,2026-09-22T06:50:41.986412+00:00,stable,4.192274,200,True,False
9a2d49d0,2026-09-22T06:50:42.018836+00:00,stable,3.207757,200,True,False
9a2d49d0,2026-09-22T06:50:42.054121+00:00,stable,5.51824,200,True,False
9a2d49d0,2026-09-22T06:50:42.085030+00:00,stable,3.195856,200,True,False
9a2d49d0,2026-09-22T06:50:42.118988+00:00,stable,3.901133,200,True,False
9a2d49d0,2026-09-22T06:50:42.154019+00:00,stable,5.106201,200,True,False
9a2d49d0,2026-09-22T06:50:42.188251+00:00,stable,5.814469,200,True,False
9a2d49d0,2026-09-22T06:50:42.220927+00:00,stable,5.65366,200,True,False
9a2d49d0,2026-09-22T06:50:42.252995+00:00,stable,4.275943,200,True,False
9a2d49d0,2026-09-22T06:50:42.285011+00:00,stable,2.752005,200,True,False
9a2d49d0,2026-09-22T06:50:42.317446+00:00,stable,2.67956,200,True,False
9a2d49d0,2026-09-22T06:50:42.351254+00:00,stable,2.734267,200,True,False
9a2d49d0,2026-09-22T06:50:42.384838+00:00,stable,2.834212,200,True,False
9a2d49d0,2026-09-22T06:50:42.418449+00:00,stable,2.813464,200,True,False
9a2d49d0,2026-09-22T06:50:42.451761+00:00,stable,2.802376,200,True,False
9a2d49d0,2026-09-22T06:50:42.485014+00:00,stable,2.636135,200,True,False
9a2d49d0,2026-09-22T06:50:42.520646+00:00,stable,5.734925,200,True,False
9a2d49d0,2026-09-22T06:50:42.555086+00:00,stable,5.789237,200,True,False
9a2d49d0,2026-09-22T06:50:42.586449+00:00,stable,4.799231,200,True,False
9a2d49d0,2026-09-22T06:50:42.621397+00:00,stable,6.355784,200,True,False
9a2d49d0,2026-09-22T06:50:42.653245+00:00,stable,5.106439,200,True,False
9a2d49d0,2026-09-22T06:50:42.686180+00:00,stable,4.301714,200,True,False
9a2d49d0,2026-09-22T06:50:42.719697+00:00,stable,3.768272,200,True,False
9a2d49d0,2026-09-22T06:50:42.751431+00:00,stable,3.315398,200,True,False
9a2d49d0,2026-09-22T06:50:42.785369+00:00,stable,3.730688,200,True,False
9a2d49d0,2026-09-22T06:50:42.820526+00:00,stable,5.127893,200,True,False
9a2d49d0,2026-09-22T06:50:42.852133+00:00,stable,4.071327,200,True,False
9a2d49d0,2026-09-22T06:50:42.886048+00:00,stable,3.757495,200,True,False
9a2d49d0,2026-09-22T06:50:42.919637+00:00,stable,4.853757,200,True,False
9a2d49d0,2026-09-22T06:50:42.953525+00:00,stable,5.25883,200,True,False
9a2d49d0,2026-09-22T06:50:42.986722+00:00,stable,4.941689,200,True,False
9a2d49d0,2026-09-22T06:50:43.020338+00:00,stable,4.629469,200,True,False
9a2d49d0,2026-09-22T06:50:43.054262+00:00,stable,5.247873,200,True,False
9a2d49d0,2026-09-22T06:50:43.083837+00:00,stable,2.337071,200,True,False
9a2d49d0,2026-09-22T06:50:43.118173+00:00,stable,2.620904,200,True,False
9a2d49d0,2026-09-22T06:50:43.151695+00:00,stable,3.141615,200,True,False
9a2d49d0,2026-09-22T06:50:43.185922+00:00,stable,4.271919,200,True,False
9a2d49d0,2026-09-22T06:50:43.221162+00:00,stable,5.955282,200,True,False
9a2d49d0,2026-09-22T06:50:43.254445+00:00,stable,5.522198,200,True,False
9a2d49d0,2026-09-22T06:50:43.287657+00:00,stable,5.200898,200,True,False
9a2d49d0,2026-09-22T06:50:43.321478+00:00,stable,5.589406,200,True,False
9a2d49d0,2026-09-22T06:50:43.354758+00:00,stable,5.633362,200,True,False
9a2d49d0,2026-09-22T06:50:43.384611+00:00,stable,2.826739,200,True,False
9a2d49d0,2026-09-22T06:50:43.417764+00:00,stable,2.433824,200,True,False
9a2d49d0,2026-09-22T06:50:43.452921+00:00,stable,4.58523,200,True,False
9a2d49d0,2026-09-22T06:50:43.486594+00:00,stable,4.652292,200,True,False
9a2d49d0,2026-09-22T06:50:43.520757+00:00,stable,4.949241,200,True,False
9a2d49d0,2026-09-22T06:50:43.554381+00:00,stable,5.631863,200,True,False
9a2d49d0,2026-09-22T06:50:43.585617+00:00,stable,3.374607,200,True,False
9a2d49d0,2026-09-22T06:50:43.621524+00:00,stable,5.84772,200,True,False
9a2d49d0,2026-09-22T06:50:43.655025+00:00,stable,5.753059,200,True,False
9a2d49d0,2026-09-22T06:50:43.686475+00:00,stable,4.53541,200,True,False
9a2d49d0,2026-09-22T06:50:43.720850+00:00,stable,5.251318,200,True,False
9a2d49d0,2026-09-22T06:50:43.753690+00:00,stable,5.214308,200,True,False
9a2d49d0,2026-09-22T06:50:43.785663+00:00,stable,3.900865,200,True,False
9a2d49d0,2026-09-22T06:50:43.821636+00:00,stable,5.755665,200,True,False
9a2d49d0,2026-09-22T06:50:43.855414+00:00,stable,6.235062,200,True,False
9a2d49d0,2026-09-22T06:50:43.887896+00:00,stable,4.946982,200,True,False
9a2d49d0,2026-09-22T06:50:43.921209+00:00,stable,5.952458,200,True,False
9a2d49d0,2026-09-22T06:50:43.954694+00:00,stable,5.426586,200,True,False
9a2d49d0,2026-09-22T06:50:43.984875+00:00,stable,2.673836,200,True,False
9a2d49d0,2026-09-22T06:50:44.018914+00:00,stable,3.511838,200,True,False
9a2d49d0,2026-09-22T06:50:44.051198+00:00,stable,2.756198,200,True,False
9a2d49d0,2026-09-22T06:50:44.084346+00:00,stable,2.470915,200,True,False
9a2d49d0,2026-09-22T06:50:44.119773+00:00,stable,4.678751,200,True,False
9a2d49d0,2026-09-22T06:50:44.152397+00:00,stable,3.930331,200,True,False
9a2d49d0,2026-09-22T06:50:44.184535+00:00,stable,2.470172,200,True,False
9a2d49d0,2026-09-22T06:50:44.220429+00:00,stable,4.810988,200,True,False
9a2d49d0,2026-09-22T06:50:44.253100+00:00,stable,4.113407,200,True,False
9a2d49d0,2026-09-22T06:50:44.284331+00:00,stable,2.491304,200,True,False
9a2d49d0,2026-09-22T06:50:44.318037+00:00,stable,2.974578,200,True,False
9a2d49d0,2026-09-22T06:50:44.351468+00:00,stable,2.821677,200,True,False
9a2d49d0,2026-09-22T06:50:44.384630+00:00,stable,2.535389,200,True,False
9a2d49d0,2026-09-22T06:50:44.417844+00:00,stable,2.479215,200,True,False
9a2d49d0,2026-09-22T06:50:44.450765+00:00,stable,2.540734,200,True,False
9a2d49d0,2026-09-22T06:50:44.484937+00:00,stable,2.541406,200,True,False
9a2d49d0,2026-09-22T06:50:44.518371+00:00,stable,2.699986,200,True,False
9a2d49d0,2026-09-22T06:50:44.551678+00:00,stable,2.693605,200,True,False
9a2d49d0,2026-09-22T06:50:44.584949+00:00,stable,2.555825,200,True,False
9a2d49d0,2026-09-22T06:50:44.618582+00:00,stable,2.982803,200,True,False
9a2d49d0,2026-09-22T06:50:44.653138+00:00,stable,4.089435,200,True,False
9a2d49d0,2026-09-22T06:50:44.685032+00:00,stable,2.745323,200,True,False
9a2d49d0,2026-09-22T06:50:44.717424+00:00,stable,2.560971,200,True,False
9a2d49d0,2026-09-22T06:50:44.752398+00:00,stable,3.517795,200,True,False
9a2d49d0,2026-09-22T06:50:44.787241+00:00,stable,4.97714,200,True,False
9a2d49d0,2026-09-22T06:50:44.820407+00:00,stable,5.348078,200,True,False
9a2d49d0,2026-09-22T06:50:44.854805+00:00,stable,5.864078,200,True,False
9a2d49d0,2026-09-22T06:50:44.886985+00:00,stable,4.886973,200,True,False
9a2d49d0,2026-09-22T06:50:44.919090+00:00,stable,4.238231,200,True,False
9a2d49d0,2026-09-22T06:50:44.954197+00:00,stable,5.242961,200,True,False
9a2d49d0,2026-09-22T06:50:44.984255+00:00,stable,2.863034,200,True,False
9a2d49d0,2026-09-22T06:50:45.017495+00:00,stable,2.77033,200,True,False
9a2d49d0,2026-09-22T06:50:45.053894+00:00,stable,4.830719,200,True,False
9a2d49d0,2026-09-22T06:50:45.084512+00:00,stable,2.866729,200,True,False
9a2d49d0,2026-09-22T06:50:45.121389+00:00,stable,5.627999,200,True,False
9a2d49d0,2026-09-22T06:50:45.155644+00:00,stable,6.329354,200,True,False
9a2d49d0,2026-09-22T06:50:45.184560+00:00,stable,2.611136,200,True,False
9a2d49d0,2026-09-22T06:50:45.218000+00:00,stable,2.705343,200,True,False
9a2d49d0,2026-09-22T06:50:45.256269+00:00,stable,7.465295,200,True,False
9a2d49d0,2026-09-22T06:50:45.287674+00:00,stable,5.465337,200,True,False
9a2d49d0,2026-09-22T06:50:45.320671+00:00,stable,5.882588,200,True,False
9a2d49d0,2026-09-22T06:50:45.354066+00:00,stable,5.858385,200,True,False
9a2d49d0,2026-09-22T06:50:45.384742+00:00,stable,2.86887,200,True,False
9a2d49d0,2026-09-22T06:50:45.419992+00:00,stable,4.368658,200,True,False
9a2d49d0,2026-09-22T06:50:45.454459+00:00,stable,5.588568,200,True,False
9a2d49d0,2026-09-22T06:50:45.487165+00:00,stable,4.952349,200,True,False
9a2d49d0,2026-09-22T06:50:45.520073+00:00,stable,4.614988,200,True,False
9a2d49d0,2026-09-22T06:50:45.551319+00:00,stable,2.824027,200,True,False
9a2d49d0,2026-09-22T06:50:45.584823+00:00,stable,2.56457,200,True,False
9a2d49d0,2026-09-22T06:50:45.618006+00:00,stable,2.503166,200,True,False
9a2d49d0,2026-09-22T06:50:45.651243+00:00,stable,2.824508,200,True,False
9a2d49d0,2026-09-22T06:50:45.684401+00:00,stable,2.516919,200,True,False
9a2d49d0,2026-09-22T06:50:45.717965+00:00,stable,2.806093,200,True,False
9a2d49d0,2026-09-22T06:50:45.753519+00:00,stable,4.582122,200,True,False
9a2d49d0,2026-09-22T06:50:45.784039+00:00,stable,2.569524,200,True,False
9a2d49d0,2026-09-22T06:50:45.817705+00:00,stable,2.655812,200,True,False
9a2d49d0,2026-09-22T06:50:45.852140+00:00,stable,3.557753,200,True,False
9a2d49d0,2026-09-22T06:50:45.887529+00:00,stable,5.195377,200,True,False
9a2d49d0,2026-09-22T06:50:45.919957+00:00,stable,4.436928,200,True,False
9a2d49d0,2026-09-22T06:50:45.953209+00:00,stable,4.535835,200,True,False
9a2d49d0,2026-09-22T06:50:45.984421+00:00,stable,2.539467,200,True,False
9a2d49d0,2026-09-22T06:50:46.018534+00:00,stable,3.40223,200,True,False
9a2d49d0,2026-09-22T06:50:46.050985+00:00,stable,2.799318,200,True,False
9a2d49d0,2026-09-22T06:50:46.084660+00:00,stable,2.677541,200,True,False
9a2d49d0,2026-09-22T06:50:46.118289+00:00,stable,2.621678,200,True,False
9a2d49d0,2026-09-22T06:50:46.151805+00:00,stable,2.717392,200,True,False
9a2d49d0,2026-09-22T06:50:46.184241+00:00,stable,2.643603,200,True,False
9a2d49d0,2026-09-22T06:50:46.217952+00:00,stable,2.972966,200,True,False
9a2d49d0,2026-09-22T06:50:46.251500+00:00,stable,2.927356,200,True,False
9a2d49d0,2026-09-22T06:50:46.284881+00:00,stable,2.494288,200,True,False
9a2d49d0,2026-09-22T06:50:46.318001+00:00,stable,2.504997,200,True,False
9a2d49d0,2026-09-22T06:50:46.353413+00:00,stable,4.773249,200,True,False
9a2d49d0,2026-09-22T06:50:46.384492+00:00,stable,2.807736,200,True,False
9a2d49d0,2026-09-22T06:50:46.418509+00:00,stable,2.959382,200,True,False
9a2d49d0,2026-09-22T06:50:46.452464+00:00,stable,3.346911,200,True,False
9a2d49d0,2026-09-22T06:50:46.484864+00:00,stable,2.658481,200,True,False
9a2d49d0,2026-09-22T06:50:46.518199+00:00,stable,2.599515,200,True,False
9a2d49d0,2026-09-22T06:50:46.551586+00:00,stable,2.719933,200,True,False
9a2d49d0,2026-09-22T06:50:46.584982+00:00,stable,2.655524,200,True,False
9a2d49d0,2026-09-22T06:50:46.617272+00:00,stable,2.517771,200,True,False
9a2d49d0,2026-09-22T06:50:46.651363+00:00,stable,2.683018,200,True,False
9a2d49d0,2026-09-22T06:50:46.684663+00:00,stable,2.671714,200,True,False
9a2d49d0,2026-09-22T06:50:46.718377+00:00,stable,2.868881,200,True,False
9a2d49d0,2026-09-22T06:50:46.751369+00:00,stable,2.525587,200,True,False
9a2d49d0,2026-09-22T06:50:46.785001+00:00,stable,2.527919,200,True,False
9a2d49d0,2026-09-22T06:50:46.817229+00:00,stable,2.485236,200,True,False
9a2d49d0,2026-09-22T06:50:46.851631+00:00,stable,2.764777,200,True,False
9a2d49d0,2026-09-22T06:50:46.885088+00:00,stable,2.64734,200,True,False
9a2d49d0,2026-09-22T06:50:46.917779+00:00,stable,2.922291,200,True,False
9a2d49d0,2026-09-22T06:50:46.950971+00:00,stable,2.720626,200,True,False
9a2d49d0,2026-09-22T06:50:46.984271+00:00,stable,2.578714,200,True,False
9a2d49d0,2026-09-22T06:50:47.018148+00:00,stable,2.759441,200,True,False
9a2d49d0,2026-09-22T06:50:47.051500+00:00,stable,2.82172,200,True,False
9a2d49d0,2026-09-22T06:50:47.085091+00:00,stable,2.852893,200,True,False
9a2d49d0,2026-09-22T06:50:47.117659+00:00,stable,2.93478,200,True,False
9a2d49d0,2026-09-22T06:50:47.150732+00:00,stable,2.616266,200,True,False
9a2d49d0,2026-09-22T06:50:47.185524+00:00,stable,3.071628,200,True,False
9a2d49d0,2026-09-22T06:50:47.217987+00:00,stable,2.734632,200,True,False
9a2d49d0,2026-09-22T06:50:47.251120+00:00,stable,2.780841,200,True,False
9a2d49d0,2026-09-22T06:50:47.284670+00:00,stable,2.918034,200,True,False
9a2d49d0,2026-09-22T06:50:47.317960+00:00,stable,2.718487,200,True,False
9a2d49d0,2026-09-22T06:50:47.351246+00:00,stable,2.613544,200,True,False
9a2d49d0,2026-09-22T06:50:47.386376+00:00,stable,4.184538,200,True,False
9a2d49d0,2026-09-22T06:50:47.418117+00:00,stable,2.858912,200,True,False
9a2d49d0,2026-09-22T06:50:47.451659+00:00,stable,2.83402,200,True,False
9a2d49d0,2026-09-22T06:50:47.485059+00:00,stable,2.588866,200,True,False
9a2d49d0,2026-09-22T06:50:47.521197+00:00,stable,6.468213,200,True,False
9a2d49d0,2026-09-22T06:50:47.551397+00:00,stable,2.73922,200,True,False
9a2d49d0,2026-09-22T06:50:47.584871+00:00,stable,2.642039,200,True,False
9a2d49d0,2026-09-22T06:50:47.618075+00:00,stable,2.62247,200,True,False
9a2d49d0,2026-09-22T06:50:47.651462+00:00,stable,2.862241,200,True,False
9a2d49d0,2026-09-22T06:50:47.684957+00:00,stable,2.831199,200,True,False
9a2d49d0,2026-09-22T06:50:47.718604+00:00,stable,3.003421,200,True,False
9a2d49d0,2026-09-22T06:50:47.752320+00:00,stable,3.198258,200,True,False
9a2d49d0,2026-09-22T06:50:47.784883+00:00,stable,3.060631,200,True,False
9a2d49d0,2026-09-22T06:50:47.818658+00:00,stable,3.068254,200,True,False
9a2d49d0,2026-09-22T06:50:47.852595+00:00,stable,3.414643,200,True,False
9a2d49d0,2026-09-22T06:50:47.884893+00:00,stable,3.212004,200,True,False
9a2d49d0,2026-09-22T06:50:47.917382+00:00,stable,2.653202,200,True,False
9a2d49d0,2026-09-22T06:50:47.953000+00:00,stable,4.185162,200,True,False
9a2d49d0,2026-09-22T06:50:47.986512+00:00,stable,4.218099,200,True,False
9a2d49d0,2026-09-22T06:50:48.020131+00:00,stable,4.790958,200,True,False
9a2d49d0,2026-09-22T06:50:48.052043+00:00,stable,3.463824,200,True,False
9a2d49d0,2026-09-22T06:50:48.086426+00:00,stable,4.486577,200,True,False
9a2d49d0,2026-09-22T06:50:48.121769+00:00,stable,6.086835,200,True,False
9a2d49d0,2026-09-22T06:50:48.155142+00:00,stable,6.766229,200,True,False
9a2d49d0,2026-09-22T06:50:48.186697+00:00,stable,5.19295,200,True,False
9a2d49d0,2026-09-22T06:50:48.219784+00:00,stable,4.0011,200,True,False
9a2d49d0,2026-09-22T06:50:48.253895+00:00,stable,5.552913,200,True,False
9a2d49d0,2026-09-22T06:50:48.286009+00:00,stable,4.153144,200,True,False
9a2d49d0,2026-09-22T06:50:48.320611+00:00,stable,5.543866,200,True,False
9a2d49d0,2026-09-22T06:50:48.352034+00:00,stable,3.87042,200,True,False
9a2d49d0,2026-09-22T06:50:48.384667+00:00,stable,2.647608,200,True,False
9a2d49d0,2026-09-22T06:50:48.418368+00:00,stable,2.743728,200,True,False
9a2d49d0,2026-09-22T06:50:48.454839+00:00,stable,5.677639,200,True,False
9a2d49d0,2026-09-22T06:50:48.486813+00:00,stable,4.78131,200,True,False
9a2d49d0,2026-09-22T06:50:48.521408+00:00,stable,6.216011,200,True,False
9a2d49d0,2026-09-22T06:50:48.556868+00:00,stable,6.628392,200,True,False
9a2d49d0,2026-09-22T06:50:48.584866+00:00,stable,2.717449,200,True,False
9a2d49d0,2026-09-22T06:50:48.617533+00:00,stable,2.729725,200,True,False
9a2d49d0,2026-09-22T06:50:48.650809+00:00,stable,2.740935,200,True,False
9a2d49d0,2026-09-22T06:50:48.684756+00:00,stable,2.744227,200,True,False
9a2d49d0,2026-09-22T06:50:48.717961+00:00,stable,2.709329,200,True,False
9a2d49d0,2026-09-22T06:50:48.751168+00:00,stable,2.757947,200,True,False
9a2d49d0,2026-09-22T06:50:48.784783+00:00,stable,2.519785,200,True,False
9a2d49d0,2026-09-22T06:50:48.818169+00:00,stable,2.756871,200,True,False
9a2d49d0,2026-09-22T06:50:48.851682+00:00,stable,3.032605,200,True,False
9a2d49d0,2026-09-22T06:50:48.884579+00:00,stable,2.577796,200,True,False
9a2d49d0,2026-09-22T06:50:48.918137+00:00,stable,2.734124,200,True,False
9a2d49d0,2026-09-22T06:50:48.951889+00:00,stable,2.920597,200,True,False
9a2d49d0,2026-09-22T06:50:48.984211+00:00,stable,2.49229,200,True,False
9a2d49d0,2026-09-22T06:50:49.017534+00:00,stable,2.731705,200,True,False
9a2d49d0,2026-09-22T06:50:49.051689+00:00,stable,2.746873,200,True,False
9a2d49d0,2026-09-22T06:50:49.084586+00:00,stable,2.972105,200,True,False
9a2d49d0,2026-09-22T06:50:49.118069+00:00,stable,2.762617,200,True,False
9a2d49d0,2026-09-22T06:50:49.151244+00:00,stable,2.52919,200,True,False
9a2d49d0,2026-09-22T06:50:49.186671+00:00,stable,4.757065,200,True,False
9a2d49d0,2026-09-22T06:50:49.221528+00:00,stable,6.38124,200,True,False
9a2d49d0,2026-09-22T06:50:49.252337+00:00,stable,3.356413,200,True,False
9a2d49d0,2026-09-22T06:50:49.285590+00:00,stable,3.496842,200,True,False
9a2d49d0,2026-09-22T06:50:49.321386+00:00,stable,5.621153,200,True,False
9a2d49d0,2026-09-22T06:50:49.354778+00:00,stable,5.953883,200,True,False
9a2d49d0,2026-09-22T06:50:49.384625+00:00,stable,2.920849,200,True,False
9a2d49d0,2026-09-22T06:50:49.421814+00:00,stable,6.0044,200,True,False
9a2d49d0,2026-09-22T06:50:49.453134+00:00,stable,4.745781,200,True,False
9a2d49d0,2026-09-22T06:50:49.488093+00:00,stable,5.856793,200,True,False
9a2d49d0,2026-09-22T06:50:49.519669+00:00,stable,4.781666,200,True,False
9a2d49d0,2026-09-22T06:50:49.554687+00:00,stable,5.976022,200,True,False
9a2d49d0,2026-09-22T06:50:49.584885+00:00,stable,3.244119,200,True,False
9a2d49d0,2026-09-22T06:50:49.619937+00:00,stable,4.87427,200,True,False
9a2d49d0,2026-09-22T06:50:49.652690+00:00,stable,3.640979,200,True,False
9a2d49d0,2026-09-22T06:50:49.685482+00:00,stable,3.634955,200,True,False
9a2d49d0,2026-09-22T06:50:49.719891+00:00,stable,4.369551,200,True,False
9a2d49d0,2026-09-22T06:50:49.755292+00:00,stable,6.228927,200,True,False
9a2d49d0,2026-09-22T06:50:49.787119+00:00,stable,5.264534,200,True,False
9a2d49d0,2026-09-22T06:50:49.817883+00:00,stable,2.98077,200,True,False
9a2d49d0,2026-09-22T06:50:49.851147+00:00,stable,2.706539,200,True,False
9a2d49d0,2026-09-22T06:50:49.884870+00:00,stable,2.949324,200,True,False
9a2d49d0,2026-09-22T06:50:49.918145+00:00,stable,2.627065,200,True,False
9a2d49d0,2026-09-22T06:50:49.951466+00:00,stable,2.579332,200,True,False
9a2d49d0,2026-09-22T06:50:49.984678+00:00,stable,2.504826,200,True,False
9a2d49d0,2026-09-22T06:50:50.017995+00:00,stable,2.613271,200,True,False
9a2d49d0,2026-09-22T06:50:50.051287+00:00,stable,2.847652,200,True,False
9a2d49d0,2026-09-22T06:50:50.084426+00:00,stable,2.471423,200,True,False
9a2d49d0,2026-09-22T06:50:50.119437+00:00,stable,4.403084,200,True,False
9a2d49d0,2026-09-22T06:50:50.157108+00:00,stable,7.892514,200,True,False
9a2d49d0,2026-09-22T06:50:50.187924+00:00,stable,5.46677,200,True,False
9a2d49d0,2026-09-22T06:50:50.220887+00:00,stable,5.061586,200,True,False
9a2d49d0,2026-09-22T06:50:50.251615+00:00,stable,3.193209,200,True,False
9a2d49d0,2026-09-22T06:50:50.288053+00:00,stable,6.334387,200,True,False
9a2d49d0,2026-09-22T06:50:50.318596+00:00,stable,3.860922,200,True,False
9a2d49d0,2026-09-22T06:50:50.354916+00:00,stable,6.19112,200,True,False
9a2d49d0,2026-09-22T06:50:50.386046+00:00,stable,4.310766,200,True,False
9a2d49d0,2026-09-22T06:50:50.418264+00:00,stable,2.668003,200,True,False
9a2d49d0,2026-09-22T06:50:50.452720+00:00,stable,3.995561,200,True,False
9a2d49d0,2026-09-22T06:50:50.485375+00:00,stable,3.792401,200,True,False
9a2d49d0,2026-09-22T06:50:50.518968+00:00,stable,4.01592,200,True,False
9a2d49d0,2026-09-22T06:50:50.555119+00:00,stable,6.223193,200,True,False
9a2d49d0,2026-09-22T06:50:50.586717+00:00,stable,4.680106,200,True,False
9a2d49d0,2026-09-22T06:50:50.619682+00:00,stable,4.73179,200,True,False
9a2d49d0,2026-09-22T06:50:50.655321+00:00,stable,6.956907,200,True,False
9a2d49d0,2026-09-22T06:50:50.688050+00:00,stable,5.781802,200,True,False
9a2d49d0,2026-09-22T06:50:50.721308+00:00,stable,2.758417,200,True,False
9a2d49d0,2026-09-22T06:50:50.751626+00:00,stable,2.592165,200,True,False
9a2d49d0,2026-09-22T06:50:50.784148+00:00,stable,2.683066,200,True,False
9a2d49d0,2026-09-22T06:50:50.817599+00:00,stable,2.739416,200,True,False
9a2d49d0,2026-09-22T06:50:50.850744+00:00,stable,2.556821,200,True,False
9a2d49d0,2026-09-22T06:50:50.885212+00:00,stable,3.559697,200,True,False
9a2d49d0,2026-09-22T06:50:50.920719+00:00,stable,5.418923,200,True,False
9a2d49d0,2026-09-22T06:50:50.955413+00:00,stable,6.9595,200,True,False
9a2d49d0,2026-09-22T06:50:50.988733+00:00,stable,6.817056,200,True,False
9a2d49d0,2026-09-22T06:50:51.018257+00:00,stable,2.622839,200,True,False
9a2d49d0,2026-09-22T06:50:51.054975+00:00,stable,6.161345,200,True,False
9a2d49d0,2026-09-22T06:50:51.087774+00:00,stable,6.198587,200,True,False
9a2d49d0,2026-09-22T06:50:51.120439+00:00,stable,4.83805,200,True,False
9a2d49d0,2026-09-22T06:50:51.156603+00:00,stable,7.369873,200,True,False
9a2d49d0,2026-09-22T06:50:51.189392+00:00,stable,6.734055,200,True,False
9a2d49d0,2026-09-22T06:50:51.221889+00:00,stable,6.274446,200,True,False
9a2d49d0,2026-09-22T06:50:51.254918+00:00,stable,5.635849,200,True,False
9a2d49d0,2026-09-22T06:50:51.286052+00:00,stable,2.951026,200,True,False
9a2d49d0,2026-09-22T06:50:51.317377+00:00,stable,2.635519,200,True,False
9a2d49d0,2026-09-22T06:50:51.355098+00:00,stable,6.048496,200,True,False
9a2d49d0,2026-09-22T06:50:51.387582+00:00,stable,5.428172,200,True,False
9a2d49d0,2026-09-22T06:50:51.420985+00:00,stable,5.663018,200,True,False
9a2d49d0,2026-09-22T06:50:51.453553+00:00,stable,4.95299,200,True,False
9a2d49d0,2026-09-22T06:50:51.487923+00:00,stable,5.496084,200,True,False
9a2d49d0,2026-09-22T06:50:51.521499+00:00,stable,6.618589,200,True,False
9a2d49d0,2026-09-22T06:50:51.555886+00:00,stable,6.848113,200,True,False
9a2d49d0,2026-09-22T06:50:51.586608+00:00,stable,5.08327,200,True,False
9a2d49d0,2026-09-22T06:50:51.620274+00:00,stable,5.027186,200,True,False
9a2d49d0,2026-09-22T06:50:51.654166+00:00,stable,5.312071,200,True,False
9a2d49d0,2026-09-22T06:50:51.688095+00:00,stable,5.718802,200,True,False
9a2d49d0,2026-09-22T06:50:51.720941+00:00,stable,5.785917,200,True,False
9a2d49d0,2026-09-22T06:50:51.752960+00:00,stable,4.510393,200,True,False
9a2d49d0,2026-09-22T06:50:51.788481+00:00,stable,6.308922,200,True,False
9a2d49d0,2026-09-22T06:50:51.822387+00:00,stable,7.433027,200,True,False
9a2d49d0,2026-09-22T06:50:51.851901+00:00,stable,3.255676,200,True,False
9a2d49d0,2026-09-22T06:50:51.888678+00:00,stable,6.843572,200,True,False
9a2d49d0,2026-09-22T06:50:51.922996+00:00,stable,6.974556,200,True,False
9a2d49d0,2026-09-22T06:50:51.952204+00:00,stable,3.839735,200,True,False
9a2d49d0,2026-09-22T06:50:51.986497+00:00,stable,5.008718,200,True,False
9a2d49d0,2026-09-22T06:50:52.021557+00:00,stable,6.022319,200,True,False
9a2d49d0,2026-09-22T06:50:52.052256+00:00,stable,4.192789,200,True,False
9a2d49d0,2026-09-22T06:50:52.084782+00:00,stable,2.850288,200,True,False
9a2d49d0,2026-09-22T06:50:52.117970+00:00,stable,2.543357,200,True,False
9a2d49d0,2026-09-22T06:50:52.150996+00:00,stable,2.602296,200,True,False
9a2d49d0,2026-09-22T06:50:52.184791+00:00,stable,2.719497,200,True,False
9a2d49d0,2026-09-22T06:50:52.218955+00:00,stable,3.244391,200,True,False
9a2d49d0,2026-09-22T06:50:52.251340+00:00,stable,2.953333,200,True,False
9a2d49d0,2026-09-22T06:50:52.284471+00:00,stable,2.530465,200,True,False
9a2d49d0,2026-09-22T06:50:52.318289+00:00,stable,2.806929,200,True,False
9a2d49d0,2026-09-22T06:50:52.352848+00:00,stable,3.144747,200,True,False
9a2d49d0,2026-09-22T06:50:52.384560+00:00,stable,2.722776,200,True,False
9a2d49d0,2026-09-22T06:50:52.418097+00:00,stable,2.578801,200,True,False
9a2d49d0,2026-09-22T06:50:52.452067+00:00,stable,3.197002,200,True,False
9a2d49d0,2026-09-22T06:50:52.484590+00:00,stable,2.50765,200,True,False
9a2d49d0,2026-09-22T06:50:52.517977+00:00,stable,2.581398,200,True,False
9a2d49d0,2026-09-22T06:50:52.551399+00:00,stable,2.818843,200,True,False
9a2d49d0,2026-09-22T06:50:52.584608+00:00,stable,2.397439,200,True,False
9a2d49d0,2026-09-22T06:50:52.618051+00:00,stable,2.724386,200,True,False
9a2d49d0,2026-09-22T06:50:52.649454+00:00,stable,3.044946,200,True,False
9a2d49d0,2026-09-22T06:50:52.685057+00:00,stable,3.516166,200,True,False
9a2d49d0,2026-09-22T06:50:52.715232+00:00,stable,2.565908,200,True,False
9a2d49d0,2026-09-22T06:50:52.752113+00:00,stable,5.154186,200,True,False
9a2d49d0,2026-09-22T06:50:52.785017+00:00,stable,5.56787,200,True,False
9a2d49d0,2026-09-22T06:50:52.819571+00:00,stable,6.513026,200,True,False
9a2d49d0,2026-09-22T06:50:52.853945+00:00,stable,7.387407,200,True,False
9a2d49d0,2026-09-22T06:50:52.885617+00:00,stable,2.876428,200,True,False
9a2d49d0,2026-09-22T06:50:52.915902+00:00,stable,2.566658,200,True,False
9a2d49d0,2026-09-22T06:50:52.949102+00:00,stable,2.596882,200,True,False
9a2d49d0,2026-09-22T06:50:52.982451+00:00,stable,2.489896,200,True,False
9a2d49d0,2026-09-22T06:50:53.015660+00:00,stable,2.491734,200,True,False
9a2d49d0,2026-09-22T06:50:53.049172+00:00,stable,2.865497,200,True,False
9a2d49d0,2026-09-22T06:50:53.082269+00:00,stable,2.461827,200,True,False
9a2d49d0,2026-09-22T06:50:53.115357+00:00,stable,2.495913,200,True,False
9a2d49d0,2026-09-22T06:50:53.149936+00:00,stable,3.047096,200,True,False
9a2d49d0,2026-09-22T06:50:53.182160+00:00,stable,2.440517,200,True,False
9a2d49d0,2026-09-22T06:50:53.217619+00:00,stable,4.526023,200,True,False
9a2d49d0,2026-09-22T06:50:53.251761+00:00,stable,5.542277,200,True,False
9a2d49d0,2026-09-22T06:50:53.286595+00:00,stable,6.067342,200,True,False
9a2d49d0,2026-09-22T06:50:53.316994+00:00,stable,3.43691,200,True,False
9a2d49d0,2026-09-22T06:50:53.352456+00:00,stable,5.615297,200,True,False
9a2d49d0,2026-09-22T06:50:53.383706+00:00,stable,3.78059,200,True,False
9a2d49d0,2026-09-22T06:50:53.416700+00:00,stable,2.981222,200,True,False
9a2d49d0,2026-09-22T06:50:53.455618+00:00,stable,5.549396,200,True,False
9a2d49d0,2026-09-22T06:50:53.482161+00:00,stable,2.709158,200,True,False
9a2d49d0,2026-09-22T06:50:53.519045+00:00,stable,6.155825,200,True,False
9a2d49d0,2026-09-22T06:50:53.552336+00:00,stable,5.364347,200,True,False
9a2d49d0,2026-09-22T06:50:53.583526+00:00,stable,3.959023,200,True,False
9a2d49d0,2026-09-22T06:50:53.617638+00:00,stable,4.397524,200,True,False
9a2d49d0,2026-09-22T06:50:53.653569+00:00,stable,6.634956,200,True,False
9a2d49d0,2026-09-22T06:50:53.684030+00:00,stable,4.439788,200,True,False
9a2d49d0,2026-09-22T06:50:53.717460+00:00,stable,4.367642,200,True,False
9a2d49d0,2026-09-22T06:50:53.753743+00:00,stable,7.337641,200,True,False
9a2d49d0,2026-09-22T06:50:53.785974+00:00,stable,5.77976,200,True,False
9a2d49d0,2026-09-22T06:50:53.818545+00:00,stable,5.480618,200,True,False
9a2d49d0,2026-09-22T06:50:53.854275+00:00,stable,7.796302,200,True,False
9a2d49d0,2026-09-22T06:50:53.886215+00:00,stable,6.289126,200,True,False
9a2d49d0,2026-09-22T06:50:53.918834+00:00,stable,5.178776,200,True,False
9a2d49d0,2026-09-22T06:50:53.952292+00:00,stable,5.840873,200,True,False
9a2d49d0,2026-09-22T06:50:53.984421+00:00,stable,4.239982,200,True,False
9a2d49d0,2026-09-22T06:50:54.018881+00:00,stable,5.238325,200,True,False
9a2d49d0,2026-09-22T06:50:54.049989+00:00,stable,3.111003,200,True,False
9a2d49d0,2026-09-22T06:50:54.082202+00:00,stable,2.708717,200,True,False
9a2d49d0,2026-09-22T06:50:54.116217+00:00,stable,2.816603,200,True,False
9a2d49d0,2026-09-22T06:50:54.153827+00:00,stable,6.361373,200,True,False
9a2d49d0,2026-09-22T06:50:54.187384+00:00,stable,7.202068,200,True,False
9a2d49d0,2026-09-22T06:50:54.219166+00:00,stable,5.230821,200,True,False
9a2d49d0,2026-09-22T06:50:54.254800+00:00,stable,7.328398,200,True,False
9a2d49d0,2026-09-22T06:50:54.283359+00:00,stable,3.325899,200,True,False
9a2d49d0,2026-09-22T06:50:54.316122+00:00,stable,3.335818,200,True,False
9a2d49d0,2026-09-22T06:50:54.349533+00:00,stable,3.335408,200,True,False
9a2d49d0,2026-09-22T06:50:54.385135+00:00,stable,4.79639,200,True,False
9a2d49d0,2026-09-22T06:50:54.418626+00:00,stable,5.671046,200,True,False
9a2d49d0,2026-09-22T06:50:54.452546+00:00,stable,5.501835,200,True,False
9a2d49d0,2026-09-22T06:50:54.485396+00:00,stable,5.596391,200,True,False
9a2d49d0,2026-09-22T06:50:54.521697+00:00,stable,7.767028,200,True,False
9a2d49d0,2026-09-22T06:50:54.553210+00:00,stable,6.818082,200,True,False
9a2d49d0,2026-09-22T06:50:54.589684+00:00,stable,9.058357,200,True,False
9a2d49d0,2026-09-22T06:50:54.616449+00:00,stable,3.126634,200,True,False
9a2d49d0,2026-09-22T06:50:54.651724+00:00,stable,4.679684,200,True,False
9a2d49d0,2026-09-22T06:50:54.682672+00:00,stable,2.855352,200,True,False
9a2d49d0,2026-09-22T06:50:54.716073+00:00,stable,2.892809,200,True,False
9a2d49d0,2026-09-22T06:50:54.752802+00:00,stable,6.104938,200,True,False
9a2d49d0,2026-09-22T06:50:54.786936+00:00,stable,6.834734,200,True,False
9a2d49d0,2026-09-22T06:50:54.820093+00:00,stable,6.463766,200,True,False
9a2d49d0,2026-09-22T06:50:54.853803+00:00,stable,7.032213,200,True,False
9a2d49d0,2026-09-22T06:50:54.887819+00:00,stable,7.943042,200,True,False
9a2d49d0,2026-09-22T06:50:54.918206+00:00,stable,5.29066,200,True,False
9a2d49d0,2026-09-22T06:50:54.954441+00:00,stable,7.347556,200,True,False
9a2d49d0,2026-09-22T06:50:54.982646+00:00,stable,2.929937,200,True,False
9a2d49d0,2026-09-22T06:50:55.022154+00:00,stable,9.290878,200,True,False
9a2d49d0,2026-09-22T06:50:55.052418+00:00,stable,5.409109,200,True,False
9a2d49d0,2026-09-22T06:50:55.086094+00:00,stable,6.170304,200,True,False
9a2d49d0,2026-09-22T06:50:55.120088+00:00,stable,6.293588,200,True,False
9a2d49d0,2026-09-22T06:50:55.151641+00:00,stable,4.761864,200,True,False
9a2d49d0,2026-09-22T06:50:55.186590+00:00,stable,6.563238,200,True,False
9a2d49d0,2026-09-22T06:50:55.220228+00:00,stable,6.469471,200,True,False
9a2d49d0,2026-09-22T06:50:55.255186+00:00,stable,8.054432,200,True,False
9a2d49d0,2026-09-22T06:50:55.289633+00:00,stable,8.496846,200,True,False
9a2d49d0,2026-09-22T06:50:55.319931+00:00,stable,6.665103,200,True,False
9a2d49d0,2026-09-22T06:50:55.351263+00:00,stable,4.627098,200,True,False
9a2d49d0,2026-09-22T06:50:55.385213+00:00,stable,5.319132,200,True,False
9a2d49d0,2026-09-22T06:50:55.418671+00:00,stable,5.452794,200,True,False
9a2d49d0,2026-09-22T06:50:55.453229+00:00,stable,6.588211,200,True,False
9a2d49d0,2026-09-22T06:50:55.486985+00:00,stable,6.473773,200,True,False
9a2d49d0,2026-09-22T06:50:55.518199+00:00,stable,5.10859,200,True,False
9a2d49d0,2026-09-22T06:50:55.551458+00:00,stable,4.574603,200,True,False
9a2d49d0,2026-09-22T06:50:55.583400+00:00,stable,3.068679,200,True,False
9a2d49d0,2026-09-22T06:50:55.616690+00:00,stable,3.159369,200,True,False
9a2d49d0,2026-09-22T06:50:55.649322+00:00,stable,3.226593,200,True,False
9a2d49d0,2026-09-22T06:50:55.683216+00:00,stable,2.916097,200,True,False
9a2d49d0,2026-09-22T06:50:55.716071+00:00,stable,2.973846,200,True,False
9a2d49d0,2026-09-22T06:50:55.749582+00:00,stable,3.167205,200,True,False
9a2d49d0,2026-09-22T06:50:55.782326+00:00,stable,2.98749,200,True,False
9a2d49d0,2026-09-22T06:50:55.816197+00:00,stable,3.305114,200,True,False
9a2d49d0,2026-09-22T06:50:55.849590+00:00,stable,2.990079,200,True,False
9a2d49d0,2026-09-22T06:50:55.886273+00:00,stable,6.040213,200,True,False
9a2d49d0,2026-09-22T06:50:55.920627+00:00,stable,7.491241,200,True,False
9a2d49d0,2026-09-22T06:50:55.953334+00:00,stable,7.163879,200,True,False
9a2d49d0,2026-09-22T06:50:55.985947+00:00,stable,5.230929,200,True,False
9a2d49d0,2026-09-22T06:50:56.019411+00:00,stable,4.346764,200,True,False
9a2d49d0,2026-09-22T06:50:56.049968+00:00,stable,3.965754,200,True,False
9a2d49d0,2026-09-22T06:50:56.085075+00:00,stable,5.375813,200,True,False
9a2d49d0,2026-09-22T06:50:56.119817+00:00,stable,6.917607,200,True,False
9a2d49d0,2026-09-22T06:50:56.152921+00:00,stable,6.459421,200,True,False
9a2d49d0,2026-09-22T06:50:56.186737+00:00,stable,6.744146,200,True,False
9a2d49d0,2026-09-22T06:50:56.220179+00:00,stable,6.875193,200,True,False
9a2d49d0,2026-09-22T06:50:56.252667+00:00,stable,5.847803,200,True,False
9a2d49d0,2026-09-22T06:50:56.284243+00:00,stable,4.512946,200,True,False
9a2d49d0,2026-09-22T06:50:56.322273+00:00,stable,8.645048,200,True,False
9a2d49d0,2026-09-22T06:50:56.351854+00:00,stable,4.985132,200,True,False
9a2d49d0,2026-09-22T06:50:56.383767+00:00,stable,3.463727,200,True,False
9a2d49d0,2026-09-22T06:50:56.419281+00:00,stable,5.307125,200,True,False
9a2d49d0,2026-09-22T06:50:56.451486+00:00,stable,5.381418,200,True,False
9a2d49d0,2026-09-22T06:50:56.485123+00:00,stable,5.534228,200,True,False
9a2d49d0,2026-09-22T06:50:56.518820+00:00,stable,5.664818,200,True,False
9a2d49d0,2026-09-22T06:50:56.551913+00:00,stable,5.437556,200,True,False
9a2d49d0,2026-09-22T06:50:56.585067+00:00,stable,4.72782,200,True,False
9a2d49d0,2026-09-22T06:50:56.621210+00:00,stable,7.743628,200,True,False
9a2d49d0,2026-09-22T06:50:56.652441+00:00,stable,5.479715,200,True,False
9a2d49d0,2026-09-22T06:50:56.687196+00:00,stable,6.471845,200,True,False
9a2d49d0,2026-09-22T06:50:56.727482+00:00,stable,14.206548,200,True,False
9a2d49d0,2026-09-22T06:50:56.754662+00:00,stable,6.160394,200,True,False
9a2d49d0,2026-09-22T06:50:56.849189+00:00,stable,68.567206,200,True,False
9a2d49d0,2026-09-22T06:50:56.851952+00:00,stable,3.266266,200,True,False
9a2d49d0,2026-09-22T06:50:56.852003+00:00,stable,3.472025,200,True,False
9a2d49d0,2026-09-22T06:50:56.883211+00:00,stable,3.137008,200,True,False
9a2d49d0,2026-09-22T06:50:56.919708+00:00,stable,6.742582,200,True,False
9a2d49d0,2026-09-22T06:50:56.954306+00:00,stable,7.747685,200,True,False
9a2d49d0,2026-09-22T06:50:56.982704+00:00,stable,2.816733,200,True,False
9a2d49d0,2026-09-22T06:50:57.016351+00:00,stable,2.99478,200,True,False
9a2d49d0,2026-09-22T06:50:57.049205+00:00,stable,3.275937,200,True,False
9a2d49d0,2026-09-22T06:50:57.084463+00:00,stable,4.078219,200,True,False
9a2d49d0,2026-09-22T06:50:57.119961+00:00,stable,6.816623,200,True,False
9a2d49d0,2026-09-22T06:50:57.153018+00:00,stable,5.807706,200,True,False
9a2d49d0,2026-09-22T06:50:57.182722+00:00,stable,2.835596,200,True,False
9a2d49d0,2026-09-22T06:50:57.216485+00:00,stable,2.802945,200,True,False
9a2d49d0,2026-09-22T06:50:57.250079+00:00,stable,2.943704,200,True,False
9a2d49d0,2026-09-22T06:50:57.282695+00:00,stable,2.972894,200,True,False
9a2d49d0,2026-09-22T06:50:57.316557+00:00,stable,2.842558,200,True,False
9a2d49d0,2026-09-22T06:50:57.349400+00:00,stable,3.086163,200,True,False
9a2d49d0,2026-09-22T06:50:57.383171+00:00,stable,2.756631,200,True,False
9a2d49d0,2026-09-22T06:50:57.415955+00:00,stable,3.004567,200,True,False
9a2d49d0,2026-09-22T06:50:57.449370+00:00,stable,3.05169,200,True,False
9a2d49d0,2026-09-22T06:50:57.483007+00:00,stable,3.042927,200,True,False
9a2d49d0,2026-09-22T06:50:57.516312+00:00,stable,3.464432,200,True,False
9a2d49d0,2026-09-22T06:50:57.550757+00:00,stable,3.840407,200,True,False
9a2d49d0,2026-09-22T06:50:57.583153+00:00,stable,3.62515,200,True,False
9a2d49d0,2026-09-22T06:50:57.617396+00:00,stable,4.471963,200,True,False
9a2d49d0,2026-09-22T06:50:57.652622+00:00,stable,4.966821,200,True,False
9a2d49d0,2026-09-22T06:50:57.683729+00:00,stable,4.22664,200,True,False
9a2d49d0,2026-09-22T06:50:57.718418+00:00,stable,4.004888,200,True,False
9a2d49d0,2026-09-22T06:50:57.750129+00:00,stable,3.96117,200,True,False
9a2d49d0,2026-09-22T06:50:57.784298+00:00,stable,4.020341,200,True,False
9a2d49d0,2026-09-22T06:50:57.817277+00:00,stable,4.16232,200,True,False
9a2d49d0,2026-09-22T06:50:57.850317+00:00,stable,3.389154,200,True,False
9a2d49d0,2026-09-22T06:50:57.884168+00:00,stable,4.044847,200,True,False
9a2d49d0,2026-09-22T06:50:57.916926+00:00,stable,3.976399,200,True,False
9a2d49d0,2026-09-22T06:50:57.952868+00:00,stable,5.957195,200,True,False
9a2d49d0,2026-09-22T06:50:57.983789+00:00,stable,3.795606,200,True,False
9a2d49d0,2026-09-22T06:50:58.017636+00:00,stable,4.857831,200,True,False
9a2d49d0,2026-09-22T06:50:58.054211+00:00,stable,7.854936,200,True,False
9a2d49d0,2026-09-22T06:50:58.083684+00:00,stable,3.871153,200,True,False
9a2d49d0,2026-09-22T06:50:58.118484+00:00,stable,5.296498,200,True,False
9a2d49d0,2026-09-22T06:50:58.153905+00:00,stable,7.434441,200,True,False
9a2d49d0,2026-09-22T06:50:58.186182+00:00,stable,6.030237,200,True,False
9a2d49d0,2026-09-22T06:50:58.221267+00:00,stable,7.340011,200,True,False
9a2d49d0,2026-09-22T06:50:58.253571+00:00,stable,6.403465,200,True,False
9a2d49d0,2026-09-22T06:50:58.286256+00:00,stable,6.55409,200,True,False
9a2d49d0,2026-09-22T06:50:58.319325+00:00,stable,5.474484,200,True,False
9a2d49d0,2026-09-22T06:50:58.354750+00:00,stable,7.13832,200,True,False
9a2d49d0,2026-09-22T06:50:58.383414+00:00,stable,3.62992,200,True,False
9a2d49d0,2026-09-22T06:50:58.416359+00:00,stable,2.959205,200,True,False
9a2d49d0,2026-09-22T06:50:58.453312+00:00,stable,6.191296,200,True,False
9a2d49d0,2026-09-22T06:50:58.486570+00:00,stable,6.768923,200,True,False
9a2d49d0,2026-09-22T06:50:58.519151+00:00,stable,5.383767,200,True,False
9a2d49d0,2026-09-22T06:50:58.552462+00:00,stable,6.176435,200,True,False
9a2d49d0,2026-09-22T06:50:58.587511+00:00,stable,6.921544,200,True,False
9a2d49d0,2026-09-22T06:50:58.618927+00:00,stable,6.012472,200,True,False
9a2d49d0,2026-09-22T06:50:58.653964+00:00,stable,6.883621,200,True,False
9a2d49d0,2026-09-22T06:50:58.686555+00:00,stable,6.140036,200,True,False
9a2d49d0,2026-09-22T06:50:58.717431+00:00,stable,4.732358,200,True,False
9a2d49d0,2026-09-22T06:50:58.751632+00:00,stable,5.293583,200,True,False
9a2d49d0,2026-09-22T06:50:58.786665+00:00,stable,6.43116,200,True,False
9a2d49d0,2026-09-22T06:50:58.815608+00:00,stable,2.904347,200,True,False
9a2d49d0,2026-09-22T06:50:58.849422+00:00,stable,2.889013,200,True,False
9a2d49d0,2026-09-22T06:50:58.883201+00:00,stable,2.845445,200,True,False
9a2d49d0,2026-09-22T06:50:58.915882+00:00,stable,2.920511,200,True,False
9a2d49d0,2026-09-22T06:50:58.949349+00:00,stable,2.972579,200,True,False
9a2d49d0,2026-09-22T06:50:58.982502+00:00,stable,2.931903,200,True,False
9a2d49d0,2026-09-22T06:50:59.016366+00:00,stable,3.00751,200,True,False
9a2d49d0,2026-09-22T06:50:59.049752+00:00,stable,2.86808,200,True,False
9a2d49d0,2026-09-22T06:50:59.082316+00:00,stable,2.850976,200,True,False
9a2d49d0,2026-09-22T06:50:59.115991+00:00,stable,2.961782,200,True,False
9a2d49d0,2026-09-22T06:50:59.170965+00:00,stable,24.54914,200,True,False
9a2d49d0,2026-09-22T06:50:59.182660+00:00,stable,3.330115,200,True,False
9a2d49d0,2026-09-22T06:50:59.218370+00:00,stable,4.665203,200,True,False
9a2d49d0,2026-09-22T06:50:59.254390+00:00,stable,6.850762,200,True,False
9a2d49d0,2026-09-22T06:50:59.285201+00:00,stable,4.937029,200,True,False
9a2d49d0,2026-09-22T06:50:59.320291+00:00,stable,6.463251,200,True,False
9a2d49d0,2026-09-22T06:50:59.354592+00:00,stable,7.346842,200,True,False
9a2d49d0,2026-09-22T06:50:59.386840+00:00,stable,6.585784,200,True,False
9a2d49d0,2026-09-22T06:50:59.416210+00:00,stable,3.558631,200,True,False
9a2d49d0,2026-09-22T06:50:59.454187+00:00,stable,7.339915,200,True,False
9a2d49d0,2026-09-22T06:50:59.487239+00:00,stable,6.63179,200,True,False
9a2d49d0,2026-09-22T06:50:59.520027+00:00,stable,6.032886,200,True,False
9a2d49d0,2026-09-22T06:50:59.553013+00:00,stable,6.048785,200,True,False
9a2d49d0,2026-09-22T06:50:59.584715+00:00,stable,4.601099,200,True,False
9a2d49d0,2026-09-22T06:50:59.620033+00:00,stable,6.609365,200,True,False
9a2d49d0,2026-09-22T06:50:59.651817+00:00,stable,5.135309,200,True,False
9a2d49d0,2026-09-22T06:50:59.683003+00:00,stable,3.177182,200,True,False
9a2d49d0,2026-09-22T06:50:59.773929+00:00,stable,60.240957,200,True,False
9a2d49d0,2026-09-22T06:50:59.780368+00:00,stable,33.247175,200,True,False
9a2d49d0,2026-09-22T06:50:59.783993+00:00,stable,4.334277,200,True,False
9a2d49d0,2026-09-22T06:50:59.819913+00:00,stable,6.59161,200,True,False
9a2d49d0,2026-09-22T06:50:59.851827+00:00,stable,4.862009,200,True,False
9a2d49d0,2026-09-22T06:50:59.882860+00:00,stable,3.361653,200,True,False
9a2d49d0,2026-09-22T06:50:59.919517+00:00,stable,5.683739,200,True,False
9a2d49d0,2026-09-22T06:50:59.952235+00:00,stable,5.577257,200,True,False
9a2d49d0,2026-09-22T06:50:59.982256+00:00,stable,2.663381,200,True,False
9a2d49d0,2026-09-22T06:51:00.015951+00:00,stable,2.980475,200,True,False
9a2d49d0,2026-09-22T06:51:00.049279+00:00,stable,2.876865,200,True,False
9a2d49d0,2026-09-22T06:51:00.083698+00:00,stable,3.506408,200,True,False
9a2d49d0,2026-09-22T06:51:00.119617+00:00,stable,6.764524,200,True,False
9a2d49d0,2026-09-22T06:51:00.150201+00:00,stable,3.708131,200,True,False
9a2d49d0,2026-09-22T06:51:00.185469+00:00,stable,5.166358,200,True,False
9a2d49d0,2026-09-22T06:51:00.220719+00:00,stable,6.871103,200,True,False
9a2d49d0,2026-09-22T06:51:00.249332+00:00,stable,3.194825,200,True,False
9a2d49d0,2026-09-22T06:51:00.286063+00:00,stable,5.660834,200,True,False
9a2d49d0,2026-09-22T06:51:00.322542+00:00,stable,9.028636,200,True,False
9a2d49d0,2026-09-22T06:51:00.350125+00:00,stable,3.073277,200,True,False
9a2d49d0,2026-09-22T06:51:00.383573+00:00,stable,3.443937,200,True,False
9a2d49d0,2026-09-22T06:51:00.417743+00:00,stable,3.856823,200,True,False
9a2d49d0,2026-09-22T06:51:00.450022+00:00,stable,3.49843,200,True,False
9a2d49d0,2026-09-22T06:51:00.485610+00:00,stable,5.451946,200,True,False
9a2d49d0,2026-09-22T06:51:00.521167+00:00,stable,7.261051,200,True,False
9a2d49d0,2026-09-22T06:51:00.553150+00:00,stable,6.111782,200,True,False
9a2d49d0,2026-09-22T06:51:00.585252+00:00,stable,4.853448,200,True,False
9a2d49d0,2026-09-22T06:51:00.620753+00:00,stable,7.246689,200,True,False
9a2d49d0,2026-09-22T06:51:00.653347+00:00,stable,6.762605,200,True,False
9a2d49d0,2026-09-22T06:51:00.686186+00:00,stable,5.056902,200,True,False
9a2d49d0,2026-09-22T06:51:00.718053+00:00,stable,5.262705,200,True,False
9a2d49d0,2026-09-22T06:51:00.751812+00:00,stable,5.030433,200,True,False
9a2d49d0,2026-09-22T06:51:00.782994+00:00,stable,3.220907,200,True,False
9a2d49d0,2026-09-22T06:51:00.818203+00:00,stable,5.115481,200,True,False
9a2d49d0,2026-09-22T06:51:00.849469+00:00,stable,2.877808,200,True,False
9a2d49d0,2026-09-22T06:51:00.883841+00:00,stable,3.473122,200,True,False
9a2d49d0,2026-09-22T06:51:00.915725+00:00,stable,3.066582,200,True,False
9a2d49d0,2026-09-22T06:51:00.951734+00:00,stable,5.378291,200,True,False
9a2d49d0,2026-09-22T06:51:00.985807+00:00,stable,5.569458,200,True,False
9a2d49d0,2026-09-22T06:51:01.017162+00:00,stable,3.387899,200,True,False
9a2d49d0,2026-09-22T06:51:01.053447+00:00,stable,6.377624,200,True,False
9a2d49d0,2026-09-22T06:51:01.084457+00:00,stable,4.892669,200,True,False
9a2d49d0,2026-09-22T06:51:01.118659+00:00,stable,5.079443,200,True,False
9a2d49d0,2026-09-22T06:51:01.153105+00:00,stable,6.730873,200,True,False
9a2d49d0,2026-09-22T06:51:01.183676+00:00,stable,3.323133,200,True,False
9a2d49d0,2026-09-22T06:51:01.218691+00:00,stable,5.53726,200,True,False
9a2d49d0,2026-09-22T06:51:01.252936+00:00,stable,6.005605,200,True,False
9a2d49d0,2026-09-22T06:51:01.282710+00:00,stable,2.761786,200,True,False
9a2d49d0,2026-09-22T06:51:01.316175+00:00,stable,2.463077,200,True,False
9a2d49d0,2026-09-22T06:51:01.352333+00:00,stable,5.270095,200,True,False
9a2d49d0,2026-09-22T06:51:01.383115+00:00,stable,2.889064,200,True,False
9a2d49d0,2026-09-22T06:51:01.418136+00:00,stable,5.04929,200,True,False
9a2d49d0,2026-09-22T06:51:01.451377+00:00,stable,4.168821,200,True,False
9a2d49d0,2026-09-22T06:51:01.482721+00:00,stable,2.627191,200,True,False
9a2d49d0,2026-09-22T06:51:01.516241+00:00,stable,2.807104,200,True,False
9a2d49d0,2026-09-22T06:51:01.549601+00:00,stable,2.741607,200,True,False
9a2d49d0,2026-09-22T06:51:01.582208+00:00,stable,2.710715,200,True,False
9a2d49d0,2026-09-22T06:51:01.615539+00:00,stable,2.687548,200,True,False
9a2d49d0,2026-09-22T06:51:01.648790+00:00,stable,2.769801,200,True,False
9a2d49d0,2026-09-22T06:51:01.682814+00:00,stable,2.692433,200,True,False
9a2d49d0,2026-09-22T06:51:01.715541+00:00,stable,2.792293,200,True,False
9a2d49d0,2026-09-22T06:51:01.749714+00:00,stable,2.70891,200,True,False
9a2d49d0,2026-09-22T06:51:01.782019+00:00,stable,2.566903,200,True,False
9a2d49d0,2026-09-22T06:51:01.816608+00:00,stable,3.893073,200,True,False
9a2d49d0,2026-09-22T06:51:01.852640+00:00,stable,6.272825,200,True,False
9a2d49d0,2026-09-22T06:51:01.884504+00:00,stable,4.814586,200,True,False
9a2d49d0,2026-09-22T06:51:01.919366+00:00,stable,5.668233,200,True,False
9a2d49d0,2026-09-22T06:51:01.950478+00:00,stable,3.544603,200,True,False
9a2d49d0,2026-09-22T06:51:01.982881+00:00,stable,2.620847,200,True,False
9a2d49d0,2026-09-22T06:51:02.016877+00:00,stable,3.274188,200,True,False
9a2d49d0,2026-09-22T06:51:02.053208+00:00,stable,6.598987,200,True,False
9a2d49d0,2026-09-22T06:51:02.084099+00:00,stable,3.657556,200,True,False
9a2d49d0,2026-09-22T06:51:02.118549+00:00,stable,5.312398,200,True,False
9a2d49d0,2026-09-22T06:51:02.153702+00:00,stable,6.876502,200,True,False
9a2d49d0,2026-09-22T06:51:02.183240+00:00,stable,2.835249,200,True,False
9a2d49d0,2026-09-22T06:51:02.215887+00:00,stable,2.609764,200,True,False
9a2d49d0,2026-09-22T06:51:02.249254+00:00,stable,2.958148,200,True,False
9a2d49d0,2026-09-22T06:51:02.282848+00:00,stable,2.693074,200,True,False
9a2d49d0,2026-09-22T06:51:02.316199+00:00,stable,2.561603,200,True,False
9a2d49d0,2026-09-22T06:51:02.349098+00:00,stable,2.575358,200,True,False
9a2d49d0,2026-09-22T06:51:02.384006+00:00,stable,3.917822,200,True,False
9a2d49d0,2026-09-22T06:51:02.416562+00:00,stable,3.54024,200,True,False
9a2d49d0,2026-09-22T06:51:02.449587+00:00,stable,2.562386,200,True,False
9a2d49d0,2026-09-22T06:51:02.483581+00:00,stable,3.685098,200,True,False
9a2d49d0,2026-09-22T06:51:02.516995+00:00,stable,4.11261,200,True,False
9a2d49d0,2026-09-22T06:51:02.552309+00:00,stable,5.44652,200,True,False
9a2d49d0,2026-09-22T06:51:02.583409+00:00,stable,3.675094,200,True,False
9a2d49d0,2026-09-22T06:51:02.619814+00:00,stable,6.247891,200,True,False
9a2d49d0,2026-09-22T06:51:02.652137+00:00,stable,5.659478,200,True,False
9a2d49d0,2026-09-22T06:51:02.684648+00:00,stable,4.894714,200,True,False
9a2d49d0,2026-09-22T06:51:02.716551+00:00,stable,3.141912,200,True,False
9a2d49d0,2026-09-22T06:51:02.752329+00:00,stable,5.816269,200,True,False
9a2d49d0,2026-09-22T06:51:02.788107+00:00,stable,7.767768,200,True,False
9a2d49d0,2026-09-22T06:51:02.818165+00:00,stable,5.282772,200,True,False
9a2d49d0,2026-09-22T06:51:02.853271+00:00,stable,6.255893,200,True,False
9a2d49d0,2026-09-22T06:51:02.885577+00:00,stable,5.368279,200,True,False
9a2d49d0,2026-09-22T06:51:02.917865+00:00,stable,4.443788,200,True,False
9a2d49d0,2026-09-22T06:51:02.953100+00:00,stable,6.19737,200,True,False
9a2d49d0,2026-09-22T06:51:02.986552+00:00,stable,6.30344,200,True,False
9a2d49d0,2026-09-22T06:51:03.015176+00:00,stable,2.455048,200,True,False
9a2d49d0,2026-09-22T06:51:03.053554+00:00,stable,6.383866,200,True,False
9a2d49d0,2026-09-22T06:51:03.088484+00:00,stable,8.109268,200,True,False
9a2d49d0,2026-09-22T06:51:03.116568+00:00,stable,3.281987,200,True,False
9a2d49d0,2026-09-22T06:51:03.153665+00:00,stable,6.475496,200,True,False
9a2d49d0,2026-09-22T06:51:03.185161+00:00,stable,4.93184,200,True,False
9a2d49d0,2026-09-22T06:51:03.216294+00:00,stable,3.38135,200,True,False
9a2d49d0,2026-09-22T06:51:03.252883+00:00,stable,5.954292,200,True,False
9a2d49d0,2026-09-22T06:51:03.286099+00:00,stable,5.872167,200,True,False
9a2d49d0,2026-09-22T06:51:03.318171+00:00,stable,4.792181,200,True,False
9a2d49d0,2026-09-22T06:51:03.353868+00:00,stable,7.000674,200,True,False
9a2d49d0,2026-09-22T06:51:03.383368+00:00,stable,3.312572,200,True,False
9a2d49d0,2026-09-22T06:51:03.415351+00:00,stable,2.647546,200,True,False
9a2d49d0,2026-09-22T06:51:03.452929+00:00,stable,5.912632,200,True,False
9a2d49d0,2026-09-22T06:51:03.484609+00:00,stable,4.44938,200,True,False
9a2d49d0,2026-09-22T06:51:03.516439+00:00,stable,3.029598,200,True,False
9a2d49d0,2026-09-22T06:51:03.551591+00:00,stable,4.658955,200,True,False
9a2d49d0,2026-09-22T06:51:03.585396+00:00,stable,4.954509,200,True,False
9a2d49d0,2026-09-22T06:51:03.619477+00:00,stable,5.335681,200,True,False
9a2d49d0,2026-09-22T06:51:03.651048+00:00,stable,4.90985,200,True,False
9a2d49d0,2026-09-22T06:51:03.684759+00:00,stable,4.815654,200,True,False
9a2d49d0,2026-09-22T06:51:03.717721+00:00,stable,4.29782,200,True,False
9a2d49d0,2026-09-22T06:51:03.748470+00:00,stable,2.526169,200,True,False
9a2d49d0,2026-09-22T06:51:03.782726+00:00,stable,3.271628,200,True,False
9a2d49d0,2026-09-22T06:51:03.820611+00:00,stable,4.63682,200,True,False
9a2d49d0,2026-09-22T06:51:03.850295+00:00,stable,4.263969,200,True,False
9a2d49d0,2026-09-22T06:51:03.886079+00:00,stable,5.715985,200,True,False
9a2d49d0,2026-09-22T06:51:03.919462+00:00,stable,6.156101,200,True,False
9a2d49d0,2026-09-22T06:51:03.951997+00:00,stable,5.637105,200,True,False
9a2d49d0,2026-09-22T06:51:03.983422+00:00,stable,3.849289,200,True,False
9a2d49d0,2026-09-22T06:51:04.019151+00:00,stable,6.063215,200,True,False
9a2d49d0,2026-09-22T06:51:04.049541+00:00,stable,2.543093,200,True,False
9a2d49d0,2026-09-22T06:51:04.082845+00:00,stable,2.617643,200,True,False
9a2d49d0,2026-09-22T06:51:04.116649+00:00,stable,3.780404,200,True,False
9a2d49d0,2026-09-22T06:51:04.148902+00:00,stable,2.679107,200,True,False
9a2d49d0,2026-09-22T06:51:04.182479+00:00,stable,2.89991,200,True,False
9a2d49d0,2026-09-22T06:51:04.218433+00:00,stable,5.010881,200,True,False
9a2d49d0,2026-09-22T06:51:04.251274+00:00,stable,4.837762,200,True,False
9a2d49d0,2026-09-22T06:51:04.282437+00:00,stable,2.409567,200,True,False
9a2d49d0,2026-09-22T06:51:04.315976+00:00,stable,2.707712,200,True,False
9a2d49d0,2026-09-22T06:51:04.348986+00:00,stable,2.639349,200,True,False
9a2d49d0,2026-09-22T06:51:04.382581+00:00,stable,2.441613,200,True,False
9a2d49d0,2026-09-22T06:51:04.416274+00:00,stable,2.642595,200,True,False
9a2d49d0,2026-09-22T06:51:04.449834+00:00,stable,2.914214,200,True,False
9a2d49d0,2026-09-22T06:51:04.482656+00:00,stable,2.725845,200,True,False
9a2d49d0,2026-09-22T06:51:04.516341+00:00,stable,3.082292,200,True,False
9a2d49d0,2026-09-22T06:51:04.549551+00:00,stable,2.59462,200,True,False
9a2d49d0,2026-09-22T06:51:04.582779+00:00,stable,2.550824,200,True,False
9a2d49d0,2026-09-22T06:51:04.616093+00:00,stable,2.560262,200,True,False
9a2d49d0,2026-09-22T06:51:04.649281+00:00,stable,2.733089,200,True,False
9a2d49d0,2026-09-22T06:51:04.682440+00:00,stable,2.488065,200,True,False
9a2d49d0,2026-09-22T06:51:04.715549+00:00,stable,2.587747,200,True,False
9a2d49d0,2026-09-22T06:51:04.749531+00:00,stable,2.627872,200,True,False
9a2d49d0,2026-09-22T06:51:04.782159+00:00,stable,2.758835,200,True,False
9a2d49d0,2026-09-22T06:51:04.815482+00:00,stable,2.817442,200,True,False
9a2d49d0,2026-09-22T06:51:04.848895+00:00,stable,2.921617,200,True,False
9a2d49d0,2026-09-22T06:51:04.882146+00:00,stable,2.543487,200,True,False
9a2d49d0,2026-09-22T06:51:04.915413+00:00,stable,2.715291,200,True,False
9a2d49d0,2026-09-22T06:51:04.949965+00:00,stable,2.848477,200,True,False
9a2d49d0,2026-09-22T06:51:04.982710+00:00,stable,2.934027,200,True,False
9a2d49d0,2026-09-22T06:51:05.016271+00:00,stable,2.914914,200,True,False
9a2d49d0,2026-09-22T06:51:05.049711+00:00,stable,2.973009,200,True,False
9a2d49d0,2026-09-22T06:51:05.082635+00:00,stable,3.170342,200,True,False
9a2d49d0,2026-09-22T06:51:05.116301+00:00,stable,2.819018,200,True,False
9a2d49d0,2026-09-22T06:51:05.149807+00:00,stable,3.054927,200,True,False
9a2d49d0,2026-09-22T06:51:05.182375+00:00,stable,2.533959,200,True,False
9a2d49d0,2026-09-22T06:51:05.215535+00:00,stable,2.66766,200,True,False
9a2d49d0,2026-09-22T06:51:05.249927+00:00,stable,2.996063,200,True,False
9a2d49d0,2026-09-22T06:51:05.283367+00:00,stable,3.7347,200,True,False
9a2d49d0,2026-09-22T06:51:05.317990+00:00,stable,4.534822,200,True,False
9a2d49d0,2026-09-22T06:51:05.349524+00:00,stable,2.987533,200,True,False
9a2d49d0,2026-09-22T06:51:05.382096+00:00,stable,2.656572,200,True,False
9a2d49d0,2026-09-22T06:51:05.415628+00:00,stable,2.776503,200,True,False
9a2d49d0,2026-09-22T06:51:05.450200+00:00,stable,3.150425,200,True,False
9a2d49d0,2026-09-22T06:51:05.483378+00:00,stable,3.273723,200,True,False
9a2d49d0,2026-09-22T06:51:05.516291+00:00,stable,2.942829,200,True,False
9a2d49d0,2026-09-22T06:51:05.550279+00:00,stable,3.439107,200,True,False
9a2d49d0,2026-09-22T06:51:05.582894+00:00,stable,2.792688,200,True,False
9a2d49d0,2026-09-22T06:51:05.615629+00:00,stable,2.793557,200,True,False
9a2d49d0,2026-09-22T06:51:05.649248+00:00,stable,3.010763,200,True,False
9a2d49d0,2026-09-22T06:51:05.682865+00:00,stable,2.85028,200,True,False
9a2d49d0,2026-09-22T06:51:05.716213+00:00,stable,2.733927,200,True,False
9a2d49d0,2026-09-22T06:51:05.749483+00:00,stable,2.865182,200,True,False
9a2d49d0,2026-09-22T06:51:05.783396+00:00,stable,2.805855,200,True,False
9a2d49d0,2026-09-22T06:51:05.816020+00:00,stable,2.904261,200,True,False
9a2d49d0,2026-09-22T06:51:05.849164+00:00,stable,2.759328,200,True,False
9a2d49d0,2026-09-22T06:51:05.882645+00:00,stable,2.731813,200,True,False
9a2d49d0,2026-09-22T06:51:05.915811+00:00,stable,2.548841,200,True,False
9a2d49d0,2026-09-22T06:51:05.948799+00:00,stable,2.595945,200,True,False
9a2d49d0,2026-09-22T06:51:05.982842+00:00,stable,2.902049,200,True,False
9a2d49d0,2026-09-22T06:51:06.016073+00:00,stable,2.661452,200,True,False
9a2d49d0,2026-09-22T06:51:06.049475+00:00,stable,2.822365,200,True,False
9a2d49d0,2026-09-22T06:51:06.083207+00:00,stable,2.74137,200,True,False
9a2d49d0,2026-09-22T06:51:06.115756+00:00,stable,2.910377,200,True,False
9a2d49d0,2026-09-22T06:51:06.150137+00:00,stable,4.011267,200,True,False
9a2d49d0,2026-09-22T06:51:06.183641+00:00,stable,3.643753,200,True,False
9a2d49d0,2026-09-22T06:51:06.217752+00:00,stable,4.167015,200,True,False
9a2d49d0,2026-09-22T06:51:06.251525+00:00,stable,5.320955,200,True,False
9a2d49d0,2026-09-22T06:51:06.283607+00:00,stable,4.092044,200,True,False
9a2d49d0,2026-09-22T06:51:06.318326+00:00,stable,4.648185,200,True,False
9a2d49d0,2026-09-22T06:51:06.352672+00:00,stable,5.297989,200,True,False
9a2d49d0,2026-09-22T06:51:06.382812+00:00,stable,3.299597,200,True,False
9a2d49d0,2026-09-22T06:51:06.415424+00:00,stable,2.849192,200,True,False
9a2d49d0,2026-09-22T06:51:06.451067+00:00,stable,4.885032,200,True,False
9a2d49d0,2026-09-22T06:51:06.483476+00:00,stable,3.449376,200,True,False
9a2d49d0,2026-09-22T06:51:06.517268+00:00,stable,3.610875,200,True,False
9a2d49d0,2026-09-22T06:51:06.551256+00:00,stable,4.475614,200,True,False
9a2d49d0,2026-09-22T06:51:06.584641+00:00,stable,4.522368,200,True,False
9a2d49d0,2026-09-22T06:51:06.620037+00:00,stable,6.103079,200,True,False
9a2d49d0,2026-09-22T06:51:06.652764+00:00,stable,5.640688,200,True,False
9a2d49d0,2026-09-22T06:51:06.686176+00:00,stable,6.306619,200,True,False
9a2d49d0,2026-09-22T06:51:06.715538+00:00,stable,2.736774,200,True,False
9a2d49d0,2026-09-22T06:51:06.750538+00:00,stable,3.526651,200,True,False
9a2d49d0,2026-09-22T06:51:06.782399+00:00,stable,2.902523,200,True,False
9a2d49d0,2026-09-22T06:51:06.815899+00:00,stable,2.833946,200,True,False
9a2d49d0,2026-09-22T06:51:06.849193+00:00,stable,2.822857,200,True,False
9a2d49d0,2026-09-22T06:51:06.882640+00:00,stable,2.711932,200,True,False
9a2d49d0,2026-09-22T06:51:06.916448+00:00,stable,2.887417,200,True,False
9a2d49d0,2026-09-22T06:51:06.949553+00:00,stable,2.698564,200,True,False
9a2d49d0,2026-09-22T06:51:06.982868+00:00,stable,2.656541,200,True,False
9a2d49d0,2026-09-22T06:51:07.016327+00:00,stable,2.712209,200,True,False
9a2d49d0,2026-09-22T06:51:07.049524+00:00,stable,2.835845,200,True,False
9a2d49d0,2026-09-22T06:51:07.082885+00:00,stable,2.578318,200,True,False
9a2d49d0,2026-09-22T06:51:07.116151+00:00,stable,2.612339,200,True,False
9a2d49d0,2026-09-22T06:51:07.149298+00:00,stable,2.741137,200,True,False
9a2d49d0,2026-09-22T06:51:07.183113+00:00,stable,2.852708,200,True,False
9a2d49d0,2026-09-22T06:51:07.215622+00:00,stable,2.600344,200,True,False
9a2d49d0,2026-09-22T06:51:07.250255+00:00,stable,4.192755,200,True,False
9a2d49d0,2026-09-22T06:51:07.285534+00:00,stable,5.203686,200,True,False
9a2d49d0,2026-09-22T06:51:07.317910+00:00,stable,4.440875,200,True,False
9a2d49d0,2026-09-22T06:51:07.352140+00:00,stable,5.187213,200,True,False
9a2d49d0,2026-09-22T06:51:07.384096+00:00,stable,4.435077,200,True,False
9a2d49d0,2026-09-22T06:51:07.417516+00:00,stable,4.545986,200,True,False
9a2d49d0,2026-09-22T06:51:07.449700+00:00,stable,2.736528,200,True,False
9a2d49d0,2026-09-22T06:51:07.482613+00:00,stable,2.738583,200,True,False
9a2d49d0,2026-09-22T06:51:07.553577+00:00,stable,5.256854,200,True,False
9a2d49d0,2026-09-22T06:51:07.554613+00:00,stable,6.385936,200,True,False
9a2d49d0,2026-09-22T06:51:07.581898+00:00,stable,2.436147,200,True,False
9a2d49d0,2026-09-22T06:51:07.615318+00:00,stable,2.639552,200,True,False
9a2d49d0,2026-09-22T06:51:07.652093+00:00,stable,5.163308,200,True,False
9a2d49d0,2026-09-22T06:51:07.683839+00:00,stable,4.198825,200,True,False
9a2d49d0,2026-09-22T06:51:07.716261+00:00,stable,3.353982,200,True,False
9a2d49d0,2026-09-22T06:51:07.749662+00:00,stable,2.86278,200,True,False
9a2d49d0,2026-09-22T06:51:07.782216+00:00,stable,2.804401,200,True,False
9a2d49d0,2026-09-22T06:51:07.816271+00:00,stable,2.821458,200,True,False
9a2d49d0,2026-09-22T06:51:07.850532+00:00,stable,3.334879,200,True,False
9a2d49d0,2026-09-22T06:51:07.882850+00:00,stable,3.271743,200,True,False
9a2d49d0,2026-09-22T06:51:07.916209+00:00,stable,2.625294,200,True,False
9a2d49d0,2026-09-22T06:51:07.948804+00:00,stable,2.665819,200,True,False
9a2d49d0,2026-09-22T06:51:07.983213+00:00,stable,3.14517,200,True,False
9a2d49d0,2026-09-22T06:51:08.017889+00:00,stable,4.675007,200,True,False
9a2d49d0,2026-09-22T06:51:08.051032+00:00,stable,4.576515,200,True,False
9a2d49d0,2026-09-22T06:51:08.085901+00:00,stable,5.429868,200,True,False
9a2d49d0,2026-09-22T06:51:08.119012+00:00,stable,5.916658,200,True,False
9a2d49d0,2026-09-22T06:51:08.152428+00:00,stable,5.266737,200,True,False
9a2d49d0,2026-09-22T06:51:08.188099+00:00,stable,7.379497,200,True,False
9a2d49d0,2026-09-22T06:51:08.216446+00:00,stable,3.140849,200,True,False
9a2d49d0,2026-09-22T06:51:08.250135+00:00,stable,3.079226,200,True,False
9a2d49d0,2026-09-22T06:51:08.284253+00:00,stable,3.937825,200,True,False
9a2d49d0,2026-09-22T06:51:08.318872+00:00,stable,5.234579,200,True,False
9a2d49d0,2026-09-22T06:51:08.350040+00:00,stable,3.223067,200,True,False
9a2d49d0,2026-09-22T06:51:08.383723+00:00,stable,3.67271,200,True,False
9a2d49d0,2026-09-22T06:51:08.416945+00:00,stable,3.151461,200,True,False
9a2d49d0,2026-09-22T06:51:08.449740+00:00,stable,2.969527,200,True,False
9a2d49d0,2026-09-22T06:51:08.483103+00:00,stable,3.199028,200,True,False
9a2d49d0,2026-09-22T06:51:08.516435+00:00,stable,3.328238,200,True,False
9a2d49d0,2026-09-22T06:51:08.550468+00:00,stable,3.506991,200,True,False
9a2d49d0,2026-09-22T06:51:08.582792+00:00,stable,2.685672,200,True,False
9a2d49d0,2026-09-22T06:51:08.616262+00:00,stable,2.653732,200,True,False
9a2d49d0,2026-09-22T06:51:08.649933+00:00,stable,3.016297,200,True,False
9a2d49d0,2026-09-22T06:51:08.684366+00:00,stable,4.12426,200,True,False
9a2d49d0,2026-09-22T06:51:08.717795+00:00,stable,4.224491,200,True,False
9a2d49d0,2026-09-22T06:51:08.749045+00:00,stable,2.682994,200,True,False
9a2d49d0,2026-09-22T06:51:08.782681+00:00,stable,3.184092,200,True,False
9a2d49d0,2026-09-22T06:51:08.815572+00:00,stable,2.706793,200,True,False
9a2d49d0,2026-09-22T06:51:08.850556+00:00,stable,2.783928,200,True,False
9a2d49d0,2026-09-22T06:51:08.883219+00:00,stable,2.847527,200,True,False
9a2d49d0,2026-09-22T06:51:08.915694+00:00,stable,2.838807,200,True,False
9a2d49d0,2026-09-22T06:51:08.948957+00:00,stable,2.879833,200,True,False
9a2d49d0,2026-09-22T06:51:08.982867+00:00,stable,2.729582,200,True,False
9a2d49d0,2026-09-22T06:51:09.016034+00:00,stable,3.077094,200,True,False
9a2d49d0,2026-09-22T06:51:09.049627+00:00,stable,2.854871,200,True,False
9a2d49d0,2026-09-22T06:51:09.082825+00:00,stable,2.468733,200,True,False
9a2d49d0,2026-09-22T06:51:09.118544+00:00,stable,4.844321,200,True,False
9a2d49d0,2026-09-22T06:51:09.152687+00:00,stable,5.316187,200,True,False
9a2d49d0,2026-09-22T06:51:09.184471+00:00,stable,4.646529,200,True,False
9a2d49d0,2026-09-22T06:51:09.218241+00:00,stable,4.743614,200,True,False
9a2d49d0,2026-09-22T06:51:09.252505+00:00,stable,5.412641,200,True,False
9a2d49d0,2026-09-22T06:51:09.282289+00:00,stable,2.50246,200,True,False
9a2d49d0,2026-09-22T06:51:09.316091+00:00,stable,3.222779,200,True,False
9a2d49d0,2026-09-22T06:51:09.352090+00:00,stable,5.470467,200,True,False
9a2d49d0,2026-09-22T06:51:09.384408+00:00,stable,4.346949,200,True,False
9a2d49d0,2026-09-22T06:51:09.419226+00:00,stable,6.039156,200,True,False
9a2d49d0,2026-09-22T06:51:09.452842+00:00,stable,5.976645,200,True,False
9a2d49d0,2026-09-22T06:51:09.484430+00:00,stable,4.854345,200,True,False
9a2d49d0,2026-09-22T06:51:09.518900+00:00,stable,5.468274,200,True,False
9a2d49d0,2026-09-22T06:51:09.551375+00:00,stable,4.478052,200,True,False
9a2d49d0,2026-09-22T06:51:09.583836+00:00,stable,3.695649,200,True,False
9a2d49d0,2026-09-22T06:51:09.618207+00:00,stable,5.385238,200,True,False
9a2d49d0,2026-09-22T06:51:09.649821+00:00,stable,2.785692,200,True,False
9a2d49d0,2026-09-22T06:51:09.683154+00:00,stable,3.050137,200,True,False
9a2d49d0,2026-09-22T06:51:09.716807+00:00,stable,3.913876,200,True,False
9a2d49d0,2026-09-22T06:51:09.751789+00:00,stable,5.30013,200,True,False
9a2d49d0,2026-09-22T06:51:09.784066+00:00,stable,3.648033,200,True,False
9a2d49d0,2026-09-22T06:51:09.817587+00:00,stable,4.537354,200,True,False
9a2d49d0,2026-09-22T06:51:09.851555+00:00,stable,5.472075,200,True,False
9a2d49d0,2026-09-22T06:51:09.882467+00:00,stable,2.660737,200,True,False
9a2d49d0,2026-09-22T06:51:09.916976+00:00,stable,3.798065,200,True,False
9a2d49d0,2026-09-22T06:51:09.952545+00:00,stable,5.933951,200,True,False
9a2d49d0,2026-09-22T06:51:09.982717+00:00,stable,2.832001,200,True,False
9a2d49d0,2026-09-22T06:51:10.016168+00:00,stable,2.613639,200,True,False
9a2d49d0,2026-09-22T06:51:10.049373+00:00,stable,2.622528,200,True,False
9a2d49d0,2026-09-22T06:51:10.082903+00:00,stable,2.812762,200,True,False
9a2d49d0,2026-09-22T06:51:10.116256+00:00,stable,2.593295,200,True,False
9a2d49d0,2026-09-22T06:51:10.149438+00:00,stable,2.592139,200,True,False
9a2d49d0,2026-09-22T06:51:10.182768+00:00,stable,2.754943,200,True,False
9a2d49d0,2026-09-22T06:51:10.216294+00:00,stable,2.717778,200,True,False
9a2d49d0,2026-09-22T06:51:10.249519+00:00,stable,2.726686,200,True,False
9a2d49d0,2026-09-22T06:51:10.282341+00:00,stable,2.710759,200,True,False
9a2d49d0,2026-09-22T06:51:10.315949+00:00,stable,2.979798,200,True,False
9a2d49d0,2026-09-22T06:51:10.349182+00:00,stable,2.648133,200,True,False
9a2d49d0,2026-09-22T06:51:10.382461+00:00,stable,2.520171,200,True,False
9a2d49d0,2026-09-22T06:51:10.416084+00:00,stable,2.961252,200,True,False
9a2d49d0,2026-09-22T06:51:10.449381+00:00,stable,2.699016,200,True,False
9a2d49d0,2026-09-22T06:51:10.482698+00:00,stable,2.46844,200,True,False
9a2d49d0,2026-09-22T06:51:10.517253+00:00,stable,3.814141,200,True,False
9a2d49d0,2026-09-22T06:51:10.553056+00:00,stable,6.105724,200,True,False
9a2d49d0,2026-09-22T06:51:10.582864+00:00,stable,3.238891,200,True,False
9a2d49d0,2026-09-22T06:51:10.616548+00:00,stable,3.054389,200,True,False
9a2d49d0,2026-09-22T06:51:10.651490+00:00,stable,5.059843,200,True,False
9a2d49d0,2026-09-22T06:51:10.685062+00:00,stable,5.282315,200,True,False
9a2d49d0,2026-09-22T06:51:10.718339+00:00,stable,5.003878,200,True,False
9a2d49d0,2026-09-22T06:51:10.751484+00:00,stable,4.710546,200,True,False
9a2d49d0,2026-09-22T06:51:10.782118+00:00,stable,2.52395,200,True,False
9a2d49d0,2026-09-22T06:51:10.815651+00:00,stable,2.908243,200,True,False
9a2d49d0,2026-09-22T06:51:10.852390+00:00,stable,5.844997,200,True,False
9a2d49d0,2026-09-22T06:51:10.883953+00:00,stable,3.841432,200,True,False
9a2d49d0,2026-09-22T06:51:10.916016+00:00,stable,3.161377,200,True,False
9a2d49d0,2026-09-22T06:51:10.951029+00:00,stable,4.460527,200,True,False
9a2d49d0,2026-09-22T06:51:10.985127+00:00,stable,4.973451,200,True,False
9a2d49d0,2026-09-22T06:51:11.017450+00:00,stable,4.320859,200,True,False
9a2d49d0,2026-09-22T06:51:11.053519+00:00,stable,6.382777,200,True,False
9a2d49d0,2026-09-22T06:51:11.084071+00:00,stable,4.314219,200,True,False
9a2d49d0,2026-09-22T06:51:11.116983+00:00,stable,4.096051,200,True,False
9a2d49d0,2026-09-22T06:51:11.152801+00:00,stable,6.084922,200,True,False
9a2d49d0,2026-09-22T06:51:11.185492+00:00,stable,5.292881,200,True,False
9a2d49d0,2026-09-22T06:51:11.218599+00:00,stable,5.144744,200,True,False
9a2d49d0,2026-09-22T06:51:11.251744+00:00,stable,5.450818,200,True,False
9a2d49d0,2026-09-22T06:51:11.290959+00:00,stable,2.795056,200,True,False
9a2d49d0,2026-09-22T06:51:11.316318+00:00,stable,2.776339,200,True,False
9a2d49d0,2026-09-22T06:51:11.350055+00:00,stable,3.095047,200,True,False
9a2d49d0,2026-09-22T06:51:11.383398+00:00,stable,3.311142,200,True,False
9a2d49d0,2026-09-22T06:51:11.416430+00:00,stable,3.270535,200,True,False
9a2d49d0,2026-09-22T06:51:11.449902+00:00,stable,3.043926,200,True,False
9a2d49d0,2026-09-22T06:51:11.482781+00:00,stable,3.161654,200,True,False
9a2d49d0,2026-09-22T06:51:11.516285+00:00,stable,2.882709,200,True,False
9a2d49d0,2026-09-22T06:51:11.549694+00:00,stable,2.970139,200,True,False
9a2d49d0,2026-09-22T06:51:11.581949+00:00,stable,2.545116,200,True,False
9a2d49d0,2026-09-22T06:51:11.615224+00:00,stable,2.475219,200,True,False
9a2d49d0,2026-09-22T06:51:11.649299+00:00,stable,2.701066,200,True,False
9a2d49d0,2026-09-22T06:51:11.682473+00:00,stable,2.681541,200,True,False
9a2d49d0,2026-09-22T06:51:11.716304+00:00,stable,2.811743,200,True,False
9a2d49d0,2026-09-22T06:51:11.749872+00:00,stable,3.186166,200,True,False
9a2d49d0,2026-09-22T06:51:11.784872+00:00,stable,5.102175,200,True,False
9a2d49d0,2026-09-22T06:51:11.817334+00:00,stable,3.816094,200,True,False
9a2d49d0,2026-09-22T06:51:11.851794+00:00,stable,4.662876,200,True,False
9a2d49d0,2026-09-22T06:51:11.884225+00:00,stable,4.728859,200,True,False
9a2d49d0,2026-09-22T06:51:11.916662+00:00,stable,3.405801,200,True,False
9a2d49d0,2026-09-22T06:51:11.951909+00:00,stable,5.506154,200,True,False
9a2d49d0,2026-09-22T06:51:11.984091+00:00,stable,3.666563,200,True,False
9a2d49d0,2026-09-22T06:51:12.017380+00:00,stable,4.275909,200,True,False
9a2d49d0,2026-09-22T06:51:12.052423+00:00,stable,6.048618,200,True,False
9a2d49d0,2026-09-22T06:51:12.084969+00:00,stable,4.467646,200,True,False
9a2d49d0,2026-09-22T06:51:12.115569+00:00,stable,2.775236,200,True,False
9a2d49d0,2026-09-22T06:51:12.148808+00:00,stable,2.668714,200,True,False
9a2d49d0,2026-09-22T06:51:12.182339+00:00,stable,2.724515,200,True,False
9a2d49d0,2026-09-22T06:51:12.215759+00:00,stable,2.891652,200,True,False
9a2d49d0,2026-09-22T06:51:12.248701+00:00,stable,2.659689,200,True,False
9a2d49d0,2026-09-22T06:51:12.282060+00:00,stable,2.63113,200,True,False
9a2d49d0,2026-09-22T06:51:12.315834+00:00,stable,2.985226,200,True,False
9a2d49d0,2026-09-22T06:51:12.349639+00:00,stable,3.183593,200,True,False
9a2d49d0,2026-09-22T06:51:12.382839+00:00,stable,3.072606,200,True,False
9a2d49d0,2026-09-22T06:51:12.416742+00:00,stable,3.124058,200,True,False
9a2d49d0,2026-09-22T06:51:12.449106+00:00,stable,3.038639,200,True,False
9a2d49d0,2026-09-22T06:51:12.485298+00:00,stable,5.157357,200,True,False
9a2d49d0,2026-09-22T06:51:12.519102+00:00,stable,5.694983,200,True,False
9a2d49d0,2026-09-22T06:51:12.552087+00:00,stable,5.915179,200,True,False
9a2d49d0,2026-09-22T06:51:12.586161+00:00,stable,6.003726,200,True,False
9a2d49d0,2026-09-22T06:51:12.620496+00:00,stable,6.715148,200,True,False
9a2d49d0,2026-09-22T06:51:12.649120+00:00,stable,2.876058,200,True,False
9a2d49d0,2026-09-22T06:51:12.682512+00:00,stable,2.734346,200,True,False
9a2d49d0,2026-09-22T06:51:12.715880+00:00,stable,2.703388,200,True,False
9a2d49d0,2026-09-22T06:51:12.749182+00:00,stable,2.909485,200,True,False
9a2d49d0,2026-09-22T06:51:12.782740+00:00,stable,2.556111,200,True,False
9a2d49d0,2026-09-22T06:51:12.818475+00:00,stable,5.795897,200,True,False
9a2d49d0,2026-09-22T06:51:12.850179+00:00,stable,4.038342,200,True,False
9a2d49d0,2026-09-22T06:51:12.885990+00:00,stable,5.6782,200,True,False
9a2d49d0,2026-09-22T06:51:12.918680+00:00,stable,5.69939,200,True,False
9a2d49d0,2026-09-22T06:51:12.951237+00:00,stable,4.956025,200,True,False
9a2d49d0,2026-09-22T06:51:12.986653+00:00,stable,6.120346,200,True,False
9a2d49d0,2026-09-22T06:51:13.018422+00:00,stable,5.591363,200,True,False
9a2d49d0,2026-09-22T06:51:13.052152+00:00,stable,5.749682,200,True,False
9a2d49d0,2026-09-22T06:51:13.084797+00:00,stable,5.121314,200,True,False
9a2d49d0,2026-09-22T06:51:13.120034+00:00,stable,6.954671,200,True,False
9a2d49d0,2026-09-22T06:51:13.153009+00:00,stable,6.104096,200,True,False
9a2d49d0,2026-09-22T06:51:13.186328+00:00,stable,6.036351,200,True,False
9a2d49d0,2026-09-22T06:51:13.219625+00:00,stable,6.796382,200,True,False
9a2d49d0,2026-09-22T06:51:13.252540+00:00,stable,6.221293,200,True,False
9a2d49d0,2026-09-22T06:51:13.286801+00:00,stable,6.598544,200,True,False
9a2d49d0,2026-09-22T06:51:13.318743+00:00,stable,5.844865,200,True,False
9a2d49d0,2026-09-22T06:51:13.353826+00:00,stable,6.904907,200,True,False
9a2d49d0,2026-09-22T06:51:13.383113+00:00,stable,3.429471,200,True,False
9a2d49d0,2026-09-22T06:51:13.415800+00:00,stable,2.968363,200,True,False
9a2d49d0,2026-09-22T06:51:13.449667+00:00,stable,3.227657,200,True,False
9a2d49d0,2026-09-22T06:51:13.484428+00:00,stable,4.533451,200,True,False
9a2d49d0,2026-09-22T06:51:13.519526+00:00,stable,6.508763,200,True,False
9a2d49d0,2026-09-22T06:51:13.551740+00:00,stable,5.210374,200,True,False
9a2d49d0,2026-09-22T06:51:13.585528+00:00,stable,5.623532,200,True,False
9a2d49d0,2026-09-22T06:51:13.619428+00:00,stable,6.274092,200,True,False
9a2d49d0,2026-09-22T06:51:13.652032+00:00,stable,4.94453,200,True,False
9a2d49d0,2026-09-22T06:51:13.683388+00:00,stable,3.74424,200,True,False
9a2d49d0,2026-09-22T06:51:13.717981+00:00,stable,4.227102,200,True,False
9a2d49d0,2026-09-22T06:51:13.751984+00:00,stable,4.916339,200,True,False
9a2d49d0,2026-09-22T06:51:13.783332+00:00,stable,3.315102,200,True,False
9a2d49d0,2026-09-22T06:51:13.816886+00:00,stable,3.907372,200,True,False
9a2d49d0,2026-09-22T06:51:13.852137+00:00,stable,5.676538,200,True,False
9a2d49d0,2026-09-22T06:51:13.883832+00:00,stable,3.609592,200,True,False
9a2d49d0,2026-09-22T06:51:13.918389+00:00,stable,5.258921,200,True,False
9a2d49d0,2026-09-22T06:51:13.951952+00:00,stable,5.437281,200,True,False
9a2d49d0,2026-09-22T06:51:13.983224+00:00,stable,2.874633,200,True,False
9a2d49d0,2026-09-22T06:51:14.017187+00:00,stable,3.96747,200,True,False
9a2d49d0,2026-09-22T06:51:14.054781+00:00,stable,7.256929,200,True,False
9a2d49d0,2026-09-22T06:51:14.082226+00:00,stable,2.536739,200,True,False
9a2d49d0,2026-09-22T06:51:14.117159+00:00,stable,4.255512,200,True,False
9a2d49d0,2026-09-22T06:51:14.150671+00:00,stable,4.171941,200,True,False
9a2d49d0,2026-09-22T06:51:14.184180+00:00,stable,3.12037,200,True,False
9a2d49d0,2026-09-22T06:51:14.215023+00:00,stable,2.429606,200,True,False
9a2d49d0,2026-09-22T06:51:14.252667+00:00,stable,5.981414,200,True,False
9a2d49d0,2026-09-22T06:51:14.283813+00:00,stable,3.712621,200,True,False
9a2d49d0,2026-09-22T06:51:14.316417+00:00,stable,2.90593,200,True,False
9a2d49d0,2026-09-22T06:51:14.350721+00:00,stable,4.511718,200,True,False
9a2d49d0,2026-09-22T06:51:14.382202+00:00,stable,2.742177,200,True,False
9a2d49d0,2026-09-22T06:51:14.415390+00:00,stable,2.521578,200,True,False
9a2d49d0,2026-09-22T06:51:14.449560+00:00,stable,2.590513,200,True,False
9a2d49d0,2026-09-22T06:51:14.482671+00:00,stable,2.963077,200,True,False
9a2d49d0,2026-09-22T06:51:14.515954+00:00,stable,2.640994,200,True,False
9a2d49d0,2026-09-22T06:51:14.549166+00:00,stable,2.807983,200,True,False
9a2d49d0,2026-09-22T06:51:14.582836+00:00,stable,2.673884,200,True,False
9a2d49d0,2026-09-22T06:51:14.615958+00:00,stable,2.517234,200,True,False
9a2d49d0,2026-09-22T06:51:14.649013+00:00,stable,2.598464,200,True,False
9a2d49d0,2026-09-22T06:51:14.682435+00:00,stable,2.481138,200,True,False
9a2d49d0,2026-09-22T06:51:14.715755+00:00,stable,2.654514,200,True,False
9a2d49d0,2026-09-22T06:51:14.748910+00:00,stable,2.600343,200,True,False
9a2d49d0,2026-09-22T06:51:14.784286+00:00,stable,2.912458,200,True,False
9a2d49d0,2026-09-22T06:51:14.817330+00:00,stable,4.172716,200,True,False
9a2d49d0,2026-09-22T06:51:14.852935+00:00,stable,6.694304,200,True,False
9a2d49d0,2026-09-22T06:51:14.885692+00:00,stable,5.652428,200,True,False
9a2d49d0,2026-09-22T06:51:14.920297+00:00,stable,7.346988,200,True,False
9a2d49d0,2026-09-22T06:51:14.953554+00:00,stable,6.486539,200,True,False
9a2d49d0,2026-09-22T06:51:14.982255+00:00,stable,2.69595,200,True,False
9a2d49d0,2026-09-22T06:51:15.015322+00:00,stable,2.402267,200,True,False
9a2d49d0,2026-09-22T06:51:15.052154+00:00,stable,5.276629,200,True,False
9a2d49d0,2026-09-22T06:51:15.084232+00:00,stable,4.644731,200,True,False
9a2d49d0,2026-09-22T06:51:15.120760+00:00,stable,6.712279,200,True,False
9a2d49d0,2026-09-22T06:51:15.153814+00:00,stable,7.282951,200,True,False
9a2d49d0,2026-09-22T06:51:15.182779+00:00,stable,3.072186,200,True,False
9a2d49d0,2026-09-22T06:51:15.216230+00:00,stable,2.576466,200,True,False
9a2d49d0,2026-09-22T06:51:15.252985+00:00,stable,5.866709,200,True,False
9a2d49d0,2026-09-22T06:51:15.287515+00:00,stable,7.168389,200,True,False
9a2d49d0,2026-09-22T06:51:15.320286+00:00,stable,7.377193,200,True,False
9a2d49d0,2026-09-22T06:51:15.353443+00:00,stable,7.07216,200,True,False
9a2d49d0,2026-09-22T06:51:15.383000+00:00,stable,3.178424,200,True,False
9a2d49d0,2026-09-22T06:51:15.415224+00:00,stable,2.468282,200,True,False
9a2d49d0,2026-09-22T06:51:15.449526+00:00,stable,2.568251,200,True,False
9a2d49d0,2026-09-22T06:51:15.483680+00:00,stable,3.396783,200,True,False
9a2d49d0,2026-09-22T06:51:15.516283+00:00,stable,2.9078,200,True,False
9a2d49d0,2026-09-22T06:51:15.549719+00:00,stable,2.635145,200,True,False
9a2d49d0,2026-09-22T06:51:15.582349+00:00,stable,2.754214,200,True,False
9a2d49d0,2026-09-22T06:51:15.615647+00:00,stable,2.691925,200,True,False
9a2d49d0,2026-09-22T06:51:15.650378+00:00,stable,4.293337,200,True,False
9a2d49d0,2026-09-22T06:51:15.685787+00:00,stable,6.074296,200,True,False
9a2d49d0,2026-09-22T06:51:15.716302+00:00,stable,3.369262,200,True,False
9a2d49d0,2026-09-22T06:51:15.751805+00:00,stable,4.768637,200,True,False
9a2d49d0,2026-09-22T06:51:15.783122+00:00,stable,3.46118,200,True,False
9a2d49d0,2026-09-22T06:51:15.815974+00:00,stable,3.121211,200,True,False
9a2d49d0,2026-09-22T06:51:15.850363+00:00,stable,3.578193,200,True,False
9a2d49d0,2026-09-22T06:51:15.886690+00:00,stable,6.093504,200,True,False
9a2d49d0,2026-09-22T06:51:15.916224+00:00,stable,2.860726,200,True,False
9a2d49d0,2026-09-22T06:51:15.952166+00:00,stable,5.725195,200,True,False
9a2d49d0,2026-09-22T06:51:15.985367+00:00,stable,5.254931,200,True,False
9a2d49d0,2026-09-22T06:51:16.017208+00:00,stable,4.029327,200,True,False
9a2d49d0,2026-09-22T06:51:16.054931+00:00,stable,7.458554,200,True,False
9a2d49d0,2026-09-22T06:51:16.086632+00:00,stable,6.879063,200,True,False
9a2d49d0,2026-09-22T06:51:16.118647+00:00,stable,4.944974,200,True,False
9a2d49d0,2026-09-22T06:51:16.154016+00:00,stable,7.591007,200,True,False
9a2d49d0,2026-09-22T06:51:16.187541+00:00,stable,7.123151,200,True,False
9a2d49d0,2026-09-22T06:51:16.218764+00:00,stable,5.712141,200,True,False
9a2d49d0,2026-09-22T06:51:16.254543+00:00,stable,7.820755,200,True,False
9a2d49d0,2026-09-22T06:51:16.286845+00:00,stable,6.828828,200,True,False
9a2d49d0,2026-09-22T06:51:16.320193+00:00,stable,6.899908,200,True,False
9a2d49d0,2026-09-22T06:51:16.353424+00:00,stable,6.402156,200,True,False
9a2d49d0,2026-09-22T06:51:16.382855+00:00,stable,2.97595,200,True,False
9a2d49d0,2026-09-22T06:51:16.416631+00:00,stable,3.094032,200,True,False
9a2d49d0,2026-09-22T06:51:16.451558+00:00,stable,5.169481,200,True,False
9a2d49d0,2026-09-22T06:51:16.485277+00:00,stable,5.506966,200,True,False
9a2d49d0,2026-09-22T06:51:16.517100+00:00,stable,4.317438,200,True,False
9a2d49d0,2026-09-22T06:51:16.554712+00:00,stable,7.753661,200,True,False
9a2d49d0,2026-09-22T06:51:16.583266+00:00,stable,3.258658,200,True,False
9a2d49d0,2026-09-22T06:51:16.618546+00:00,stable,5.635307,200,True,False
9a2d49d0,2026-09-22T06:51:16.654285+00:00,stable,7.83891,200,True,False
9a2d49d0,2026-09-22T06:51:16.690952+00:00,stable,10.329135,200,True,False
9a2d49d0,2026-09-22T06:51:16.717591+00:00,stable,4.413408,200,True,False
9a2d49d0,2026-09-22T06:51:16.750054+00:00,stable,3.02142,200,True,False
9a2d49d0,2026-09-22T06:51:16.784691+00:00,stable,3.177506,200,True,False
9a2d49d0,2026-09-22T06:51:16.816537+00:00,stable,3.052844,200,True,False
9a2d49d0,2026-09-22T06:51:16.849952+00:00,stable,2.981788,200,True,False
9a2d49d0,2026-09-22T06:51:16.885511+00:00,stable,5.761082,200,True,False
9a2d49d0,2026-09-22T06:51:16.920876+00:00,stable,6.872753,200,True,False
9a2d49d0,2026-09-22T06:51:16.953523+00:00,stable,6.623564,200,True,False
9a2d49d0,2026-09-22T06:51:16.982722+00:00,stable,3.35272,200,True,False
9a2d49d0,2026-09-22T06:51:17.016991+00:00,stable,3.473547,200,True,False
9a2d49d0,2026-09-22T06:51:17.051478+00:00,stable,4.865431,200,True,False
9a2d49d0,2026-09-22T06:51:17.087075+00:00,stable,6.551878,200,True,False
9a2d49d0,2026-09-22T06:51:17.122407+00:00,stable,8.563156,200,True,False
9a2d49d0,2026-09-22T06:51:17.153277+00:00,stable,6.568795,200,True,False
9a2d49d0,2026-09-22T06:51:17.186998+00:00,stable,6.568237,200,True,False
9a2d49d0,2026-09-22T06:51:17.219356+00:00,stable,5.887409,200,True,False
9a2d49d0,2026-09-22T06:51:17.251661+00:00,stable,4.697364,200,True,False
9a2d49d0,2026-09-22T06:51:17.285440+00:00,stable,5.824413,200,True,False
9a2d49d0,2026-09-22T06:51:17.320467+00:00,stable,6.878268,200,True,False
9a2d49d0,2026-09-22T06:51:17.351924+00:00,stable,4.949847,200,True,False
9a2d49d0,2026-09-22T06:51:17.384319+00:00,stable,4.552781,200,True,False
9a2d49d0,2026-09-22T06:51:17.416997+00:00,stable,4.144387,200,True,False
9a2d49d0,2026-09-22T06:51:17.449448+00:00,stable,2.986363,200,True,False
9a2d49d0,2026-09-22T06:51:17.482491+00:00,stable,3.085133,200,True,False
9a2d49d0,2026-09-22T06:51:17.517024+00:00,stable,3.347725,200,True,False
9a2d49d0,2026-09-22T06:51:17.551568+00:00,stable,4.864137,200,True,False
9a2d49d0,2026-09-22T06:51:17.583351+00:00,stable,3.967079,200,True,False
9a2d49d0,2026-09-22T06:51:17.617340+00:00,stable,4.057591,200,True,False
9a2d49d0,2026-09-22T06:51:17.650019+00:00,stable,3.085416,200,True,False
9a2d49d0,2026-09-22T06:51:17.683077+00:00,stable,3.397185,200,True,False
9a2d49d0,2026-09-22T06:51:17.717878+00:00,stable,4.780776,200,True,False
9a2d49d0,2026-09-22T06:51:17.749452+00:00,stable,2.81022,200,True,False
9a2d49d0,2026-09-22T06:51:17.782797+00:00,stable,3.398146,200,True,False
9a2d49d0,2026-09-22T06:51:17.816893+00:00,stable,3.248759,200,True,False
9a2d49d0,2026-09-22T06:51:17.850225+00:00,stable,3.742509,200,True,False
9a2d49d0,2026-09-22T06:51:17.883777+00:00,stable,4.284146,200,True,False
9a2d49d0,2026-09-22T06:51:17.916893+00:00,stable,3.583412,200,True,False
9a2d49d0,2026-09-22T06:51:17.949913+00:00,stable,3.572494,200,True,False
9a2d49d0,2026-09-22T06:51:17.982884+00:00,stable,3.340869,200,True,False
9a2d49d0,2026-09-22T06:51:18.018886+00:00,stable,6.120716,200,True,False
9a2d49d0,2026-09-22T06:51:18.052211+00:00,stable,5.749166,200,True,False
9a2d49d0,2026-09-22T06:51:18.086473+00:00,stable,6.014696,200,True,False
9a2d49d0,2026-09-22T06:51:18.120696+00:00,stable,7.570087,200,True,False
9a2d49d0,2026-09-22T06:51:18.154419+00:00,stable,6.550756,200,True,False
9a2d49d0,2026-09-22T06:51:18.187015+00:00,stable,6.533682,200,True,False
9a2d49d0,2026-09-22T06:51:18.219500+00:00,stable,6.406643,200,True,False
9a2d49d0,2026-09-22T06:51:18.255091+00:00,stable,8.412764,200,True,False
9a2d49d0,2026-09-22T06:51:18.287992+00:00,stable,7.504893,200,True,False
9a2d49d0,2026-09-22T06:51:18.319510+00:00,stable,6.165199,200,True,False
9a2d49d0,2026-09-22T06:51:18.355565+00:00,stable,9.081819,200,True,False
9a2d49d0,2026-09-22T06:51:18.385332+00:00,stable,5.06182,200,True,False
9a2d49d0,2026-09-22T06:51:18.419722+00:00,stable,6.627183,200,True,False
9a2d49d0,2026-09-22T06:51:18.449380+00:00,stable,3.166535,200,True,False
9a2d49d0,2026-09-22T06:51:18.485140+00:00,stable,4.986712,200,True,False
9a2d49d0,2026-09-22T06:51:18.519650+00:00,stable,6.392601,200,True,False
9a2d49d0,2026-09-22T06:51:18.554295+00:00,stable,7.101541,200,True,False
9a2d49d0,2026-09-22T06:51:18.586769+00:00,stable,6.252496,200,True,False
9a2d49d0,2026-09-22T06:51:18.620788+00:00,stable,7.417888,200,True,False
9a2d49d0,2026-09-22T06:51:18.651263+00:00,stable,4.418227,200,True,False
9a2d49d0,2026-09-22T06:51:18.683263+00:00,stable,3.24921,200,True,False
9a2d49d0,2026-09-22T06:51:18.716118+00:00,stable,3.201433,200,True,False
9a2d49d0,2026-09-22T06:51:18.749518+00:00,stable,3.053205,200,True,False
9a2d49d0,2026-09-22T06:51:18.783476+00:00,stable,3.15115,200,True,False
9a2d49d0,2026-09-22T06:51:18.816461+00:00,stable,3.259122,200,True,False
9a2d49d0,2026-09-22T06:51:18.850168+00:00,stable,3.24518,200,True,False
9a2d49d0,2026-09-22T06:51:18.883094+00:00,stable,3.18691,200,True,False
9a2d49d0,2026-09-22T06:51:18.915671+00:00,stable,3.043326,200,True,False
9a2d49d0,2026-09-22T06:51:18.948997+00:00,stable,3.041798,200,True,False
9a2d49d0,2026-09-22T06:51:18.983000+00:00,stable,3.150937,200,True,False
9a2d49d0,2026-09-22T06:51:19.015609+00:00,stable,2.943753,200,True,False
9a2d49d0,2026-09-22T06:51:19.049410+00:00,stable,3.182646,200,True,False
9a2d49d0,2026-09-22T06:51:19.083360+00:00,stable,3.103177,200,True,False
9a2d49d0,2026-09-22T06:51:19.119746+00:00,stable,6.543841,200,True,False
9a2d49d0,2026-09-22T06:51:19.152792+00:00,stable,5.57335,200,True,False
9a2d49d0,2026-09-22T06:51:19.185565+00:00,stable,5.374939,200,True,False
9a2d49d0,2026-09-22T06:51:19.220362+00:00,stable,7.229175,200,True,False
9a2d49d0,2026-09-22T06:51:19.253922+00:00,stable,7.236079,200,True,False
9a2d49d0,2026-09-22T06:51:19.287528+00:00,stable,6.825231,200,True,False
9a2d49d0,2026-09-22T06:51:19.316641+00:00,stable,4.048761,200,True,False
9a2d49d0,2026-09-22T06:51:19.352948+00:00,stable,6.544066,200,True,False
9a2d49d0,2026-09-22T06:51:19.383772+00:00,stable,3.60046,200,True,False
9a2d49d0,2026-09-22T06:51:19.418362+00:00,stable,5.520119,200,True,False
9a2d49d0,2026-09-22T06:51:19.453079+00:00,stable,5.932042,200,True,False
9a2d49d0,2026-09-22T06:51:19.485071+00:00,stable,5.385513,200,True,False
9a2d49d0,2026-09-22T06:51:19.518804+00:00,stable,5.042626,200,True,False
9a2d49d0,2026-09-22T06:51:19.553283+00:00,stable,6.550314,200,True,False
9a2d49d0,2026-09-22T06:51:19.584808+00:00,stable,4.659936,200,True,False
9a2d49d0,2026-09-22T06:51:19.617747+00:00,stable,4.71203,200,True,False
9a2d49d0,2026-09-22T06:51:19.651571+00:00,stable,4.877133,200,True,False
9a2d49d0,2026-09-22T06:51:19.684678+00:00,stable,4.740999,200,True,False
9a2d49d0,2026-09-22T06:51:19.716448+00:00,stable,2.844971,200,True,False
9a2d49d0,2026-09-22T06:51:19.754028+00:00,stable,6.652023,200,True,False
9a2d49d0,2026-09-22T06:51:19.788997+00:00,stable,7.742793,200,True,False
9a2d49d0,2026-09-22T06:51:19.816600+00:00,stable,3.46649,200,True,False
9a2d49d0,2026-09-22T06:51:19.853036+00:00,stable,5.924924,200,True,False
9a2d49d0,2026-09-22T06:51:19.882981+00:00,stable,3.267508,200,True,False
9a2d49d0,2026-09-22T06:51:19.917058+00:00,stable,3.128726,200,True,False
9a2d49d0,2026-09-22T06:51:19.949705+00:00,stable,3.079003,200,True,False
9a2d49d0,2026-09-22T06:51:19.983372+00:00,stable,3.71812,200,True,False
9a2d49d0,2026-09-22T06:51:20.016808+00:00,stable,3.930959,200,True,False
9a2d49d0,2026-09-22T06:51:20.049666+00:00,stable,3.336095,200,True,False
9a2d49d0,2026-09-22T06:51:20.083366+00:00,stable,2.884127,200,True,False
9a2d49d0,2026-09-22T06:51:20.118851+00:00,stable,5.352141,200,True,False
9a2d49d0,2026-09-22T06:51:20.155203+00:00,stable,8.538955,200,True,False
9a2d49d0,2026-09-22T06:51:20.188158+00:00,stable,8.280711,200,True,False
9a2d49d0,2026-09-22T06:51:20.217295+00:00,stable,4.322106,200,True,False
9a2d49d0,2026-09-22T06:51:20.255028+00:00,stable,8.612879,200,True,False
9a2d49d0,2026-09-22T06:51:20.288006+00:00,stable,7.283319,200,True,False
9a2d49d0,2026-09-22T06:51:20.323809+00:00,stable,10.230401,200,True,False
9a2d49d0,2026-09-22T06:51:20.355234+00:00,stable,8.152632,200,True,False
9a2d49d0,2026-09-22T06:51:20.385704+00:00,stable,5.707575,200,True,False
9a2d49d0,2026-09-22T06:51:20.418776+00:00,stable,4.975075,200,True,False
9a2d49d0,2026-09-22T06:51:20.452458+00:00,stable,6.078419,200,True,False
9a2d49d0,2026-09-22T06:51:20.484987+00:00,stable,4.434852,200,True,False
9a2d49d0,2026-09-22T06:51:20.518287+00:00,stable,4.664509,200,True,False
9a2d49d0,2026-09-22T06:51:20.552838+00:00,stable,6.458884,200,True,False
9a2d49d0,2026-09-22T06:51:20.584799+00:00,stable,4.621709,200,True,False
9a2d49d0,2026-09-22T06:51:20.619275+00:00,stable,5.449232,200,True,False
9a2d49d0,2026-09-22T06:51:20.654040+00:00,stable,6.868577,200,True,False
9a2d49d0,2026-09-22T06:51:20.685099+00:00,stable,5.487232,200,True,False
9a2d49d0,2026-09-22T06:51:20.716563+00:00,stable,3.306149,200,True,False
9a2d49d0,2026-09-22T06:51:20.749378+00:00,stable,2.997688,200,True,False
9a2d49d0,2026-09-22T06:51:20.782437+00:00,stable,3.110446,200,True,False
9a2d49d0,2026-09-22T06:51:20.816392+00:00,stable,3.177104,200,True,False
9a2d49d0,2026-09-22T06:51:20.851104+00:00,stable,3.928269,200,True,False
9a2d49d0,2026-09-22T06:51:20.883216+00:00,stable,3.09582,200,True,False
9a2d49d0,2026-09-22T06:51:20.915896+00:00,stable,2.939422,200,True,False
9a2d49d0,2026-09-22T06:51:20.949337+00:00,stable,2.884695,200,True,False
9a2d49d0,2026-09-22T06:51:20.983065+00:00,stable,2.764406,200,True,False
9a2d49d0,2026-09-22T06:51:21.015829+00:00,stable,2.956246,200,True,False
9a2d49d0,2026-09-22T06:51:21.049393+00:00,stable,3.017889,200,True,False
9a2d49d0,2026-09-22T06:51:21.083017+00:00,stable,3.055025,200,True,False
9a2d49d0,2026-09-22T06:51:21.166885+00:00,stable,18.633727,200,True,False
9a2d49d0,2026-09-22T06:51:21.166885+00:00,stable,18.708842,200,True,False
9a2d49d0,2026-09-22T06:51:21.182584+00:00,stable,2.960603,200,True,False
9a2d49d0,2026-09-22T06:51:21.251781+00:00,stable,3.26592,200,True,False
9a2d49d0,2026-09-22T06:51:21.251915+00:00,stable,3.518708,200,True,False
9a2d49d0,2026-09-22T06:51:21.282872+00:00,stable,2.886945,200,True,False
9a2d49d0,2026-09-22T06:51:21.351479+00:00,stable,37.847107,200,True,False
9a2d49d0,2026-09-22T06:51:21.353773+00:00,stable,5.50528,200,True,False
9a2d49d0,2026-09-22T06:51:21.384034+00:00,stable,4.081415,200,True,False
9a2d49d0,2026-09-22T06:51:21.416559+00:00,stable,3.7241,200,True,False
9a2d49d0,2026-09-22T06:51:21.449731+00:00,stable,3.601343,200,True,False
9a2d49d0,2026-09-22T06:51:21.482735+00:00,stable,3.353534,200,True,False
9a2d49d0,2026-09-22T06:51:21.516675+00:00,stable,3.270986,200,True,False
9a2d49d0,2026-09-22T06:51:21.550222+00:00,stable,3.010372,200,True,False
9a2d49d0,2026-09-22T06:51:21.583744+00:00,stable,3.541039,200,True,False
9a2d49d0,2026-09-22T06:51:21.616908+00:00,stable,3.409527,200,True,False
9a2d49d0,2026-09-22T06:51:21.649704+00:00,stable,3.361716,200,True,False
9a2d49d0,2026-09-22T06:51:21.682977+00:00,stable,3.570528,200,True,False
9a2d49d0,2026-09-22T06:51:21.716722+00:00,stable,2.883487,200,True,False
9a2d49d0,2026-09-22T06:51:21.750836+00:00,stable,4.630915,200,True,False
9a2d49d0,2026-09-22T06:51:21.782564+00:00,stable,2.88452,200,True,False
9a2d49d0,2026-09-22T06:51:21.816642+00:00,stable,3.134838,200,True,False
9a2d49d0,2026-09-22T06:51:21.849211+00:00,stable,3.228844,200,True,False
9a2d49d0,2026-09-22T06:51:21.883130+00:00,stable,2.831073,200,True,False
9a2d49d0,2026-09-22T06:51:21.916051+00:00,stable,3.238877,200,True,False
9a2d49d0,2026-09-22T06:51:21.950195+00:00,stable,3.387638,200,True,False
9a2d49d0,2026-09-22T06:51:21.983048+00:00,stable,3.021315,200,True,False
9a2d49d0,2026-09-22T06:51:22.015990+00:00,stable,3.20546,200,True,False
9a2d49d0,2026-09-22T06:51:22.050028+00:00,stable,3.275392,200,True,False
9a2d49d0,2026-09-22T06:51:22.082596+00:00,stable,2.809916,200,True,False
9a2d49d0,2026-09-22T06:51:22.116447+00:00,stable,2.870602,200,True,False
9a2d49d0,2026-09-22T06:51:22.149248+00:00,stable,3.204805,200,True,False
9a2d49d0,2026-09-22T06:51:22.183154+00:00,stable,2.820721,200,True,False
9a2d49d0,2026-09-22T06:51:22.218378+00:00,stable,4.925945,200,True,False
9a2d49d0,2026-09-22T06:51:22.251280+00:00,stable,4.352757,200,True,False
9a2d49d0,2026-09-22T06:51:22.286551+00:00,stable,6.222343,200,True,False
9a2d49d0,2026-09-22T06:51:22.320879+00:00,stable,6.998287,200,True,False
9a2d49d0,2026-09-22T06:51:22.351893+00:00,stable,5.226891,200,True,False
9a2d49d0,2026-09-22T06:51:22.383648+00:00,stable,3.738078,200,True,False
9a2d49d0,2026-09-22T06:51:22.418020+00:00,stable,4.418149,200,True,False
9a2d49d0,2026-09-22T06:51:22.454952+00:00,stable,8.089213,200,True,False
9a2d49d0,2026-09-22T06:51:22.483247+00:00,stable,3.352405,200,True,False
9a2d49d0,2026-09-22T06:51:22.518453+00:00,stable,5.131123,200,True,False
9a2d49d0,2026-09-22T06:51:22.551751+00:00,stable,4.643942,200,True,False
9a2d49d0,2026-09-22T06:51:22.584933+00:00,stable,4.713591,200,True,False
9a2d49d0,2026-09-22T06:51:22.619828+00:00,stable,6.528917,200,True,False
9a2d49d0,2026-09-22T06:51:22.647214+00:00,stable,3.934037,200,True,False
9a2d49d0,2026-09-22T06:51:22.681843+00:00,stable,4.6235,200,True,False
9a2d49d0,2026-09-22T06:51:22.713380+00:00,stable,2.782271,200,True,False
9a2d49d0,2026-09-22T06:51:22.747051+00:00,stable,3.908506,200,True,False
9a2d49d0,2026-09-22T06:51:22.779690+00:00,stable,2.707178,200,True,False
9a2d49d0,2026-09-22T06:51:22.813761+00:00,stable,3.136755,200,True,False
9a2d49d0,2026-09-22T06:51:22.846990+00:00,stable,3.25298,200,True,False
9a2d49d0,2026-09-22T06:51:22.879431+00:00,stable,2.65075,200,True,False
9a2d49d0,2026-09-22T06:51:22.912928+00:00,stable,2.702405,200,True,False
9a2d49d0,2026-09-22T06:51:22.946635+00:00,stable,3.163922,200,True,False
9a2d49d0,2026-09-22T06:51:22.979928+00:00,stable,2.622279,200,True,False
9a2d49d0,2026-09-22T06:51:23.012723+00:00,stable,2.931254,200,True,False
9a2d49d0,2026-09-22T06:51:23.046195+00:00,stable,2.944316,200,True,False
9a2d49d0,2026-09-22T06:51:23.079004+00:00,stable,2.677834,200,True,False
9a2d49d0,2026-09-22T06:51:23.112389+00:00,stable,2.655383,200,True,False
9a2d49d0,2026-09-22T06:51:23.146651+00:00,stable,2.771748,200,True,False
9a2d49d0,2026-09-22T06:51:23.179159+00:00,stable,2.758311,200,True,False
9a2d49d0,2026-09-22T06:51:23.212653+00:00,stable,2.788877,200,True,False
9a2d49d0,2026-09-22T06:51:23.245905+00:00,stable,2.85661,200,True,False
9a2d49d0,2026-09-22T06:51:23.279492+00:00,stable,2.870905,200,True,False
9a2d49d0,2026-09-22T06:51:23.312970+00:00,stable,2.803669,200,True,False
9a2d49d0,2026-09-22T06:51:23.348403+00:00,stable,4.748076,200,True,False
9a2d49d0,2026-09-22T06:51:23.379695+00:00,stable,3.055619,200,True,False
9a2d49d0,2026-09-22T06:51:23.412747+00:00,stable,3.062308,200,True,False
9a2d49d0,2026-09-22T06:51:23.447850+00:00,stable,4.326771,200,True,False
9a2d49d0,2026-09-22T06:51:23.481760+00:00,stable,4.543105,200,True,False
9a2d49d0,2026-09-22T06:51:23.516960+00:00,stable,6.881242,200,True,False
9a2d49d0,2026-09-22T06:51:23.550827+00:00,stable,6.43315,200,True,False
9a2d49d0,2026-09-22T06:51:23.581840+00:00,stable,4.865391,200,True,False
9a2d49d0,2026-09-22T06:51:23.617282+00:00,stable,6.84849,200,True,False
9a2d49d0,2026-09-22T06:51:23.649979+00:00,stable,6.754225,200,True,False
9a2d49d0,2026-09-22T06:51:23.682935+00:00,stable,5.656906,200,True,False
9a2d49d0,2026-09-22T06:51:23.714992+00:00,stable,4.959451,200,True,False
9a2d49d0,2026-09-22T06:51:23.750971+00:00,stable,6.88552,200,True,False
9a2d49d0,2026-09-22T06:51:23.782243+00:00,stable,5.734206,200,True,False
9a2d49d0,2026-09-22T06:51:23.813252+00:00,stable,2.89397,200,True,False
9a2d49d0,2026-09-22T06:51:23.846830+00:00,stable,2.839478,200,True,False
9a2d49d0,2026-09-22T06:51:23.879785+00:00,stable,3.065311,200,True,False
9a2d49d0,2026-09-22T06:51:23.913426+00:00,stable,2.897332,200,True,False
9a2d49d0,2026-09-22T06:51:23.946594+00:00,stable,2.745232,200,True,False
9a2d49d0,2026-09-22T06:51:23.979855+00:00,stable,2.978008,200,True,False
9a2d49d0,2026-09-22T06:51:24.012731+00:00,stable,2.919097,200,True,False
9a2d49d0,2026-09-22T06:51:24.046086+00:00,stable,2.927792,200,True,False
9a2d49d0,2026-09-22T06:51:24.079949+00:00,stable,2.830257,200,True,False
9a2d49d0,2026-09-22T06:51:24.112379+00:00,stable,2.771579,200,True,False
9a2d49d0,2026-09-22T06:51:24.146715+00:00,stable,2.939333,200,True,False
9a2d49d0,2026-09-22T06:51:24.179179+00:00,stable,2.82088,200,True,False
9a2d49d0,2026-09-22T06:51:24.212669+00:00,stable,2.899209,200,True,False
9a2d49d0,2026-09-22T06:51:24.245860+00:00,stable,2.834511,200,True,False
9a2d49d0,2026-09-22T06:51:24.279351+00:00,stable,2.683337,200,True,False
9a2d49d0,2026-09-22T06:51:24.313299+00:00,stable,3.535785,200,True,False
9a2d49d0,2026-09-22T06:51:24.346142+00:00,stable,2.625586,200,True,False
9a2d49d0,2026-09-22T06:51:24.380766+00:00,stable,3.823677,200,True,False
9a2d49d0,2026-09-22T06:51:24.412812+00:00,stable,3.051558,200,True,False
9a2d49d0,2026-09-22T06:51:24.446313+00:00,stable,3.081194,200,True,False
9a2d49d0,2026-09-22T06:51:24.482284+00:00,stable,5.153199,200,True,False
9a2d49d0,2026-09-22T06:51:24.514529+00:00,stable,4.485231,200,True,False
9a2d49d0,2026-09-22T06:51:24.550919+00:00,stable,7.116887,200,True,False
9a2d49d0,2026-09-22T06:51:24.582615+00:00,stable,5.213522,200,True,False
9a2d49d0,2026-09-22T06:51:24.615027+00:00,stable,4.406368,200,True,False
9a2d49d0,2026-09-22T06:51:24.647910+00:00,stable,4.324729,200,True,False
9a2d49d0,2026-09-22T06:51:24.679172+00:00,stable,2.319492,200,True,False
9a2d49d0,2026-09-22T06:51:24.712370+00:00,stable,2.677373,200,True,False
9a2d49d0,2026-09-22T06:51:24.749130+00:00,stable,5.167081,200,True,False
9a2d49d0,2026-09-22T06:51:24.781206+00:00,stable,4.602823,200,True,False
9a2d49d0,2026-09-22T06:51:24.814487+00:00,stable,4.65104,200,True,False
9a2d49d0,2026-09-22T06:51:24.846102+00:00,stable,2.735401,200,True,False
9a2d49d0,2026-09-22T06:51:24.881057+00:00,stable,3.936383,200,True,False
9a2d49d0,2026-09-22T06:51:24.914350+00:00,stable,4.190241,200,True,False
9a2d49d0,2026-09-22T06:51:24.948572+00:00,stable,4.56898,200,True,False
9a2d49d0,2026-09-22T06:51:24.979148+00:00,stable,2.402488,200,True,False
9a2d49d0,2026-09-22T06:51:25.013097+00:00,stable,3.347197,200,True,False
9a2d49d0,2026-09-22T06:51:25.047117+00:00,stable,3.401314,200,True,False
9a2d49d0,2026-09-22T06:51:25.081854+00:00,stable,4.876379,200,True,False
9a2d49d0,2026-09-22T06:51:25.112923+00:00,stable,3.127176,200,True,False
9a2d49d0,2026-09-22T06:51:25.148561+00:00,stable,5.098562,200,True,False
9a2d49d0,2026-09-22T06:51:25.183112+00:00,stable,6.029467,200,True,False
9a2d49d0,2026-09-22T06:51:25.216985+00:00,stable,6.566721,200,True,False
9a2d49d0,2026-09-22T06:51:25.249251+00:00,stable,5.660647,200,True,False
9a2d49d0,2026-09-22T06:51:25.280835+00:00,stable,3.856353,200,True,False
9a2d49d0,2026-09-22T06:51:25.312292+00:00,stable,2.701051,200,True,False
9a2d49d0,2026-09-22T06:51:25.346567+00:00,stable,2.915809,200,True,False
9a2d49d0,2026-09-22T06:51:25.378981+00:00,stable,2.615893,200,True,False
9a2d49d0,2026-09-22T06:51:25.412174+00:00,stable,2.474308,200,True,False
9a2d49d0,2026-09-22T06:51:25.446563+00:00,stable,2.634347,200,True,False
9a2d49d0,2026-09-22T06:51:25.478929+00:00,stable,2.641925,200,True,False
9a2d49d0,2026-09-22T06:51:25.512283+00:00,stable,2.633156,200,True,False
9a2d49d0,2026-09-22T06:51:25.547047+00:00,stable,3.284144,200,True,False
9a2d49d0,2026-09-22T06:51:25.581655+00:00,stable,4.819941,200,True,False
9a2d49d0,2026-09-22T06:51:25.614943+00:00,stable,5.002907,200,True,False
9a2d49d0,2026-09-22T06:51:25.648558+00:00,stable,4.804769,200,True,False
9a2d49d0,2026-09-22T06:51:25.682607+00:00,stable,6.013486,200,True,False
9a2d49d0,2026-09-22T06:51:25.713871+00:00,stable,4.276475,200,True,False
9a2d49d0,2026-09-22T06:51:25.746985+00:00,stable,3.396629,200,True,False
9a2d49d0,2026-09-22T06:51:25.779762+00:00,stable,2.749663,200,True,False
9a2d49d0,2026-09-22T06:51:25.812772+00:00,stable,2.476377,200,True,False
9a2d49d0,2026-09-22T06:51:25.846031+00:00,stable,2.525483,200,True,False
9a2d49d0,2026-09-22T06:51:25.879698+00:00,stable,2.93355,200,True,False
9a2d49d0,2026-09-22T06:51:25.914855+00:00,stable,4.395021,200,True,False
9a2d49d0,2026-09-22T06:51:25.946787+00:00,stable,3.216776,200,True,False
9a2d49d0,2026-09-22T06:51:25.979463+00:00,stable,2.865306,200,True,False
9a2d49d0,2026-09-22T06:51:26.012987+00:00,stable,2.645792,200,True,False
9a2d49d0,2026-09-22T06:51:26.046211+00:00,stable,2.786103,200,True,False
9a2d49d0,2026-09-22T06:51:26.081296+00:00,stable,4.135879,200,True,False
9a2d49d0,2026-09-22T06:51:26.113765+00:00,stable,3.722751,200,True,False
9a2d49d0,2026-09-22T06:51:26.147556+00:00,stable,4.255156,200,True,False
9a2d49d0,2026-09-22T06:51:26.179967+00:00,stable,3.168308,200,True,False
9a2d49d0,2026-09-22T06:51:26.212631+00:00,stable,2.910275,200,True,False
9a2d49d0,2026-09-22T06:51:26.246158+00:00,stable,2.957437,200,True,False
9a2d49d0,2026-09-22T06:51:26.280098+00:00,stable,2.952233,200,True,False
9a2d49d0,2026-09-22T06:51:26.312932+00:00,stable,2.985444,200,True,False
9a2d49d0,2026-09-22T06:51:26.346622+00:00,stable,3.253934,200,True,False
9a2d49d0,2026-09-22T06:51:26.379076+00:00,stable,2.574711,200,True,False
9a2d49d0,2026-09-22T06:51:26.412612+00:00,stable,2.720056,200,True,False
9a2d49d0,2026-09-22T06:51:26.447118+00:00,stable,4.062315,200,True,False
9a2d49d0,2026-09-22T06:51:26.479833+00:00,stable,2.642591,200,True,False
9a2d49d0,2026-09-22T06:51:26.515395+00:00,stable,5.727828,200,True,False
9a2d49d0,2026-09-22T06:51:26.550138+00:00,stable,6.064917,200,True,False
9a2d49d0,2026-09-22T06:51:26.580333+00:00,stable,3.053283,200,True,False
9a2d49d0,2026-09-22T06:51:26.616399+00:00,stable,5.767473,200,True,False
9a2d49d0,2026-09-22T06:51:26.649138+00:00,stable,5.25142,200,True,False
9a2d49d0,2026-09-22T06:51:26.682534+00:00,stable,6.097423,200,True,False
9a2d49d0,2026-09-22T06:51:26.748852+00:00,stable,3.441381,200,True,False
9a2d49d0,2026-09-22T06:51:26.751233+00:00,stable,5.82313,200,True,False
9a2d49d0,2026-09-22T06:51:26.779376+00:00,stable,3.098766,200,True,False
9a2d49d0,2026-09-22T06:51:26.813366+00:00,stable,3.243321,200,True,False
9a2d49d0,2026-09-22T06:51:26.846939+00:00,stable,3.260151,200,True,False
9a2d49d0,2026-09-22T06:51:26.880630+00:00,stable,3.745448,200,True,False
9a2d49d0,2026-09-22T06:51:26.912182+00:00,stable,2.560373,200,True,False
9a2d49d0,2026-09-22T06:51:26.947497+00:00,stable,3.782905,200,True,False
9a2d49d0,2026-09-22T06:51:26.979725+00:00,stable,2.962923,200,True,False
9a2d49d0,2026-09-22T06:51:27.012538+00:00,stable,2.911502,200,True,False
9a2d49d0,2026-09-22T06:51:27.046131+00:00,stable,2.934977,200,True,False
9a2d49d0,2026-09-22T06:51:27.079421+00:00,stable,2.549368,200,True,False
9a2d49d0,2026-09-22T06:51:27.114484+00:00,stable,4.049737,200,True,False
9a2d49d0,2026-09-22T06:51:27.148459+00:00,stable,5.436465,200,True,False
9a2d49d0,2026-09-22T06:51:27.179438+00:00,stable,2.883304,200,True,False
9a2d49d0,2026-09-22T06:51:27.214461+00:00,stable,3.84844,200,True,False
9a2d49d0,2026-09-22T06:51:27.248452+00:00,stable,4.942702,200,True,False
9a2d49d0,2026-09-22T06:51:27.280847+00:00,stable,3.844403,200,True,False
9a2d49d0,2026-09-22T06:51:27.313130+00:00,stable,2.558709,200,True,False
9a2d49d0,2026-09-22T06:51:27.346912+00:00,stable,3.018869,200,True,False
9a2d49d0,2026-09-22T06:51:27.380101+00:00,stable,3.432604,200,True,False
9a2d49d0,2026-09-22T06:51:27.412663+00:00,stable,2.887692,200,True,False
9a2d49d0,2026-09-22T06:51:27.446308+00:00,stable,3.378936,200,True,False
9a2d49d0,2026-09-22T06:51:27.479936+00:00,stable,2.956927,200,True,False
9a2d49d0,2026-09-22T06:51:27.512902+00:00,stable,3.113263,200,True,False
9a2d49d0,2026-09-22T06:51:27.546085+00:00,stable,2.725954,200,True,False
9a2d49d0,2026-09-22T06:51:27.579267+00:00,stable,2.549709,200,True,False
9a2d49d0,2026-09-22T06:51:27.613046+00:00,stable,3.066382,200,True,False
9a2d49d0,2026-09-22T06:51:27.646544+00:00,stable,3.064113,200,True,False
9a2d49d0,2026-09-22T06:51:27.679600+00:00,stable,2.949326,200,True,False
9a2d49d0,2026-09-22T06:51:27.713718+00:00,stable,3.130855,200,True,False
9a2d49d0,2026-09-22T06:51:27.746575+00:00,stable,3.282319,200,True,False
9a2d49d0,2026-09-22T06:51:27.779774+00:00,stable,3.18153,200,True,False
9a2d49d0,2026-09-22T06:51:27.813635+00:00,stable,3.892305,200,True,False
9a2d49d0,2026-09-22T06:51:27.846513+00:00,stable,3.537633,200,True,False
9a2d49d0,2026-09-22T06:51:27.881922+00:00,stable,4.66662,200,True,False
9a2d49d0,2026-09-22T06:51:27.914348+00:00,stable,4.499363,200,True,False
9a2d49d0,2026-09-22T06:51:27.948289+00:00,stable,4.325924,200,True,False
9a2d49d0,2026-09-22T06:51:27.980055+00:00,stable,3.179301,200,True,False
9a2d49d0,2026-09-22T06:51:28.012873+00:00,stable,3.160013,200,True,False
9a2d49d0,2026-09-22T06:51:28.046834+00:00,stable,3.193474,200,True,False
9a2d49d0,2026-09-22T06:51:28.080285+00:00,stable,3.425432,200,True,False
9a2d49d0,2026-09-22T06:51:28.113505+00:00,stable,3.591494,200,True,False
9a2d49d0,2026-09-22T06:51:28.146238+00:00,stable,3.278878,200,True,False
9a2d49d0,2026-09-22T06:51:28.180140+00:00,stable,3.223007,200,True,False
9a2d49d0,2026-09-22T06:51:28.212741+00:00,stable,2.891452,200,True,False
9a2d49d0,2026-09-22T06:51:28.246644+00:00,stable,2.950117,200,True,False
9a2d49d0,2026-09-22T06:51:28.280070+00:00,stable,3.326173,200,True,False
9a2d49d0,2026-09-22T06:51:28.314169+00:00,stable,4.288829,200,True,False
9a2d49d0,2026-09-22T06:51:28.347651+00:00,stable,3.874568,200,True,False
9a2d49d0,2026-09-22T06:51:28.380838+00:00,stable,3.877545,200,True,False
9a2d49d0,2026-09-22T06:51:28.412870+00:00,stable,3.334856,200,True,False
9a2d49d0,2026-09-22T06:51:28.446506+00:00,stable,3.05914,200,True,False
9a2d49d0,2026-09-22T06:51:28.480994+00:00,stable,4.512771,200,True,False
9a2d49d0,2026-09-22T06:51:28.513392+00:00,stable,3.605139,200,True,False
9a2d49d0,2026-09-22T06:51:28.546458+00:00,stable,2.688689,200,True,False
9a2d49d0,2026-09-22T06:51:28.580444+00:00,stable,2.995247,200,True,False
9a2d49d0,2026-09-22T06:51:28.613042+00:00,stable,2.901,200,True,False
9a2d49d0,2026-09-22T06:51:28.646665+00:00,stable,3.127896,200,True,False
9a2d49d0,2026-09-22T06:51:28.679599+00:00,stable,2.764743,200,True,False
9a2d49d0,2026-09-22T06:51:28.713100+00:00,stable,2.808868,200,True,False
9a2d49d0,2026-09-22T06:51:28.746452+00:00,stable,2.907588,200,True,False
9a2d49d0,2026-09-22T06:51:28.779029+00:00,stable,2.64219,200,True,False
9a2d49d0,2026-09-22T06:51:28.813282+00:00,stable,3.122017,200,True,False
9a2d49d0,2026-09-22T06:51:28.846834+00:00,stable,3.039698,200,True,False
9a2d49d0,2026-09-22T06:51:28.880013+00:00,stable,3.0921,200,True,False
9a2d49d0,2026-09-22T06:51:28.912768+00:00,stable,3.067544,200,True,False
9a2d49d0,2026-09-22T06:51:28.946535+00:00,stable,3.255538,200,True,False
9a2d49d0,2026-09-22T06:51:28.980154+00:00,stable,2.838418,200,True,False
9a2d49d0,2026-09-22T06:51:29.013202+00:00,stable,3.305296,200,True,False
9a2d49d0,2026-09-22T06:51:29.046506+00:00,stable,2.861989,200,True,False
9a2d49d0,2026-09-22T06:51:29.081896+00:00,stable,4.651037,200,True,False
9a2d49d0,2026-09-22T06:51:29.113487+00:00,stable,2.894018,200,True,False
9a2d49d0,2026-09-22T06:51:29.147367+00:00,stable,3.439086,200,True,False
9a2d49d0,2026-09-22T06:51:29.181584+00:00,stable,4.439103,200,True,False
9a2d49d0,2026-09-22T06:51:29.215408+00:00,stable,4.728066,200,True,False
9a2d49d0,2026-09-22T06:51:29.249385+00:00,stable,5.385492,200,True,False
9a2d49d0,2026-09-22T06:51:29.282152+00:00,stable,5.520329,200,True,False
9a2d49d0,2026-09-22T06:51:29.315639+00:00,stable,5.63059,200,True,False
9a2d49d0,2026-09-22T06:51:29.349274+00:00,stable,5.584344,200,True,False
9a2d49d0,2026-09-22T06:51:29.378937+00:00,stable,2.518879,200,True,False
9a2d49d0,2026-09-22T06:51:29.413104+00:00,stable,3.483764,200,True,False
9a2d49d0,2026-09-22T06:51:29.450111+00:00,stable,5.802749,200,True,False
9a2d49d0,2026-09-22T06:51:29.483005+00:00,stable,5.804231,200,True,False
9a2d49d0,2026-09-22T06:51:29.516458+00:00,stable,6.457948,200,True,False
9a2d49d0,2026-09-22T06:51:29.547730+00:00,stable,4.269696,200,True,False
9a2d49d0,2026-09-22T06:51:29.580786+00:00,stable,4.152186,200,True,False
9a2d49d0,2026-09-22T06:51:29.613293+00:00,stable,2.858175,200,True,False
9a2d49d0,2026-09-22T06:51:29.645582+00:00,stable,2.595453,200,True,False
9a2d49d0,2026-09-22T06:51:29.680464+00:00,stable,3.215876,200,True,False
9a2d49d0,2026-09-22T06:51:29.713022+00:00,stable,2.725858,200,True,False
9a2d49d0,2026-09-22T06:51:29.746232+00:00,stable,2.756602,200,True,False
9a2d49d0,2026-09-22T06:51:29.780626+00:00,stable,3.269211,200,True,False
9a2d49d0,2026-09-22T06:51:29.849225+00:00,stable,3.884647,200,True,False
9a2d49d0,2026-09-22T06:51:29.852346+00:00,stable,6.885328,200,True,False
9a2d49d0,2026-09-22T06:51:29.880127+00:00,stable,2.995185,200,True,False
9a2d49d0,2026-09-22T06:51:29.948691+00:00,stable,3.177559,200,True,False
9a2d49d0,2026-09-22T06:51:29.948705+00:00,stable,3.191854,200,True,False
9a2d49d0,2026-09-22T06:51:29.979373+00:00,stable,3.018685,200,True,False
9a2d49d0,2026-09-22T06:51:30.044926+00:00,stable,34.883312,200,True,False
9a2d49d0,2026-09-22T06:51:30.048697+00:00,stable,3.379764,200,True,False
9a2d49d0,2026-09-22T06:51:30.080626+00:00,stable,3.839827,200,True,False
9a2d49d0,2026-09-22T06:51:30.113151+00:00,stable,2.640879,200,True,False
9a2d49d0,2026-09-22T06:51:30.146729+00:00,stable,3.10047,200,True,False
9a2d49d0,2026-09-22T06:51:30.179243+00:00,stable,2.847191,200,True,False
9a2d49d0,2026-09-22T06:51:30.212692+00:00,stable,2.770956,200,True,False
9a2d49d0,2026-09-22T06:51:30.246070+00:00,stable,2.856421,200,True,False
9a2d49d0,2026-09-22T06:51:30.279656+00:00,stable,2.703115,200,True,False
9a2d49d0,2026-09-22T06:51:30.313093+00:00,stable,2.797662,200,True,False
9a2d49d0,2026-09-22T06:51:30.347075+00:00,stable,3.25676,200,True,False
9a2d49d0,2026-09-22T06:51:30.380118+00:00,stable,3.265978,200,True,False
9a2d49d0,2026-09-22T06:51:30.412930+00:00,stable,3.043171,200,True,False
9a2d49d0,2026-09-22T06:51:30.446525+00:00,stable,3.114585,200,True,False
9a2d49d0,2026-09-22T06:51:30.479149+00:00,stable,2.749063,200,True,False
9a2d49d0,2026-09-22T06:51:30.512717+00:00,stable,3.053592,200,True,False
9a2d49d0,2026-09-22T06:51:30.546406+00:00,stable,3.214891,200,True,False
9a2d49d0,2026-09-22T06:51:30.579729+00:00,stable,3.117141,200,True,False
9a2d49d0,2026-09-22T06:51:30.613742+00:00,stable,4.017205,200,True,False
9a2d49d0,2026-09-22T06:51:30.647782+00:00,stable,4.443952,200,True,False
9a2d49d0,2026-09-22T06:51:30.689066+00:00,stable,4.408874,200,True,False
9a2d49d0,2026-09-22T06:51:30.752882+00:00,stable,6.859653,200,True,False
9a2d49d0,2026-09-22T06:51:30.753148+00:00,stable,6.689284,200,True,False
9a2d49d0,2026-09-22T06:51:30.779153+00:00,stable,2.866675,200,True,False
9a2d49d0,2026-09-22T06:51:30.847780+00:00,stable,37.982756,200,True,False
9a2d49d0,2026-09-22T06:51:30.847952+00:00,stable,4.991032,200,True,False
9a2d49d0,2026-09-22T06:51:30.880014+00:00,stable,3.171984,200,True,False
9a2d49d0,2026-09-22T06:51:30.945367+00:00,stable,35.591923,200,True,False
9a2d49d0,2026-09-22T06:51:30.948610+00:00,stable,3.046674,200,True,False
9a2d49d0,2026-09-22T06:51:30.981213+00:00,stable,4.163313,200,True,False
9a2d49d0,2026-09-22T06:51:31.060435+00:00,stable,9.104869,200,True,False
9a2d49d0,2026-09-22T06:51:31.171708+00:00,stable,120.06318,200,True,False
9a2d49d0,2026-09-22T06:51:31.176499+00:00,stable,4.686292,200,True,False
9a2d49d0,2026-09-22T06:51:31.176499+00:00,stable,4.534157,200,True,False
9a2d49d0,2026-09-22T06:51:31.249453+00:00,stable,77.555099,200,True,False
9a2d49d0,2026-09-22T06:51:31.252093+00:00,stable,75.431997,200,True,False
9a2d49d0,2026-09-22T06:51:31.349034+00:00,stable,103.477364,200,True,False
9a2d49d0,2026-09-22T06:51:31.349641+00:00,stable,103.69199,200,True,False
9a2d49d0,2026-09-22T06:51:31.356835+00:00,stable,7.301203,200,True,False
9a2d49d0,2026-09-22T06:51:31.372767+00:00,stable,23.399308,200,True,False
9a2d49d0,2026-09-22T06:51:31.375688+00:00,stable,26.89853,200,True,False
9a2d49d0,2026-09-22T06:51:31.450315+00:00,stable,5.2192,200,True,False
9a2d49d0,2026-09-22T06:51:31.553476+00:00,stable,169.842761,200,True,False
9a2d49d0,2026-09-22T06:51:31.553687+00:00,stable,143.078099,200,True,False
9a2d49d0,2026-09-22T06:51:31.564994+00:00,stable,16.855004,200,True,False
9a2d49d0,2026-09-22T06:51:31.567869+00:00,stable,14.651199,200,True,False
9a2d49d0,2026-09-22T06:51:31.649770+00:00,stable,102.015494,200,True,False
9a2d49d0,2026-09-22T06:51:31.655863+00:00,stable,10.27233,200,True,False
9a2d49d0,2026-09-22T06:51:31.655863+00:00,stable,10.290724,200,True,False
9a2d49d0,2026-09-22T06:51:31.674115+00:00,stable,97.772897,200,True,False
9a2d49d0,2026-09-22T06:51:31.756916+00:00,stable,11.066059,200,True,False
9a2d49d0,2026-09-22T06:51:31.756782+00:00,stable,11.298119,200,True,False
9a2d49d0,2026-09-22T06:51:31.763907+00:00,stable,4.461095,200,True,False
9a2d49d0,2026-09-22T06:51:31.778780+00:00,stable,2.619418,200,True,False
9a2d49d0,2026-09-22T06:51:31.850898+00:00,stable,4.479782,200,True,False
9a2d49d0,2026-09-22T06:51:31.852862+00:00,stable,6.609644,200,True,False
9a2d49d0,2026-09-22T06:51:31.879615+00:00,stable,3.000216,200,True,False
9a2d49d0,2026-09-22T06:51:31.912680+00:00,stable,3.142357,200,True,False
9a2d49d0,2026-09-22T06:51:31.948327+00:00,stable,3.170066,200,True,False
9a2d49d0,2026-09-22T06:51:31.980351+00:00,stable,3.997644,200,True,False
9a2d49d0,2026-09-22T06:51:32.013576+00:00,stable,2.999737,200,True,False
9a2d49d0,2026-09-22T06:51:32.046872+00:00,stable,3.360526,200,True,False
9a2d49d0,2026-09-22T06:51:32.080400+00:00,stable,3.503507,200,True,False
9a2d49d0,2026-09-22T06:51:32.113114+00:00,stable,2.907794,200,True,False
9a2d49d0,2026-09-22T06:51:32.146899+00:00,stable,3.157734,200,True,False
9a2d49d0,2026-09-22T06:51:32.180482+00:00,stable,3.414394,200,True,False
9a2d49d0,2026-09-22T06:51:32.212335+00:00,stable,2.749229,200,True,False
9a2d49d0,2026-09-22T06:51:32.247684+00:00,stable,3.668111,200,True,False
9a2d49d0,2026-09-22T06:51:32.280454+00:00,stable,4.028084,200,True,False
9a2d49d0,2026-09-22T06:51:32.314964+00:00,stable,4.375432,200,True,False
9a2d49d0,2026-09-22T06:51:32.350288+00:00,stable,6.569336,200,True,False
9a2d49d0,2026-09-22T06:51:32.390011+00:00,stable,3.541636,200,True,False
9a2d49d0,2026-09-22T06:51:32.412509+00:00,stable,2.820407,200,True,False
9a2d49d0,2026-09-22T06:51:32.445421+00:00,stable,2.458666,200,True,False
9a2d49d0,2026-09-22T06:51:32.480246+00:00,stable,3.149641,200,True,False
9a2d49d0,2026-09-22T06:51:32.512863+00:00,stable,2.51978,200,True,False
9a2d49d0,2026-09-22T06:51:32.547700+00:00,stable,4.168526,200,True,False
9a2d49d0,2026-09-22T06:51:32.578964+00:00,stable,2.650006,200,True,False
9a2d49d0,2026-09-22T06:51:32.612223+00:00,stable,2.565491,200,True,False
9a2d49d0,2026-09-22T06:51:32.647330+00:00,stable,3.537518,200,True,False
9a2d49d0,2026-09-22T06:51:32.679678+00:00,stable,2.74461,200,True,False
9a2d49d0,2026-09-22T06:51:32.712181+00:00,stable,2.623643,200,True,False
9a2d49d0,2026-09-22T06:51:32.748604+00:00,stable,4.876638,200,True,False
9a2d49d0,2026-09-22T06:51:32.779788+00:00,stable,3.004775,200,True,False
9a2d49d0,2026-09-22T06:51:32.813084+00:00,stable,3.570818,200,True,False
9a2d49d0,2026-09-22T06:51:32.850363+00:00,stable,6.421634,200,True,False
9a2d49d0,2026-09-22T06:51:32.879276+00:00,stable,2.41208,200,True,False
9a2d49d0,2026-09-22T06:51:32.913376+00:00,stable,3.512657,200,True,False
9a2d49d0,2026-09-22T06:51:32.949131+00:00,stable,6.002909,200,True,False
9a2d49d0,2026-09-22T06:51:32.979231+00:00,stable,2.838392,200,True,False
9a2d49d0,2026-09-22T06:51:33.012967+00:00,stable,3.119903,200,True,False
9a2d49d0,2026-09-22T06:51:33.045440+00:00,stable,2.568896,200,True,False
9a2d49d0,2026-09-22T06:51:33.079320+00:00,stable,2.84288,200,True,False
9a2d49d0,2026-09-22T06:51:33.112807+00:00,stable,2.682125,200,True,False
9a2d49d0,2026-09-22T06:51:33.145874+00:00,stable,2.599254,200,True,False
9a2d49d0,2026-09-22T06:51:33.179220+00:00,stable,2.62629,200,True,False
9a2d49d0,2026-09-22T06:51:33.212618+00:00,stable,2.702624,200,True,False
9a2d49d0,2026-09-22T06:51:33.246288+00:00,stable,2.964869,200,True,False
9a2d49d0,2026-09-22T06:51:33.280041+00:00,stable,2.964938,200,True,False
9a2d49d0,2026-09-22T06:51:33.312576+00:00,stable,2.627303,200,True,False
9a2d49d0,2026-09-22T06:51:33.345730+00:00,stable,2.681336,200,True,False
9a2d49d0,2026-09-22T06:51:33.379968+00:00,stable,2.836612,200,True,False
9a2d49d0,2026-09-22T06:51:33.413384+00:00,stable,2.859298,200,True,False
9a2d49d0,2026-09-22T06:51:33.445862+00:00,stable,2.693759,200,True,False
9a2d49d0,2026-09-22T06:51:33.479137+00:00,stable,2.658038,200,True,False
9a2d49d0,2026-09-22T06:51:33.512321+00:00,stable,2.608917,200,True,False
9a2d49d0,2026-09-22T06:51:33.546442+00:00,stable,2.760433,200,True,False
9a2d49d0,2026-09-22T06:51:33.579616+00:00,stable,2.579672,200,True,False
9a2d49d0,2026-09-22T06:51:33.613137+00:00,stable,2.685101,200,True,False
9a2d49d0,2026-09-22T06:51:33.646511+00:00,stable,2.887836,200,True,False
9a2d49d0,2026-09-22T06:51:33.679286+00:00,stable,2.94638,200,True,False
9a2d49d0,2026-09-22T06:51:33.712940+00:00,stable,2.854747,200,True,False
9a2d49d0,2026-09-22T06:51:33.745942+00:00,stable,2.586343,200,True,False
9a2d49d0,2026-09-22T06:51:33.779371+00:00,stable,2.749588,200,True,False
9a2d49d0,2026-09-22T06:51:33.814551+00:00,stable,4.288632,200,True,False
9a2d49d0,2026-09-22T06:51:33.846568+00:00,stable,3.343707,200,True,False
9a2d49d0,2026-09-22T06:51:33.880612+00:00,stable,3.062502,200,True,False
9a2d49d0,2026-09-22T06:51:33.913006+00:00,stable,2.54067,200,True,False
9a2d49d0,2026-09-22T06:51:33.946412+00:00,stable,2.985703,200,True,False
9a2d49d0,2026-09-22T06:51:33.979791+00:00,stable,3.072111,200,True,False
9a2d49d0,2026-09-22T06:51:34.013454+00:00,stable,2.926359,200,True,False
9a2d49d0,2026-09-22T06:51:34.046582+00:00,stable,2.680406,200,True,False
9a2d49d0,2026-09-22T06:51:34.078827+00:00,stable,2.411457,200,True,False
9a2d49d0,2026-09-22T06:51:34.112837+00:00,stable,3.374755,200,True,False
9a2d49d0,2026-09-22T06:51:34.146849+00:00,stable,3.247374,200,True,False
9a2d49d0,2026-09-22T06:51:34.179346+00:00,stable,2.692831,200,True,False
9a2d49d0,2026-09-22T06:51:34.213875+00:00,stable,3.812245,200,True,False
9a2d49d0,2026-09-22T06:51:34.246912+00:00,stable,3.577285,200,True,False
9a2d49d0,2026-09-22T06:51:34.345997+00:00,stable,69.111818,200,True,False
9a2d49d0,2026-09-22T06:51:34.352587+00:00,stable,6.896925,200,True,False
9a2d49d0,2026-09-22T06:51:34.352780+00:00,stable,7.089967,200,True,False
9a2d49d0,2026-09-22T06:51:34.379999+00:00,stable,3.121299,200,True,False
9a2d49d0,2026-09-22T06:51:34.449103+00:00,stable,5.252711,200,True,False
9a2d49d0,2026-09-22T06:51:34.449313+00:00,stable,39.720362,200,True,False
9a2d49d0,2026-09-22T06:51:34.479690+00:00,stable,3.272391,200,True,False
9a2d49d0,2026-09-22T06:51:34.513377+00:00,stable,3.880128,200,True,False
9a2d49d0,2026-09-22T06:51:34.549488+00:00,stable,5.419696,200,True,False
9a2d49d0,2026-09-22T06:51:34.579019+00:00,stable,2.513699,200,True,False
9a2d49d0,2026-09-22T06:51:34.613759+00:00,stable,4.136185,200,True,False
9a2d49d0,2026-09-22T06:51:34.646398+00:00,stable,3.122707,200,True,False
9a2d49d0,2026-09-22T06:51:34.679909+00:00,stable,2.744828,200,True,False
9a2d49d0,2026-09-22T06:51:34.713126+00:00,stable,2.581511,200,True,False
9a2d49d0,2026-09-22T06:51:34.746442+00:00,stable,2.514193,200,True,False
9a2d49d0,2026-09-22T06:51:34.778682+00:00,stable,2.303443,200,True,False
9a2d49d0,2026-09-22T06:51:34.813281+00:00,stable,3.622694,200,True,False
9a2d49d0,2026-09-22T06:51:34.848174+00:00,stable,5.158506,200,True,False
9a2d49d0,2026-09-22T06:51:34.881469+00:00,stable,4.276504,200,True,False
9a2d49d0,2026-09-22T06:51:34.912888+00:00,stable,2.491699,200,True,False
9a2d49d0,2026-09-22T06:51:34.945901+00:00,stable,2.591938,200,True,False
9a2d49d0,2026-09-22T06:51:34.981365+00:00,stable,4.51072,200,True,False
9a2d49d0,2026-09-22T06:51:35.013346+00:00,stable,2.996529,200,True,False
9a2d49d0,2026-09-22T06:51:35.046744+00:00,stable,3.547864,200,True,False
9a2d49d0,2026-09-22T06:51:35.081219+00:00,stable,4.070463,200,True,False
9a2d49d0,2026-09-22T06:51:35.112676+00:00,stable,2.892234,200,True,False
9a2d49d0,2026-09-22T06:51:35.147274+00:00,stable,3.833609,200,True,False
9a2d49d0,2026-09-22T06:51:35.180128+00:00,stable,2.944277,200,True,False
9a2d49d0,2026-09-22T06:51:35.213611+00:00,stable,3.429474,200,True,False
9a2d49d0,2026-09-22T06:51:35.245681+00:00,stable,2.776375,200,True,False
9a2d49d0,2026-09-22T06:51:35.280597+00:00,stable,3.507021,200,True,False
9a2d49d0,2026-09-22T06:51:35.313402+00:00,stable,3.104763,200,True,False
9a2d49d0,2026-09-22T06:51:35.346728+00:00,stable,2.803567,200,True,False
9a2d49d0,2026-09-22T06:51:35.380299+00:00,stable,3.130508,200,True,False
9a2d49d0,2026-09-22T06:51:35.413054+00:00,stable,2.616793,200,True,False
9a2d49d0,2026-09-22T06:51:35.446125+00:00,stable,2.640794,200,True,False
9a2d49d0,2026-09-22T06:51:35.479329+00:00,stable,2.532642,200,True,False
9a2d49d0,2026-09-22T06:51:35.513236+00:00,stable,3.121535,200,True,False
9a2d49d0,2026-09-22T06:51:35.545904+00:00,stable,2.828871,200,True,False
9a2d49d0,2026-09-22T06:51:35.579334+00:00,stable,2.723378,200,True,False
9a2d49d0,2026-09-22T06:51:35.612624+00:00,stable,2.710326,200,True,False
9a2d49d0,2026-09-22T06:51:35.648088+00:00,stable,5.074027,200,True,False
9a2d49d0,2026-09-22T06:51:35.680016+00:00,stable,3.060185,200,True,False
9a2d49d0,2026-09-22T06:51:35.712543+00:00,stable,2.546884,200,True,False
9a2d49d0,2026-09-22T06:51:35.747470+00:00,stable,4.548752,200,True,False
9a2d49d0,2026-09-22T06:51:35.779441+00:00,stable,3.181399,200,True,False
9a2d49d0,2026-09-22T06:51:35.812664+00:00,stable,2.74671,200,True,False
9a2d49d0,2026-09-22T06:51:35.846460+00:00,stable,3.037847,200,True,False
9a2d49d0,2026-09-22T06:51:35.879775+00:00,stable,2.649111,200,True,False
9a2d49d0,2026-09-22T06:51:35.913612+00:00,stable,3.934275,200,True,False
9a2d49d0,2026-09-22T06:51:35.948739+00:00,stable,5.551276,200,True,False
9a2d49d0,2026-09-22T06:51:35.991717+00:00,stable,11.236398,200,True,False
9a2d49d0,2026-09-22T06:51:36.012070+00:00,stable,2.33715,200,True,False
9a2d49d0,2026-09-22T06:51:36.046737+00:00,stable,3.026231,200,True,False
9a2d49d0,2026-09-22T06:51:36.079710+00:00,stable,3.269609,200,True,False
9a2d49d0,2026-09-22T06:51:36.112778+00:00,stable,3.126412,200,True,False
9a2d49d0,2026-09-22T06:51:36.146638+00:00,stable,3.221244,200,True,False
9a2d49d0,2026-09-22T06:51:36.179204+00:00,stable,2.780626,200,True,False
9a2d49d0,2026-09-22T06:51:36.213147+00:00,stable,2.892407,200,True,False
9a2d49d0,2026-09-22T06:51:36.246536+00:00,stable,2.747235,200,True,False
9a2d49d0,2026-09-22T06:51:36.278929+00:00,stable,2.763929,200,True,False
9a2d49d0,2026-09-22T06:51:36.313687+00:00,stable,3.974119,200,True,False
9a2d49d0,2026-09-22T06:51:36.350111+00:00,stable,6.248821,200,True,False
9a2d49d0,2026-09-22T06:51:36.380730+00:00,stable,4.383317,200,True,False
9a2d49d0,2026-09-22T06:51:36.414302+00:00,stable,3.982764,200,True,False
9a2d49d0,2026-09-22T06:51:36.446870+00:00,stable,3.060478,200,True,False
9a2d49d0,2026-09-22T06:51:36.479426+00:00,stable,2.712995,200,True,False
9a2d49d0,2026-09-22T06:51:36.513236+00:00,stable,2.751032,200,True,False
9a2d49d0,2026-09-22T06:51:36.550743+00:00,stable,6.833502,200,True,False
9a2d49d0,2026-09-22T06:51:36.579749+00:00,stable,2.49672,200,True,False
9a2d49d0,2026-09-22T06:51:36.615868+00:00,stable,6.049593,200,True,False
9a2d49d0,2026-09-22T06:51:36.650840+00:00,stable,7.098821,200,True,False
9a2d49d0,2026-09-22T06:51:36.679765+00:00,stable,2.830747,200,True,False
9a2d49d0,2026-09-22T06:51:36.713621+00:00,stable,3.71693,200,True,False
9a2d49d0,2026-09-22T06:51:36.748009+00:00,stable,4.540368,200,True,False
9a2d49d0,2026-09-22T06:51:36.778885+00:00,stable,2.660319,200,True,False
9a2d49d0,2026-09-22T06:51:36.812170+00:00,stable,2.606592,200,True,False
9a2d49d0,2026-09-22T06:51:36.846163+00:00,stable,2.945508,200,True,False
9a2d49d0,2026-09-22T06:51:36.880161+00:00,stable,3.342973,200,True,False
9a2d49d0,2026-09-22T06:51:36.912917+00:00,stable,3.134267,200,True,False
9a2d49d0,2026-09-22T06:51:36.947399+00:00,stable,3.987519,200,True,False
9a2d49d0,2026-09-22T06:51:36.979138+00:00,stable,2.69902,200,True,False
9a2d49d0,2026-09-22T06:51:37.012372+00:00,stable,2.546008,200,True,False
9a2d49d0,2026-09-22T06:51:37.048089+00:00,stable,4.193002,200,True,False
9a2d49d0,2026-09-22T06:51:37.079707+00:00,stable,2.6375,200,True,False
9a2d49d0,2026-09-22T06:51:37.112970+00:00,stable,2.624695,200,True,False
9a2d49d0,2026-09-22T06:51:37.148031+00:00,stable,4.563961,200,True,False
9a2d49d0,2026-09-22T06:51:37.180294+00:00,stable,3.113873,200,True,False
9a2d49d0,2026-09-22T06:51:37.212507+00:00,stable,2.700576,200,True,False
9a2d49d0,2026-09-22T06:51:37.247199+00:00,stable,4.217671,200,True,False
9a2d49d0,2026-09-22T06:51:37.280426+00:00,stable,3.320857,200,True,False
9a2d49d0,2026-09-22T06:51:37.312310+00:00,stable,2.666091,200,True,False
9a2d49d0,2026-09-22T06:51:37.348405+00:00,stable,4.453246,200,True,False
9a2d49d0,2026-09-22T06:51:37.379519+00:00,stable,2.853598,200,True,False
9a2d49d0,2026-09-22T06:51:37.412753+00:00,stable,2.633625,200,True,False
9a2d49d0,2026-09-22T06:51:37.446191+00:00,stable,2.880315,200,True,False
9a2d49d0,2026-09-22T06:51:37.479540+00:00,stable,2.805591,200,True,False
9a2d49d0,2026-09-22T06:51:37.549536+00:00,stable,3.54294,200,True,False
9a2d49d0,2026-09-22T06:51:37.550750+00:00,stable,4.756923,200,True,False
9a2d49d0,2026-09-22T06:51:37.580531+00:00,stable,3.3026,200,True,False
9a2d49d0,2026-09-22T06:51:37.651532+00:00,stable,5.295772,200,True,False
9a2d49d0,2026-09-22T06:51:37.651693+00:00,stable,5.703064,200,True,False
9a2d49d0,2026-09-22T06:51:37.679289+00:00,stable,2.707339,200,True,False
9a2d49d0,2026-09-22T06:51:37.713229+00:00,stable,2.968042,200,True,False
9a2d49d0,2026-09-22T06:51:37.747300+00:00,stable,3.308262,200,True,False
9a2d49d0,2026-09-22T06:51:37.780720+00:00,stable,3.515406,200,True,False
9a2d49d0,2026-09-22T06:51:37.814144+00:00,stable,3.672322,200,True,False
9a2d49d0,2026-09-22T06:51:37.847296+00:00,stable,3.280885,200,True,False
9a2d49d0,2026-09-22T06:51:37.879426+00:00,stable,2.946744,200,True,False
9a2d49d0,2026-09-22T06:51:37.913109+00:00,stable,2.778719,200,True,False
9a2d49d0,2026-09-22T06:51:37.948413+00:00,stable,4.54,200,True,False
9a2d49d0,2026-09-22T06:51:37.979361+00:00,stable,2.819338,200,True,False
9a2d49d0,2026-09-22T06:51:38.013271+00:00,stable,2.959218,200,True,False
9a2d49d0,2026-09-22T06:51:38.047302+00:00,stable,3.478771,200,True,False
9a2d49d0,2026-09-22T06:51:38.079342+00:00,stable,2.394943,200,True,False
9a2d49d0,2026-09-22T06:51:38.113608+00:00,stable,3.428314,200,True,False
9a2d49d0,2026-09-22T06:51:38.146198+00:00,stable,3.205953,200,True,False
9a2d49d0,2026-09-22T06:51:38.179787+00:00,stable,2.559872,200,True,False
9a2d49d0,2026-09-22T06:51:38.216380+00:00,stable,5.520838,200,True,False
9a2d49d0,2026-09-22T06:51:38.247155+00:00,stable,3.888378,200,True,False
9a2d49d0,2026-09-22T06:51:38.279583+00:00,stable,2.603153,200,True,False
9a2d49d0,2026-09-22T06:51:38.313210+00:00,stable,2.646131,200,True,False
9a2d49d0,2026-09-22T06:51:38.346489+00:00,stable,2.631155,200,True,False
9a2d49d0,2026-09-22T06:51:38.380148+00:00,stable,2.797752,200,True,False
9a2d49d0,2026-09-22T06:51:38.412823+00:00,stable,2.969016,200,True,False
9a2d49d0,2026-09-22T06:51:38.446952+00:00,stable,3.01238,200,True,False
9a2d49d0,2026-09-22T06:51:38.479888+00:00,stable,3.022128,200,True,False
9a2d49d0,2026-09-22T06:51:38.512337+00:00,stable,2.86525,200,True,False
9a2d49d0,2026-09-22T06:51:38.546733+00:00,stable,2.918993,200,True,False
9a2d49d0,2026-09-22T06:51:38.579568+00:00,stable,3.116207,200,True,False
9a2d49d0,2026-09-22T06:51:38.613964+00:00,stable,3.444355,200,True,False
9a2d49d0,2026-09-22T06:51:38.649506+00:00,stable,5.89978,200,True,False
9a2d49d0,2026-09-22T06:51:38.680035+00:00,stable,2.826117,200,True,False
9a2d49d0,2026-09-22T06:51:38.712594+00:00,stable,2.839846,200,True,False
9a2d49d0,2026-09-22T06:51:38.745692+00:00,stable,2.615221,200,True,False
9a2d49d0,2026-09-22T06:51:38.779868+00:00,stable,3.249191,200,True,False
9a2d49d0,2026-09-22T06:51:38.813866+00:00,stable,3.246136,200,True,False
9a2d49d0,2026-09-22T06:51:38.847023+00:00,stable,3.596158,200,True,False
9a2d49d0,2026-09-22T06:51:38.881567+00:00,stable,4.315995,200,True,False
9a2d49d0,2026-09-22T06:51:38.915294+00:00,stable,4.666824,200,True,False
9a2d49d0,2026-09-22T06:51:38.947678+00:00,stable,3.817178,200,True,False
9a2d49d0,2026-09-22T06:51:38.982325+00:00,stable,5.259402,200,True,False
9a2d49d0,2026-09-22T06:51:39.014163+00:00,stable,3.807252,200,True,False
9a2d49d0,2026-09-22T06:51:39.047829+00:00,stable,4.214499,200,True,False
9a2d49d0,2026-09-22T06:51:39.080333+00:00,stable,3.365873,200,True,False
9a2d49d0,2026-09-22T06:51:39.113835+00:00,stable,3.59081,200,True,False
9a2d49d0,2026-09-22T06:51:39.149370+00:00,stable,5.536615,200,True,False
9a2d49d0,2026-09-22T06:51:39.181637+00:00,stable,4.51407,200,True,False
9a2d49d0,2026-09-22T06:51:39.217715+00:00,stable,7.583637,200,True,False
9a2d49d0,2026-09-22T06:51:39.250481+00:00,stable,6.934268,200,True,False
9a2d49d0,2026-09-22T06:51:39.283316+00:00,stable,6.513557,200,True,False
9a2d49d0,2026-09-22T06:51:39.316362+00:00,stable,5.689652,200,True,False
9a2d49d0,2026-09-22T06:51:39.348382+00:00,stable,4.682779,200,True,False
9a2d49d0,2026-09-22T06:51:39.379778+00:00,stable,3.383971,200,True,False
9a2d49d0,2026-09-22T06:51:39.413639+00:00,stable,3.003155,200,True,False
9a2d49d0,2026-09-22T06:51:39.449744+00:00,stable,6.462503,200,True,False
9a2d49d0,2026-09-22T06:51:39.480031+00:00,stable,3.062471,200,True,False
9a2d49d0,2026-09-22T06:51:39.512975+00:00,stable,3.042426,200,True,False
9a2d49d0,2026-09-22T06:51:39.548461+00:00,stable,4.721659,200,True,False
9a2d49d0,2026-09-22T06:51:39.580141+00:00,stable,3.067641,200,True,False
9a2d49d0,2026-09-22T06:51:39.613741+00:00,stable,3.712503,200,True,False
9a2d49d0,2026-09-22T06:51:39.646111+00:00,stable,2.977289,200,True,False
9a2d49d0,2026-09-22T06:51:39.679894+00:00,stable,2.951022,200,True,False
9a2d49d0,2026-09-22T06:51:39.712794+00:00,stable,2.855689,200,True,False
9a2d49d0,2026-09-22T06:51:39.747855+00:00,stable,4.393489,200,True,False
9a2d49d0,2026-09-22T06:51:39.779575+00:00,stable,2.985298,200,True,False
9a2d49d0,2026-09-22T06:51:39.813897+00:00,stable,3.658765,200,True,False
9a2d49d0,2026-09-22T06:51:39.847973+00:00,stable,4.365244,200,True,False
9a2d49d0,2026-09-22T06:51:39.879634+00:00,stable,2.865152,200,True,False
9a2d49d0,2026-09-22T06:51:39.913458+00:00,stable,3.010937,200,True,False
9a2d49d0,2026-09-22T06:51:39.945740+00:00,stable,2.88996,200,True,False
9a2d49d0,2026-09-22T06:51:39.979818+00:00,stable,3.067858,200,True,False
9a2d49d0,2026-09-22T06:51:40.013211+00:00,stable,2.775742,200,True,False
9a2d49d0,2026-09-22T06:51:40.046751+00:00,stable,3.049498,200,True,False
9a2d49d0,2026-09-22T06:51:40.079578+00:00,stable,3.148763,200,True,False
9a2d49d0,2026-09-22T06:51:40.113465+00:00,stable,3.232137,200,True,False
9a2d49d0,2026-09-22T06:51:40.146719+00:00,stable,2.865017,200,True,False
9a2d49d0,2026-09-22T06:51:40.179430+00:00,stable,2.918318,200,True,False
9a2d49d0,2026-09-22T06:51:40.248950+00:00,stable,3.463892,200,True,False
9a2d49d0,2026-09-22T06:51:40.248993+00:00,stable,3.754593,200,True,False
9a2d49d0,2026-09-22T06:51:40.280810+00:00,stable,3.893902,200,True,False
9a2d49d0,2026-09-22T06:51:40.313358+00:00,stable,3.832893,200,True,False
9a2d49d0,2026-09-22T06:51:40.346670+00:00,stable,2.890015,200,True,False
9a2d49d0,2026-09-22T06:51:40.380725+00:00,stable,3.519392,200,True,False
9a2d49d0,2026-09-22T06:51:40.413762+00:00,stable,3.328033,200,True,False
9a2d49d0,2026-09-22T06:51:40.449911+00:00,stable,6.414862,200,True,False
9a2d49d0,2026-09-22T06:51:40.479988+00:00,stable,2.964235,200,True,False
9a2d49d0,2026-09-22T06:51:40.514777+00:00,stable,4.655364,200,True,False
9a2d49d0,2026-09-22T06:51:40.558409+00:00,stable,14.525581,200,True,False
9a2d49d0,2026-09-22T06:51:40.579445+00:00,stable,2.755412,200,True,False
9a2d49d0,2026-09-22T06:51:40.613262+00:00,stable,3.013623,200,True,False
9a2d49d0,2026-09-22T06:51:40.646493+00:00,stable,2.788488,200,True,False
9a2d49d0,2026-09-22T06:51:40.679307+00:00,stable,2.733379,200,True,False
9a2d49d0,2026-09-22T06:51:40.713470+00:00,stable,3.161388,200,True,False
9a2d49d0,2026-09-22T06:51:40.749163+00:00,stable,5.981836,200,True,False
9a2d49d0,2026-09-22T06:51:40.779226+00:00,stable,2.916344,200,True,False
9a2d49d0,2026-09-22T06:51:40.812707+00:00,stable,2.698912,200,True,False
9a2d49d0,2026-09-22T06:51:40.846050+00:00,stable,2.938524,200,True,False
9a2d49d0,2026-09-22T06:51:40.881051+00:00,stable,3.90489,200,True,False
9a2d49d0,2026-09-22T06:51:40.913103+00:00,stable,2.776131,200,True,False
9a2d49d0,2026-09-22T06:51:40.948903+00:00,stable,5.175654,200,True,False
9a2d49d0,2026-09-22T06:51:40.979674+00:00,stable,2.897672,200,True,False
9a2d49d0,2026-09-22T06:51:41.015387+00:00,stable,4.184978,200,True,False
9a2d49d0,2026-09-22T06:51:41.048106+00:00,stable,3.072536,200,True,False
9a2d49d0,2026-09-22T06:51:41.079239+00:00,stable,3.019986,200,True,False
9a2d49d0,2026-09-22T06:51:41.112695+00:00,stable,2.980082,200,True,False
9a2d49d0,2026-09-22T06:51:41.145808+00:00,stable,2.715379,200,True,False
9a2d49d0,2026-09-22T06:51:41.179668+00:00,stable,2.956446,200,True,False
9a2d49d0,2026-09-22T06:51:41.212234+00:00,stable,2.764097,200,True,False
9a2d49d0,2026-09-22T06:51:41.248410+00:00,stable,5.437336,200,True,False
9a2d49d0,2026-09-22T06:51:41.282279+00:00,stable,5.513796,200,True,False
9a2d49d0,2026-09-22T06:51:41.360382+00:00,stable,11.573517,200,True,False
9a2d49d0,2026-09-22T06:51:41.370050+00:00,stable,20.761306,200,True,False
9a2d49d0,2026-09-22T06:51:41.379644+00:00,stable,3.019423,200,True,False
9a2d49d0,2026-09-22T06:51:41.453363+00:00,stable,7.417301,200,True,False
9a2d49d0,2026-09-22T06:51:41.453634+00:00,stable,7.03123,200,True,False
9a2d49d0,2026-09-22T06:51:41.479871+00:00,stable,3.231419,200,True,False
9a2d49d0,2026-09-22T06:51:41.514664+00:00,stable,5.022258,200,True,False
9a2d49d0,2026-09-22T06:51:41.548375+00:00,stable,5.351482,200,True,False
9a2d49d0,2026-09-22T06:51:41.592680+00:00,stable,4.594876,200,True,False
9a2d49d0,2026-09-22T06:51:41.616666+00:00,stable,6.693306,200,True,False
9a2d49d0,2026-09-22T06:51:41.650689+00:00,stable,7.368119,200,True,False
9a2d49d0,2026-09-22T06:51:41.680069+00:00,stable,2.970932,200,True,False
9a2d49d0,2026-09-22T06:51:41.713860+00:00,stable,3.91242,200,True,False
9a2d49d0,2026-09-22T06:51:41.746305+00:00,stable,3.028925,200,True,False
9a2d49d0,2026-09-22T06:51:41.782664+00:00,stable,5.406317,200,True,False
9a2d49d0,2026-09-22T06:51:41.813526+00:00,stable,3.152785,200,True,False
9a2d49d0,2026-09-22T06:51:41.846267+00:00,stable,3.132043,200,True,False
9a2d49d0,2026-09-22T06:51:41.880159+00:00,stable,3.22157,200,True,False
9a2d49d0,2026-09-22T06:51:41.913144+00:00,stable,3.409423,200,True,False
9a2d49d0,2026-09-22T06:51:41.947676+00:00,stable,4.022071,200,True,False
9a2d49d0,2026-09-22T06:51:41.979514+00:00,stable,3.017199,200,True,False
9a2d49d0,2026-09-22T06:51:42.013127+00:00,stable,3.205821,200,True,False
9a2d49d0,2026-09-22T06:51:42.047951+00:00,stable,4.283947,200,True,False
9a2d49d0,2026-09-22T06:51:42.081180+00:00,stable,3.212646,200,True,False
9a2d49d0,2026-09-22T06:51:42.116510+00:00,stable,6.379029,200,True,False
9a2d49d0,2026-09-22T06:51:42.146210+00:00,stable,3.33116,200,True,False
9a2d49d0,2026-09-22T06:51:42.179895+00:00,stable,3.054238,200,True,False
9a2d49d0,2026-09-22T06:51:42.212796+00:00,stable,3.102987,200,True,False
9a2d49d0,2026-09-22T06:51:42.246335+00:00,stable,2.771674,200,True,False
9a2d49d0,2026-09-22T06:51:42.279316+00:00,stable,2.990312,200,True,False
9a2d49d0,2026-09-22T06:51:42.312787+00:00,stable,2.782639,200,True,False
9a2d49d0,2026-09-22T06:51:42.346423+00:00,stable,3.051911,200,True,False
9a2d49d0,2026-09-22T06:51:42.380466+00:00,stable,3.190293,200,True,False
9a2d49d0,2026-09-22T06:51:42.413052+00:00,stable,2.735784,200,True,False
9a2d49d0,2026-09-22T06:51:42.446251+00:00,stable,2.744576,200,True,False
9a2d49d0,2026-09-22T06:51:42.479718+00:00,stable,2.943915,200,True,False
9a2d49d0,2026-09-22T06:51:42.514360+00:00,stable,3.830443,200,True,False
9a2d49d0,2026-09-22T06:51:42.547740+00:00,stable,3.813397,200,True,False
9a2d49d0,2026-09-22T06:51:42.580664+00:00,stable,3.961892,200,True,False
9a2d49d0,2026-09-22T06:51:42.613766+00:00,stable,4.177663,200,True,False
9a2d49d0,2026-09-22T06:51:42.648746+00:00,stable,5.237251,200,True,False
9a2d49d0,2026-09-22T06:51:42.680003+00:00,stable,3.366556,200,True,False
9a2d49d0,2026-09-22T06:51:42.713425+00:00,stable,3.716137,200,True,False
9a2d49d0,2026-09-22T06:51:42.747225+00:00,stable,3.27648,200,True,False
9a2d49d0,2026-09-22T06:51:42.780082+00:00,stable,2.921926,200,True,False
9a2d49d0,2026-09-22T06:51:42.813176+00:00,stable,3.26901,200,True,False
9a2d49d0,2026-09-22T06:51:42.849306+00:00,stable,5.517783,200,True,False
9a2d49d0,2026-09-22T06:51:42.879326+00:00,stable,2.795831,200,True,False
9a2d49d0,2026-09-22T06:51:42.913218+00:00,stable,3.005788,200,True,False
9a2d49d0,2026-09-22T06:51:42.947540+00:00,stable,3.729844,200,True,False
9a2d49d0,2026-09-22T06:51:42.980067+00:00,stable,3.274325,200,True,False
9a2d49d0,2026-09-22T06:51:43.013182+00:00,stable,3.075482,200,True,False
9a2d49d0,2026-09-22T06:51:43.046261+00:00,stable,3.022513,200,True,False
9a2d49d0,2026-09-22T06:51:43.080042+00:00,stable,2.797007,200,True,False
9a2d49d0,2026-09-22T06:51:43.112954+00:00,stable,3.234501,200,True,False
9a2d49d0,2026-09-22T06:51:43.147338+00:00,stable,3.746506,200,True,False
9a2d49d0,2026-09-22T06:51:43.180452+00:00,stable,3.347793,200,True,False
9a2d49d0,2026-09-22T06:51:43.213728+00:00,stable,3.512712,200,True,False
9a2d49d0,2026-09-22T06:51:43.247731+00:00,stable,4.085875,200,True,False
9a2d49d0,2026-09-22T06:51:43.279501+00:00,stable,2.795056,200,True,False
9a2d49d0,2026-09-22T06:51:43.313218+00:00,stable,2.758254,200,True,False
9a2d49d0,2026-09-22T06:51:43.347432+00:00,stable,4.351767,200,True,False
9a2d49d0,2026-09-22T06:51:43.379571+00:00,stable,2.427979,200,True,False
9a2d49d0,2026-09-22T06:51:43.414113+00:00,stable,3.686475,200,True,False
9a2d49d0,2026-09-22T06:51:43.447190+00:00,stable,3.510993,200,True,False
9a2d49d0,2026-09-22T06:51:43.479955+00:00,stable,2.940492,200,True,False
9a2d49d0,2026-09-22T06:51:43.513271+00:00,stable,3.173414,200,True,False
9a2d49d0,2026-09-22T06:51:43.547630+00:00,stable,4.514866,200,True,False
9a2d49d0,2026-09-22T06:51:43.579958+00:00,stable,3.084399,200,True,False
9a2d49d0,2026-09-22T06:51:43.615221+00:00,stable,5.418947,200,True,False
9a2d49d0,2026-09-22T06:51:43.650494+00:00,stable,6.667156,200,True,False
9a2d49d0,2026-09-22T06:51:43.679686+00:00,stable,2.811574,200,True,False
9a2d49d0,2026-09-22T06:51:43.713801+00:00,stable,3.177711,200,True,False
9a2d49d0,2026-09-22T06:51:43.746695+00:00,stable,3.062693,200,True,False
9a2d49d0,2026-09-22T06:51:43.780076+00:00,stable,2.936758,200,True,False
9a2d49d0,2026-09-22T06:51:43.812546+00:00,stable,2.853223,200,True,False
9a2d49d0,2026-09-22T06:51:43.847544+00:00,stable,4.507293,200,True,False
9a2d49d0,2026-09-22T06:51:43.880817+00:00,stable,4.269311,200,True,False
9a2d49d0,2026-09-22T06:51:43.911936+00:00,stable,2.405573,200,True,False
9a2d49d0,2026-09-22T06:51:43.946743+00:00,stable,3.205795,200,True,False
9a2d49d0,2026-09-22T06:51:43.980274+00:00,stable,3.189462,200,True,False
9a2d49d0,2026-09-22T06:51:44.014036+00:00,stable,3.690311,200,True,False
9a2d49d0,2026-09-22T06:51:44.046283+00:00,stable,2.788122,200,True,False
9a2d49d0,2026-09-22T06:51:44.081120+00:00,stable,4.017483,200,True,False
9a2d49d0,2026-09-22T06:51:44.141038+00:00,stable,2.901766,200,True,False
9a2d49d0,2026-09-22T06:51:44.146275+00:00,stable,2.821279,200,True,False
9a2d49d0,2026-09-22T06:51:44.179899+00:00,stable,3.047566,200,True,False
9a2d49d0,2026-09-22T06:51:44.212681+00:00,stable,3.159638,200,True,False
9a2d49d0,2026-09-22T06:51:44.246119+00:00,stable,2.725792,200,True,False
9a2d49d0,2026-09-22T06:51:44.280039+00:00,stable,3.18557,200,True,False
9a2d49d0,2026-09-22T06:51:44.313032+00:00,stable,3.317981,200,True,False
9a2d49d0,2026-09-22T06:51:44.346856+00:00,stable,3.348956,200,True,False
9a2d49d0,2026-09-22T06:51:44.380940+00:00,stable,4.048778,200,True,False
9a2d49d0,2026-09-22T06:51:44.453958+00:00,stable,8.090564,200,True,False
9a2d49d0,2026-09-22T06:51:44.454110+00:00,stable,5.177992,200,True,False
9a2d49d0,2026-09-22T06:51:44.480651+00:00,stable,3.66085,200,True,False
9a2d49d0,2026-09-22T06:51:44.513607+00:00,stable,2.920971,200,True,False
9a2d49d0,2026-09-22T06:51:44.550060+00:00,stable,6.642571,200,True,False
9a2d49d0,2026-09-22T06:51:44.580618+00:00,stable,3.267766,200,True,False
9a2d49d0,2026-09-22T06:51:44.613640+00:00,stable,2.998111,200,True,False
9a2d49d0,2026-09-22T06:51:44.646081+00:00,stable,2.878152,200,True,False
9a2d49d0,2026-09-22T06:51:44.681858+00:00,stable,3.778651,200,True,False
9a2d49d0,2026-09-22T06:51:44.713724+00:00,stable,3.102692,200,True,False
9a2d49d0,2026-09-22T06:51:44.747022+00:00,stable,3.187248,200,True,False
9a2d49d0,2026-09-22T06:51:44.780142+00:00,stable,2.985953,200,True,False
9a2d49d0,2026-09-22T06:51:44.813110+00:00,stable,3.145113,200,True,False
9a2d49d0,2026-09-22T06:51:44.847818+00:00,stable,4.062813,200,True,False
9a2d49d0,2026-09-22T06:51:44.879546+00:00,stable,2.871948,200,True,False
9a2d49d0,2026-09-22T06:51:44.913530+00:00,stable,3.94557,200,True,False
9a2d49d0,2026-09-22T06:51:44.946595+00:00,stable,3.364792,200,True,False
9a2d49d0,2026-09-22T06:51:44.980056+00:00,stable,3.116365,200,True,False
9a2d49d0,2026-09-22T06:51:45.013455+00:00,stable,3.03833,200,True,False
9a2d49d0,2026-09-22T06:51:45.046497+00:00,stable,3.346455,200,True,False
9a2d49d0,2026-09-22T06:51:45.080379+00:00,stable,3.069435,200,True,False
9a2d49d0,2026-09-22T06:51:45.113471+00:00,stable,3.259089,200,True,False
9a2d49d0,2026-09-22T06:51:45.150457+00:00,stable,6.133764,200,True,False
9a2d49d0,2026-09-22T06:51:45.180997+00:00,stable,3.732556,200,True,False
9a2d49d0,2026-09-22T06:51:45.212818+00:00,stable,2.814825,200,True,False
9a2d49d0,2026-09-22T06:51:45.246268+00:00,stable,2.935051,200,True,False
9a2d49d0,2026-09-22T06:51:45.280287+00:00,stable,3.24047,200,True,False
9a2d49d0,2026-09-22T06:51:45.313751+00:00,stable,3.423954,200,True,False
9a2d49d0,2026-09-22T06:51:45.346910+00:00,stable,3.371249,200,True,False
9a2d49d0,2026-09-22T06:51:45.379594+00:00,stable,2.735152,200,True,False
9a2d49d0,2026-09-22T06:51:45.414142+00:00,stable,3.443534,200,True,False
9a2d49d0,2026-09-22T06:51:45.450617+00:00,stable,6.441571,200,True,False
9a2d49d0,2026-09-22T06:51:45.479755+00:00,stable,2.924071,200,True,False
9a2d49d0,2026-09-22T06:51:45.512601+00:00,stable,2.951426,200,True,False
9a2d49d0,2026-09-22T06:51:45.546147+00:00,stable,3.045564,200,True,False
9a2d49d0,2026-09-22T06:51:45.580375+00:00,stable,3.191622,200,True,False
9a2d49d0,2026-09-22T06:51:45.613984+00:00,stable,3.741486,200,True,False
9a2d49d0,2026-09-22T06:51:45.646526+00:00,stable,3.043776,200,True,False
9a2d49d0,2026-09-22T06:51:45.680692+00:00,stable,4.190247,200,True,False
9a2d49d0,2026-09-22T06:51:45.713365+00:00,stable,2.99239,200,True,False
9a2d49d0,2026-09-22T06:51:45.746638+00:00,stable,2.811424,200,True,False
9a2d49d0,2026-09-22T06:51:45.779903+00:00,stable,3.237229,200,True,False
9a2d49d0,2026-09-22T06:51:45.812782+00:00,stable,3.051219,200,True,False
9a2d49d0,2026-09-22T06:51:45.846479+00:00,stable,3.215699,200,True,False
9a2d49d0,2026-09-22T06:51:45.880153+00:00,stable,2.977376,200,True,False
9a2d49d0,2026-09-22T06:51:45.913049+00:00,stable,3.137159,200,True,False
9a2d49d0,2026-09-22T06:51:45.947224+00:00,stable,3.121726,200,True,False
9a2d49d0,2026-09-22T06:51:45.980958+00:00,stable,3.839604,200,True,False
9a2d49d0,2026-09-22T06:51:46.013008+00:00,stable,3.262658,200,True,False
9a2d49d0,2026-09-22T06:51:46.047139+00:00,stable,3.244446,200,True,False
9a2d49d0,2026-09-22T06:51:46.079999+00:00,stable,3.056402,200,True,False
9a2d49d0,2026-09-22T06:51:46.113271+00:00,stable,3.590668,200,True,False
9a2d49d0,2026-09-22T06:51:46.147806+00:00,stable,3.820171,200,True,False
9a2d49d0,2026-09-22T06:51:46.180104+00:00,stable,2.853914,200,True,False
9a2d49d0,2026-09-22T06:51:46.213146+00:00,stable,3.374134,200,True,False
9a2d49d0,2026-09-22T06:51:46.246962+00:00,stable,3.061188,200,True,False
9a2d49d0,2026-09-22T06:51:46.280287+00:00,stable,3.44009,200,True,False
9a2d49d0,2026-09-22T06:51:46.313215+00:00,stable,3.081078,200,True,False
9a2d49d0,2026-09-22T06:51:46.346166+00:00,stable,3.172849,200,True,False
9a2d49d0,2026-09-22T06:51:46.380170+00:00,stable,3.199703,200,True,False
9a2d49d0,2026-09-22T06:51:46.413266+00:00,stable,3.465677,200,True,False
9a2d49d0,2026-09-22T06:51:46.447480+00:00,stable,3.592095,200,True,False
9a2d49d0,2026-09-22T06:51:46.480670+00:00,stable,3.50313,200,True,False
9a2d49d0,2026-09-22T06:51:46.514381+00:00,stable,3.770335,200,True,False
9a2d49d0,2026-09-22T06:51:46.547204+00:00,stable,3.191552,200,True,False
9a2d49d0,2026-09-22T06:51:46.581083+00:00,stable,4.079364,200,True,False
9a2d49d0,2026-09-22T06:51:46.613715+00:00,stable,3.599345,200,True,False
9a2d49d0,2026-09-22T06:51:46.646431+00:00,stable,3.118729,200,True,False
9a2d49d0,2026-09-22T06:51:46.679946+00:00,stable,3.594773,200,True,False
9a2d49d0,2026-09-22T06:51:46.713066+00:00,stable,3.515072,200,True,False
9a2d49d0,2026-09-22T06:51:46.751302+00:00,stable,7.596592,200,True,False
9a2d49d0,2026-09-22T06:51:46.779675+00:00,stable,3.303345,200,True,False
9a2d49d0,2026-09-22T06:51:46.813120+00:00,stable,3.546357,200,True,False
9a2d49d0,2026-09-22T06:51:46.846864+00:00,stable,3.339715,200,True,False
9a2d49d0,2026-09-22T06:51:46.880346+00:00,stable,3.522856,200,True,False
9a2d49d0,2026-09-22T06:51:46.913591+00:00,stable,3.355473,200,True,False
9a2d49d0,2026-09-22T06:51:46.949379+00:00,stable,6.289149,200,True,False
9a2d49d0,2026-09-22T06:51:46.980428+00:00,stable,4.10419,200,True,False
9a2d49d0,2026-09-22T06:51:47.013249+00:00,stable,3.166504,200,True,False
9a2d49d0,2026-09-22T06:51:47.047740+00:00,stable,3.832961,200,True,False
9a2d49d0,2026-09-22T06:51:47.080264+00:00,stable,3.325026,200,True,False
9a2d49d0,2026-09-22T06:51:47.114037+00:00,stable,3.332699,200,True,False
9a2d49d0,2026-09-22T06:51:47.146700+00:00,stable,3.694757,200,True,False
9a2d49d0,2026-09-22T06:51:47.180111+00:00,stable,3.295556,200,True,False
9a2d49d0,2026-09-22T06:51:47.213693+00:00,stable,3.858185,200,True,False
9a2d49d0,2026-09-22T06:51:47.249834+00:00,stable,6.439844,200,True,False
9a2d49d0,2026-09-22T06:51:47.280391+00:00,stable,3.182099,200,True,False
9a2d49d0,2026-09-22T06:51:47.313168+00:00,stable,2.925153,200,True,False
9a2d49d0,2026-09-22T06:51:47.347172+00:00,stable,3.129629,200,True,False
9a2d49d0,2026-09-22T06:51:47.380163+00:00,stable,3.091284,200,True,False
9a2d49d0,2026-09-22T06:51:47.413160+00:00,stable,3.04922,200,True,False
9a2d49d0,2026-09-22T06:51:47.446553+00:00,stable,3.046045,200,True,False
9a2d49d0,2026-09-22T06:51:47.479673+00:00,stable,3.361483,200,True,False
9a2d49d0,2026-09-22T06:51:47.513892+00:00,stable,3.549842,200,True,False
9a2d49d0,2026-09-22T06:51:47.548954+00:00,stable,3.778665,200,True,False
9a2d49d0,2026-09-22T06:51:47.580417+00:00,stable,3.282882,200,True,False
9a2d49d0,2026-09-22T06:51:47.613516+00:00,stable,3.285991,200,True,False
9a2d49d0,2026-09-22T06:51:47.647246+00:00,stable,4.236592,200,True,False
9a2d49d0,2026-09-22T06:51:47.680583+00:00,stable,3.524902,200,True,False
9a2d49d0,2026-09-22T06:51:47.713143+00:00,stable,3.454424,200,True,False
9a2d49d0,2026-09-22T06:51:47.747041+00:00,stable,3.395307,200,True,False
9a2d49d0,2026-09-22T06:51:47.780462+00:00,stable,4.078061,200,True,False
9a2d49d0,2026-09-22T06:51:47.814281+00:00,stable,3.983073,200,True,False
9a2d49d0,2026-09-22T06:51:47.847587+00:00,stable,3.794902,200,True,False
9a2d49d0,2026-09-22T06:51:47.880344+00:00,stable,4.026057,200,True,False
9a2d49d0,2026-09-22T06:51:47.919241+00:00,stable,8.091657,200,True,False
9a2d49d0,2026-09-22T06:51:47.947698+00:00,stable,3.904476,200,True,False
9a2d49d0,2026-09-22T06:51:47.980293+00:00,stable,3.914155,200,True,False
9a2d49d0,2026-09-22T06:51:48.014291+00:00,stable,3.760046,200,True,False
9a2d49d0,2026-09-22T06:51:48.048048+00:00,stable,3.982618,200,True,False
9a2d49d0,2026-09-22T06:51:48.080715+00:00,stable,3.896751,200,True,False
9a2d49d0,2026-09-22T06:51:48.113434+00:00,stable,3.719529,200,True,False
9a2d49d0,2026-09-22T06:51:48.147364+00:00,stable,4.284077,200,True,False
9a2d49d0,2026-09-22T06:51:48.180847+00:00,stable,3.595622,200,True,False
9a2d49d0,2026-09-22T06:51:48.214481+00:00,stable,4.373594,200,True,False
9a2d49d0,2026-09-22T06:51:48.247908+00:00,stable,4.858275,200,True,False
9a2d49d0,2026-09-22T06:51:48.280081+00:00,stable,3.271037,200,True,False
9a2d49d0,2026-09-22T06:51:48.313539+00:00,stable,3.458822,200,True,False
9a2d49d0,2026-09-22T06:51:48.346806+00:00,stable,3.679063,200,True,False
9a2d49d0,2026-09-22T06:51:48.380647+00:00,stable,3.747824,200,True,False
9a2d49d0,2026-09-22T06:51:48.413810+00:00,stable,3.397705,200,True,False
9a2d49d0,2026-09-22T06:51:48.448781+00:00,stable,5.254346,200,True,False
9a2d49d0,2026-09-22T06:51:48.480280+00:00,stable,3.60892,200,True,False
9a2d49d0,2026-09-22T06:51:48.513586+00:00,stable,3.624068,200,True,False
9a2d49d0,2026-09-22T06:51:48.546820+00:00,stable,3.384134,200,True,False
9a2d49d0,2026-09-22T06:51:48.580576+00:00,stable,3.354769,200,True,False
9a2d49d0,2026-09-22T06:51:48.613409+00:00,stable,3.153602,200,True,False
9a2d49d0,2026-09-22T06:51:48.647380+00:00,stable,3.446368,200,True,False
9a2d49d0,2026-09-22T06:51:48.681294+00:00,stable,4.881616,200,True,False
9a2d49d0,2026-09-22T06:51:48.713828+00:00,stable,3.9646,200,True,False
9a2d49d0,2026-09-22T06:51:48.747023+00:00,stable,3.714488,200,True,False
9a2d49d0,2026-09-22T06:51:48.780743+00:00,stable,3.552411,200,True,False
9a2d49d0,2026-09-22T06:51:48.813240+00:00,stable,3.439404,200,True,False
9a2d49d0,2026-09-22T06:51:48.846481+00:00,stable,3.42427,200,True,False
9a2d49d0,2026-09-22T06:51:48.880743+00:00,stable,3.483814,200,True,False
9a2d49d0,2026-09-22T06:51:48.914047+00:00,stable,3.595663,200,True,False
9a2d49d0,2026-09-22T06:51:48.947514+00:00,stable,3.762792,200,True,False
9a2d49d0,2026-09-22T06:51:48.981245+00:00,stable,3.470635,200,True,False
9a2d49d0,2026-09-22T06:51:49.013925+00:00,stable,3.978945,200,True,False
9a2d49d0,2026-09-22T06:51:49.046955+00:00,stable,3.487854,200,True,False
9a2d49d0,2026-09-22T06:51:49.080370+00:00,stable,3.569717,200,True,False
9a2d49d0,2026-09-22T06:51:49.113911+00:00,stable,3.472496,200,True,False
9a2d49d0,2026-09-22T06:51:49.146897+00:00,stable,3.42104,200,True,False
9a2d49d0,2026-09-22T06:51:49.180358+00:00,stable,3.583441,200,True,False
9a2d49d0,2026-09-22T06:51:49.213653+00:00,stable,3.327999,200,True,False
9a2d49d0,2026-09-22T06:51:49.247758+00:00,stable,4.747059,200,True,False
9a2d49d0,2026-09-22T06:51:49.280572+00:00,stable,3.741651,200,True,False
9a2d49d0,2026-09-22T06:51:49.313735+00:00,stable,3.124369,200,True,False
9a2d49d0,2026-09-22T06:51:49.347274+00:00,stable,3.830042,200,True,False
9a2d49d0,2026-09-22T06:51:49.380290+00:00,stable,3.330089,200,True,False
9a2d49d0,2026-09-22T06:51:49.413528+00:00,stable,3.291254,200,True,False
9a2d49d0,2026-09-22T06:51:49.448077+00:00,stable,5.048243,200,True,False
9a2d49d0,2026-09-22T06:51:49.480234+00:00,stable,3.077513,200,True,False
9a2d49d0,2026-09-22T06:51:49.513406+00:00,stable,3.05495,200,True,False
9a2d49d0,2026-09-22T06:51:49.547546+00:00,stable,4.529192,200,True,False
9a2d49d0,2026-09-22T06:51:49.579395+00:00,stable,2.928376,200,True,False
9a2d49d0,2026-09-22T06:51:49.613324+00:00,stable,2.97468,200,True,False
9a2d49d0,2026-09-22T06:51:49.646327+00:00,stable,3.310195,200,True,False
9a2d49d0,2026-09-22T06:51:49.680110+00:00,stable,3.120414,200,True,False
9a2d49d0,2026-09-22T06:51:49.712684+00:00,stable,2.904451,200,True,False
9a2d49d0,2026-09-22T06:51:49.747038+00:00,stable,3.696775,200,True,False
9a2d49d0,2026-09-22T06:51:49.779801+00:00,stable,3.034555,200,True,False
9a2d49d0,2026-09-22T06:51:49.812491+00:00,stable,2.898528,200,True,False
9a2d49d0,2026-09-22T06:51:49.847574+00:00,stable,4.452213,200,True,False
9a2d49d0,2026-09-22T06:51:49.879577+00:00,stable,3.10338,200,True,False
9a2d49d0,2026-09-22T06:51:49.913638+00:00,stable,3.24072,200,True,False
9a2d49d0,2026-09-22T06:51:49.946352+00:00,stable,2.92801,200,True,False
9a2d49d0,2026-09-22T06:51:49.981234+00:00,stable,4.486059,200,True,False
9a2d49d0,2026-09-22T06:51:50.013747+00:00,stable,3.553399,200,True,False
9a2d49d0,2026-09-22T06:51:50.046398+00:00,stable,3.297094,200,True,False
9a2d49d0,2026-09-22T06:51:50.080711+00:00,stable,3.554426,200,True,False
9a2d49d0,2026-09-22T06:51:50.114554+00:00,stable,4.049493,200,True,False
9a2d49d0,2026-09-22T06:51:50.146192+00:00,stable,3.250779,200,True,False
9a2d49d0,2026-09-22T06:51:50.180473+00:00,stable,3.545461,200,True,False
9a2d49d0,2026-09-22T06:51:50.212985+00:00,stable,3.386854,200,True,False
9a2d49d0,2026-09-22T06:51:50.248324+00:00,stable,4.852646,200,True,False
9a2d49d0,2026-09-22T06:51:50.279691+00:00,stable,3.236513,200,True,False
9a2d49d0,2026-09-22T06:51:50.312915+00:00,stable,3.255379,200,True,False
9a2d49d0,2026-09-22T06:51:50.347796+00:00,stable,4.158663,200,True,False
9a2d49d0,2026-09-22T06:51:50.380169+00:00,stable,3.114061,200,True,False
9a2d49d0,2026-09-22T06:51:50.413042+00:00,stable,3.16782,200,True,False
9a2d49d0,2026-09-22T06:51:50.446779+00:00,stable,3.27735,200,True,False
9a2d49d0,2026-09-22T06:51:50.480339+00:00,stable,3.26554,200,True,False
9a2d49d0,2026-09-22T06:51:50.514363+00:00,stable,3.844335,200,True,False
9a2d49d0,2026-09-22T06:51:50.548920+00:00,stable,5.703977,200,True,False
9a2d49d0,2026-09-22T06:51:50.580106+00:00,stable,3.000925,200,True,False
9a2d49d0,2026-09-22T06:51:50.613401+00:00,stable,3.376015,200,True,False
9a2d49d0,2026-09-22T06:51:50.647173+00:00,stable,3.181116,200,True,False
9a2d49d0,2026-09-22T06:51:50.680493+00:00,stable,3.391436,200,True,False
9a2d49d0,2026-09-22T06:51:50.713455+00:00,stable,2.94782,200,True,False
9a2d49d0,2026-09-22T06:51:50.746894+00:00,stable,3.936915,200,True,False
9a2d49d0,2026-09-22T06:51:50.780007+00:00,stable,3.346462,200,True,False
9a2d49d0,2026-09-22T06:51:50.813445+00:00,stable,3.493401,200,True,False
9a2d49d0,2026-09-22T06:51:50.852282+00:00,stable,8.252188,200,True,False
9a2d49d0,2026-09-22T06:51:50.880349+00:00,stable,3.236433,200,True,False
9a2d49d0,2026-09-22T06:51:50.915520+00:00,stable,4.550944,200,True,False
9a2d49d0,2026-09-22T06:51:50.947600+00:00,stable,4.618853,200,True,False
9a2d49d0,2026-09-22T06:51:50.979704+00:00,stable,3.360896,200,True,False
9a2d49d0,2026-09-22T06:51:51.013921+00:00,stable,3.376005,200,True,False
9a2d49d0,2026-09-22T06:51:51.047792+00:00,stable,4.163542,200,True,False
9a2d49d0,2026-09-22T06:51:51.080619+00:00,stable,3.67891,200,True,False
9a2d49d0,2026-09-22T06:51:51.113542+00:00,stable,3.726191,200,True,False
9a2d49d0,2026-09-22T06:51:51.146950+00:00,stable,4.071103,200,True,False
9a2d49d0,2026-09-22T06:51:51.180793+00:00,stable,3.820045,200,True,False
9a2d49d0,2026-09-22T06:51:51.214698+00:00,stable,4.136889,200,True,False
9a2d49d0,2026-09-22T06:51:51.247006+00:00,stable,3.815279,200,True,False
9a2d49d0,2026-09-22T06:51:51.281360+00:00,stable,4.306874,200,True,False
9a2d49d0,2026-09-22T06:51:51.314964+00:00,stable,4.67078,200,True,False
9a2d49d0,2026-09-22T06:51:51.348802+00:00,stable,5.302451,200,True,False
9a2d49d0,2026-09-22T06:51:51.381118+00:00,stable,4.447223,200,True,False
9a2d49d0,2026-09-22T06:51:51.414377+00:00,stable,4.270336,200,True,False
9a2d49d0,2026-09-22T06:51:51.449268+00:00,stable,3.974193,200,True,False
9a2d49d0,2026-09-22T06:51:51.481170+00:00,stable,4.06529,200,True,False
9a2d49d0,2026-09-22T06:51:51.515150+00:00,stable,5.074056,200,True,False
9a2d49d0,2026-09-22T06:51:51.547844+00:00,stable,4.182136,200,True,False
9a2d49d0,2026-09-22T06:51:51.581601+00:00,stable,4.522492,200,True,False
9a2d49d0,2026-09-22T06:51:51.614710+00:00,stable,4.163379,200,True,False
9a2d49d0,2026-09-22T06:51:51.647354+00:00,stable,4.079286,200,True,False
9a2d49d0,2026-09-22T06:51:51.680997+00:00,stable,4.052353,200,True,False
9a2d49d0,2026-09-22T06:51:51.714016+00:00,stable,4.154286,200,True,False
9a2d49d0,2026-09-22T06:51:51.747545+00:00,stable,3.844845,200,True,False
9a2d49d0,2026-09-22T06:51:51.780978+00:00,stable,3.91489,200,True,False
9a2d49d0,2026-09-22T06:51:51.813790+00:00,stable,3.761735,200,True,False
9a2d49d0,2026-09-22T06:51:51.847081+00:00,stable,3.804703,200,True,False
9a2d49d0,2026-09-22T06:51:51.881289+00:00,stable,4.204197,200,True,False
9a2d49d0,2026-09-22T06:51:51.913734+00:00,stable,3.415088,200,True,False
9a2d49d0,2026-09-22T06:51:51.947096+00:00,stable,3.727758,200,True,False
9a2d49d0,2026-09-22T06:51:51.980859+00:00,stable,3.797979,200,True,False
9a2d49d0,2026-09-22T06:51:52.014309+00:00,stable,4.36184,200,True,False
9a2d49d0,2026-09-22T06:51:52.050657+00:00,stable,6.27261,200,True,False
9a2d49d0,2026-09-22T06:51:52.080899+00:00,stable,4.005314,200,True,False
9a2d49d0,2026-09-22T06:51:52.113991+00:00,stable,3.301925,200,True,False
9a2d49d0,2026-09-22T06:51:52.147113+00:00,stable,3.406269,200,True,False
9a2d49d0,2026-09-22T06:51:52.181100+00:00,stable,3.511651,200,True,False
9a2d49d0,2026-09-22T06:51:52.213184+00:00,stable,3.445427,200,True,False
9a2d49d0,2026-09-22T06:51:52.247557+00:00,stable,3.261976,200,True,False
9a2d49d0,2026-09-22T06:51:52.280519+00:00,stable,3.635774,200,True,False
9a2d49d0,2026-09-22T06:51:52.313411+00:00,stable,3.692588,200,True,False
9a2d49d0,2026-09-22T06:51:52.347659+00:00,stable,3.642854,200,True,False
9a2d49d0,2026-09-22T06:51:52.380310+00:00,stable,3.837286,200,True,False
9a2d49d0,2026-09-22T06:51:52.413889+00:00,stable,3.577508,200,True,False
9a2d49d0,2026-09-22T06:51:52.448117+00:00,stable,4.392055,200,True,False
9a2d49d0,2026-09-22T06:51:52.480853+00:00,stable,3.792608,200,True,False
9a2d49d0,2026-09-22T06:51:52.514225+00:00,stable,3.740076,200,True,False
9a2d49d0,2026-09-22T06:51:52.547847+00:00,stable,4.768752,200,True,False
9a2d49d0,2026-09-22T06:51:52.580150+00:00,stable,3.757954,200,True,False
9a2d49d0,2026-09-22T06:51:52.614996+00:00,stable,4.592449,200,True,False
9a2d49d0,2026-09-22T06:51:52.644858+00:00,stable,3.784738,200,True,False
9a2d49d0,2026-09-22T06:51:52.677868+00:00,stable,4.036424,200,True,False
9a2d49d0,2026-09-22T06:51:52.712584+00:00,stable,4.340125,200,True,False
9a2d49d0,2026-09-22T06:51:52.744690+00:00,stable,3.741927,200,True,False
9a2d49d0,2026-09-22T06:51:52.777275+00:00,stable,3.550629,200,True,False
9a2d49d0,2026-09-22T06:51:52.811536+00:00,stable,4.09409,200,True,False
9a2d49d0,2026-09-22T06:51:52.845204+00:00,stable,3.576247,200,True,False
9a2d49d0,2026-09-22T06:51:52.878268+00:00,stable,4.11973,200,True,False
9a2d49d0,2026-09-22T06:51:52.911007+00:00,stable,3.793365,200,True,False
9a2d49d0,2026-09-22T06:51:52.945487+00:00,stable,4.367094,200,True,False
9a2d49d0,2026-09-22T06:51:52.979355+00:00,stable,4.697605,200,True,False
9a2d49d0,2026-09-22T06:51:53.011520+00:00,stable,4.174836,200,True,False
9a2d49d0,2026-09-22T06:51:53.045234+00:00,stable,4.154733,200,True,False
9a2d49d0,2026-09-22T06:51:53.079305+00:00,stable,4.699454,200,True,False
9a2d49d0,2026-09-22T06:51:53.111801+00:00,stable,4.45558,200,True,False
9a2d49d0,2026-09-22T06:51:53.145752+00:00,stable,4.245053,200,True,False
9a2d49d0,2026-09-22T06:51:53.178730+00:00,stable,4.727557,200,True,False
9a2d49d0,2026-09-22T06:51:53.215006+00:00,stable,5.272148,200,True,False
9a2d49d0,2026-09-22T06:51:53.244867+00:00,stable,3.974142,200,True,False
9a2d49d0,2026-09-22T06:51:53.285875+00:00,stable,7.382937,200,True,False
9a2d49d0,2026-09-22T06:51:53.312713+00:00,stable,4.710778,200,True,False
9a2d49d0,2026-09-22T06:51:53.346108+00:00,stable,4.772754,200,True,False
9a2d49d0,2026-09-22T06:51:53.378860+00:00,stable,4.69326,200,True,False
9a2d49d0,2026-09-22T06:51:53.413367+00:00,stable,5.406894,200,True,False
9a2d49d0,2026-09-22T06:51:53.444905+00:00,stable,4.094611,200,True,False
9a2d49d0,2026-09-22T06:51:53.479394+00:00,stable,4.620849,200,True,False
9a2d49d0,2026-09-22T06:51:53.510900+00:00,stable,3.796926,200,True,False
9a2d49d0,2026-09-22T06:51:53.546397+00:00,stable,6.008089,200,True,False
9a2d49d0,2026-09-22T06:51:53.578004+00:00,stable,4.00011,200,True,False
9a2d49d0,2026-09-22T06:51:53.612079+00:00,stable,4.07974,200,True,False
9a2d49d0,2026-09-22T06:51:53.644474+00:00,stable,3.970122,200,True,False
9a2d49d0,2026-09-22T06:51:53.678687+00:00,stable,4.110493,200,True,False
9a2d49d0,2026-09-22T06:51:53.711291+00:00,stable,3.742814,200,True,False
9a2d49d0,2026-09-22T06:51:53.744898+00:00,stable,4.13509,200,True,False
9a2d49d0,2026-09-22T06:51:53.777930+00:00,stable,3.848778,200,True,False
9a2d49d0,2026-09-22T06:51:53.811282+00:00,stable,3.598577,200,True,False
9a2d49d0,2026-09-22T06:51:53.844920+00:00,stable,4.184126,200,True,False
9a2d49d0,2026-09-22T06:51:53.878424+00:00,stable,3.70663,200,True,False
9a2d49d0,2026-09-22T06:51:53.910761+00:00,stable,3.63815,200,True,False
9a2d49d0,2026-09-22T06:51:53.944772+00:00,stable,3.525729,200,True,False
9a2d49d0,2026-09-22T06:51:53.979209+00:00,stable,4.557704,200,True,False
9a2d49d0,2026-09-22T06:51:54.011279+00:00,stable,3.981193,200,True,False
9a2d49d0,2026-09-22T06:51:54.044804+00:00,stable,3.919137,200,True,False
9a2d49d0,2026-09-22T06:51:54.077892+00:00,stable,4.11315,200,True,False
9a2d49d0,2026-09-22T06:51:54.111751+00:00,stable,3.977248,200,True,False
9a2d49d0,2026-09-22T06:51:54.144924+00:00,stable,3.512304,200,True,False
9a2d49d0,2026-09-22T06:51:54.178370+00:00,stable,3.622643,200,True,False
9a2d49d0,2026-09-22T06:51:54.210340+00:00,stable,3.321121,200,True,False
9a2d49d0,2026-09-22T06:51:54.244321+00:00,stable,3.368895,200,True,False
9a2d49d0,2026-09-22T06:51:54.279331+00:00,stable,5.000982,200,True,False
9a2d49d0,2026-09-22T06:51:54.311549+00:00,stable,4.242163,200,True,False
9a2d49d0,2026-09-22T06:51:54.343993+00:00,stable,3.666568,200,True,False
9a2d49d0,2026-09-22T06:51:54.377676+00:00,stable,3.496511,200,True,False
9a2d49d0,2026-09-22T06:51:54.411314+00:00,stable,3.518774,200,True,False
9a2d49d0,2026-09-22T06:51:54.446656+00:00,stable,5.363051,200,True,False
9a2d49d0,2026-09-22T06:51:54.478229+00:00,stable,3.757846,200,True,False
9a2d49d0,2026-09-22T06:51:54.512955+00:00,stable,4.660373,200,True,False
9a2d49d0,2026-09-22T06:51:54.546525+00:00,stable,3.814588,200,True,False
9a2d49d0,2026-09-22T06:51:54.577536+00:00,stable,3.598924,200,True,False
9a2d49d0,2026-09-22T06:51:54.611161+00:00,stable,3.521209,200,True,False
9a2d49d0,2026-09-22T06:51:54.644563+00:00,stable,3.807067,200,True,False
9a2d49d0,2026-09-22T06:51:54.679021+00:00,stable,4.510614,200,True,False
9a2d49d0,2026-09-22T06:51:54.712600+00:00,stable,4.532427,200,True,False
9a2d49d0,2026-09-22T06:51:54.744725+00:00,stable,3.685098,200,True,False
9a2d49d0,2026-09-22T06:51:54.778153+00:00,stable,3.590241,200,True,False
9a2d49d0,2026-09-22T06:51:54.811706+00:00,stable,3.800499,200,True,False
9a2d49d0,2026-09-22T06:51:54.844211+00:00,stable,3.863169,200,True,False
9a2d49d0,2026-09-22T06:51:54.877667+00:00,stable,3.595204,200,True,False
9a2d49d0,2026-09-22T06:51:54.910620+00:00,stable,3.523846,200,True,False
9a2d49d0,2026-09-22T06:51:54.944970+00:00,stable,3.745567,200,True,False
9a2d49d0,2026-09-22T06:51:54.979364+00:00,stable,3.603238,200,True,False
9a2d49d0,2026-09-22T06:51:55.011276+00:00,stable,3.608794,200,True,False
9a2d49d0,2026-09-22T06:51:55.044500+00:00,stable,3.344624,200,True,False
9a2d49d0,2026-09-22T06:51:55.077652+00:00,stable,3.395866,200,True,False
9a2d49d0,2026-09-22T06:51:55.111084+00:00,stable,3.512395,200,True,False
9a2d49d0,2026-09-22T06:51:55.145021+00:00,stable,4.143209,200,True,False
9a2d49d0,2026-09-22T06:51:55.176927+00:00,stable,2.973121,200,True,False
9a2d49d0,2026-09-22T06:51:55.211318+00:00,stable,3.554304,200,True,False
9a2d49d0,2026-09-22T06:51:55.243893+00:00,stable,3.181749,200,True,False
9a2d49d0,2026-09-22T06:51:55.278564+00:00,stable,3.170645,200,True,False
9a2d49d0,2026-09-22T06:51:55.311273+00:00,stable,3.745681,200,True,False
9a2d49d0,2026-09-22T06:51:55.343597+00:00,stable,2.790826,200,True,False
9a2d49d0,2026-09-22T06:51:55.377228+00:00,stable,3.005647,200,True,False
9a2d49d0,2026-09-22T06:51:55.410967+00:00,stable,3.104223,200,True,False
9a2d49d0,2026-09-22T06:51:55.444863+00:00,stable,3.649879,200,True,False
9a2d49d0,2026-09-22T06:51:55.477691+00:00,stable,3.101818,200,True,False
9a2d49d0,2026-09-22T06:51:55.512242+00:00,stable,4.496665,200,True,False
9a2d49d0,2026-09-22T06:51:55.545321+00:00,stable,4.517851,200,True,False
9a2d49d0,2026-09-22T06:51:55.577612+00:00,stable,3.173631,200,True,False
9a2d49d0,2026-09-22T06:51:55.611122+00:00,stable,3.553642,200,True,False
9a2d49d0,2026-09-22T06:51:55.643736+00:00,stable,3.096316,200,True,False
9a2d49d0,2026-09-22T06:51:55.677418+00:00,stable,2.920416,200,True,False
9a2d49d0,2026-09-22T06:51:55.710112+00:00,stable,2.760381,200,True,False
9a2d49d0,2026-09-22T06:51:55.743335+00:00,stable,2.817799,200,True,False
9a2d49d0,2026-09-22T06:51:55.777238+00:00,stable,3.16026,200,True,False
9a2d49d0,2026-09-22T06:51:55.811036+00:00,stable,3.503308,200,True,False
9a2d49d0,2026-09-22T06:51:55.846035+00:00,stable,3.347975,200,True,False
9a2d49d0,2026-09-22T06:51:55.877295+00:00,stable,3.294796,200,True,False
9a2d49d0,2026-09-22T06:51:55.910027+00:00,stable,2.989431,200,True,False
9a2d49d0,2026-09-22T06:51:55.944008+00:00,stable,3.198856,200,True,False
9a2d49d0,2026-09-22T06:51:55.977542+00:00,stable,3.522992,200,True,False
9a2d49d0,2026-09-22T06:51:56.010226+00:00,stable,3.049577,200,True,False
9a2d49d0,2026-09-22T06:51:56.043913+00:00,stable,2.974218,200,True,False
9a2d49d0,2026-09-22T06:51:56.076556+00:00,stable,2.895796,200,True,False
9a2d49d0,2026-09-22T06:51:56.110637+00:00,stable,3.061508,200,True,False
9a2d49d0,2026-09-22T06:51:56.144296+00:00,stable,3.021507,200,True,False
9a2d49d0,2026-09-22T06:51:56.177364+00:00,stable,3.254228,200,True,False
9a2d49d0,2026-09-22T06:51:56.210092+00:00,stable,3.104797,200,True,False
9a2d49d0,2026-09-22T06:51:56.243913+00:00,stable,3.074497,200,True,False
9a2d49d0,2026-09-22T06:51:56.277756+00:00,stable,3.583751,200,True,False
9a2d49d0,2026-09-22T06:51:56.311210+00:00,stable,3.636027,200,True,False
9a2d49d0,2026-09-22T06:51:56.345726+00:00,stable,4.905814,200,True,False
9a2d49d0,2026-09-22T06:51:56.378211+00:00,stable,3.640396,200,True,False
9a2d49d0,2026-09-22T06:51:56.411022+00:00,stable,3.948019,200,True,False
9a2d49d0,2026-09-22T06:51:56.445856+00:00,stable,5.222593,200,True,False
9a2d49d0,2026-09-22T06:51:56.477053+00:00,stable,3.101657,200,True,False
9a2d49d0,2026-09-22T06:51:56.513441+00:00,stable,5.552126,200,True,False
9a2d49d0,2026-09-22T06:51:56.546233+00:00,stable,4.876015,200,True,False
9a2d49d0,2026-09-22T06:51:56.577038+00:00,stable,3.065503,200,True,False
9a2d49d0,2026-09-22T06:51:56.610911+00:00,stable,3.795872,200,True,False
9a2d49d0,2026-09-22T06:51:56.646440+00:00,stable,6.01138,200,True,False
9a2d49d0,2026-09-22T06:51:56.677320+00:00,stable,3.241583,200,True,False
9a2d49d0,2026-09-22T06:51:56.745143+00:00,stable,37.480265,200,True,False
9a2d49d0,2026-09-22T06:51:56.747091+00:00,stable,4.482675,200,True,False
9a2d49d0,2026-09-22T06:51:56.845711+00:00,stable,3.282165,200,True,False
9a2d49d0,2026-09-22T06:51:56.845660+00:00,stable,71.454699,200,True,False
9a2d49d0,2026-09-22T06:51:56.846415+00:00,stable,3.986649,200,True,False
9a2d49d0,2026-09-22T06:51:56.876740+00:00,stable,3.122759,200,True,False
9a2d49d0,2026-09-22T06:51:56.910401+00:00,stable,3.056762,200,True,False
9a2d49d0,2026-09-22T06:51:56.944894+00:00,stable,3.96676,200,True,False
9a2d49d0,2026-09-22T06:51:56.977920+00:00,stable,3.235415,200,True,False
9a2d49d0,2026-09-22T06:51:57.011167+00:00,stable,3.272114,200,True,False
9a2d49d0,2026-09-22T06:51:57.044145+00:00,stable,3.614362,200,True,False
9a2d49d0,2026-09-22T06:51:57.077143+00:00,stable,3.056206,200,True,False
9a2d49d0,2026-09-22T06:51:57.111040+00:00,stable,3.247402,200,True,False
9a2d49d0,2026-09-22T06:51:57.147636+00:00,stable,6.946936,200,True,False
9a2d49d0,2026-09-22T06:51:57.177631+00:00,stable,3.008483,200,True,False
9a2d49d0,2026-09-22T06:51:57.210232+00:00,stable,3.083045,200,True,False
9a2d49d0,2026-09-22T06:51:57.247865+00:00,stable,6.757946,200,True,False
9a2d49d0,2026-09-22T06:51:57.276740+00:00,stable,2.92686,200,True,False
9a2d49d0,2026-09-22T06:51:57.310099+00:00,stable,2.597867,200,True,False
9a2d49d0,2026-09-22T06:51:57.345649+00:00,stable,4.855406,200,True,False
9a2d49d0,2026-09-22T06:51:57.376888+00:00,stable,2.738635,200,True,False
9a2d49d0,2026-09-22T06:51:57.410577+00:00,stable,2.904719,200,True,False
9a2d49d0,2026-09-22T06:51:57.443741+00:00,stable,2.718191,200,True,False
9a2d49d0,2026-09-22T06:51:57.477721+00:00,stable,3.104123,200,True,False
9a2d49d0,2026-09-22T06:51:57.509999+00:00,stable,3.095105,200,True,False
9a2d49d0,2026-09-22T06:51:57.543497+00:00,stable,2.933801,200,True,False
9a2d49d0,2026-09-22T06:51:57.577478+00:00,stable,3.038633,200,True,False
9a2d49d0,2026-09-22T06:51:57.609904+00:00,stable,2.905829,200,True,False
9a2d49d0,2026-09-22T06:51:57.643637+00:00,stable,3.344615,200,True,False
9a2d49d0,2026-09-22T06:51:57.678349+00:00,stable,3.703507,200,True,False
9a2d49d0,2026-09-22T06:51:57.710750+00:00,stable,3.39121,200,True,False
9a2d49d0,2026-09-22T06:51:57.744125+00:00,stable,3.686414,200,True,False
9a2d49d0,2026-09-22T06:51:57.778996+00:00,stable,4.818331,200,True,False
9a2d49d0,2026-09-22T06:51:57.812589+00:00,stable,4.814249,200,True,False
9a2d49d0,2026-09-22T06:51:57.846261+00:00,stable,5.069681,200,True,False
9a2d49d0,2026-09-22T06:51:57.879380+00:00,stable,4.897609,200,True,False
9a2d49d0,2026-09-22T06:51:57.911856+00:00,stable,4.680505,200,True,False
9a2d49d0,2026-09-22T06:51:57.945266+00:00,stable,4.456514,200,True,False
9a2d49d0,2026-09-22T06:51:57.980200+00:00,stable,5.770367,200,True,False
9a2d49d0,2026-09-22T06:51:58.013396+00:00,stable,5.486135,200,True,False
9a2d49d0,2026-09-22T06:51:58.045430+00:00,stable,4.464251,200,True,False
9a2d49d0,2026-09-22T06:51:58.080924+00:00,stable,6.119316,200,True,False
9a2d49d0,2026-09-22T06:51:58.111722+00:00,stable,3.936909,200,True,False
9a2d49d0,2026-09-22T06:51:58.147773+00:00,stable,7.354505,200,True,False
9a2d49d0,2026-09-22T06:51:58.177777+00:00,stable,3.940853,200,True,False
9a2d49d0,2026-09-22T06:51:58.211303+00:00,stable,3.657952,200,True,False
9a2d49d0,2026-09-22T06:51:58.247928+00:00,stable,6.938445,200,True,False
9a2d49d0,2026-09-22T06:51:58.279394+00:00,stable,4.907485,200,True,False
9a2d49d0,2026-09-22T06:51:58.310464+00:00,stable,3.455728,200,True,False
9a2d49d0,2026-09-22T06:51:58.344682+00:00,stable,3.573019,200,True,False
9a2d49d0,2026-09-22T06:51:58.377648+00:00,stable,3.639763,200,True,False
9a2d49d0,2026-09-22T06:51:58.411034+00:00,stable,3.702854,200,True,False
9a2d49d0,2026-09-22T06:51:58.443968+00:00,stable,3.578593,200,True,False
9a2d49d0,2026-09-22T06:51:58.478385+00:00,stable,4.299022,200,True,False
9a2d49d0,2026-09-22T06:51:58.510470+00:00,stable,3.438429,200,True,False
9a2d49d0,2026-09-22T06:51:58.548202+00:00,stable,6.77346,200,True,False
9a2d49d0,2026-09-22T06:51:58.577396+00:00,stable,3.146629,200,True,False
9a2d49d0,2026-09-22T06:51:58.610201+00:00,stable,3.114672,200,True,False
9a2d49d0,2026-09-22T06:51:58.643997+00:00,stable,3.299279,200,True,False
9a2d49d0,2026-09-22T06:51:58.677546+00:00,stable,3.167213,200,True,False
9a2d49d0,2026-09-22T06:51:58.710234+00:00,stable,3.112928,200,True,False
9a2d49d0,2026-09-22T06:51:58.745365+00:00,stable,4.518178,200,True,False
9a2d49d0,2026-09-22T06:51:58.777086+00:00,stable,2.967055,200,True,False
9a2d49d0,2026-09-22T06:51:58.810889+00:00,stable,3.471895,200,True,False
9a2d49d0,2026-09-22T06:51:58.845259+00:00,stable,3.930754,200,True,False
9a2d49d0,2026-09-22T06:51:58.877491+00:00,stable,3.41404,200,True,False
9a2d49d0,2026-09-22T06:51:58.911133+00:00,stable,3.401573,200,True,False
9a2d49d0,2026-09-22T06:51:58.944625+00:00,stable,3.535621,200,True,False
9a2d49d0,2026-09-22T06:51:58.978094+00:00,stable,3.422025,200,True,False
9a2d49d0,2026-09-22T06:51:59.011640+00:00,stable,3.71546,200,True,False
9a2d49d0,2026-09-22T06:51:59.045531+00:00,stable,3.876641,200,True,False
9a2d49d0,2026-09-22T06:51:59.077917+00:00,stable,3.710654,200,True,False
9a2d49d0,2026-09-22T06:51:59.112437+00:00,stable,4.50274,200,True,False
9a2d49d0,2026-09-22T06:51:59.146890+00:00,stable,6.159786,200,True,False
9a2d49d0,2026-09-22T06:51:59.178214+00:00,stable,4.364815,200,True,False
9a2d49d0,2026-09-22T06:51:59.211481+00:00,stable,4.203936,200,True,False
9a2d49d0,2026-09-22T06:51:59.244590+00:00,stable,3.727248,200,True,False
9a2d49d0,2026-09-22T06:51:59.277827+00:00,stable,4.075346,200,True,False
9a2d49d0,2026-09-22T06:51:59.311932+00:00,stable,3.971005,200,True,False
9a2d49d0,2026-09-22T06:51:59.344804+00:00,stable,4.02621,200,True,False
9a2d49d0,2026-09-22T06:51:59.378610+00:00,stable,4.058736,200,True,False
9a2d49d0,2026-09-22T06:51:59.410887+00:00,stable,3.611471,200,True,False
9a2d49d0,2026-09-22T06:51:59.444191+00:00,stable,3.794137,200,True,False
9a2d49d0,2026-09-22T06:51:59.478768+00:00,stable,4.365088,200,True,False
9a2d49d0,2026-09-22T06:51:59.512155+00:00,stable,4.320811,200,True,False
9a2d49d0,2026-09-22T06:51:59.545062+00:00,stable,4.204728,200,True,False
9a2d49d0,2026-09-22T06:51:59.578154+00:00,stable,4.244294,200,True,False
9a2d49d0,2026-09-22T06:51:59.611896+00:00,stable,3.880561,200,True,False
9a2d49d0,2026-09-22T06:51:59.644462+00:00,stable,3.864423,200,True,False
9a2d49d0,2026-09-22T06:51:59.678498+00:00,stable,4.130608,200,True,False
9a2d49d0,2026-09-22T06:51:59.712502+00:00,stable,4.820785,200,True,False
9a2d49d0,2026-09-22T06:51:59.746357+00:00,stable,4.93776,200,True,False
9a2d49d0,2026-09-22T06:51:59.778861+00:00,stable,4.030461,200,True,False
9a2d49d0,2026-09-22T06:51:59.813626+00:00,stable,5.389019,200,True,False
9a2d49d0,2026-09-22T06:51:59.845424+00:00,stable,4.13539,200,True,False
9a2d49d0,2026-09-22T06:51:59.898104+00:00,stable,4.288465,200,True,False
9a2d49d0,2026-09-22T06:51:59.912208+00:00,stable,4.391122,200,True,False
9a2d49d0,2026-09-22T06:51:59.945003+00:00,stable,4.260379,200,True,False
9a2d49d0,2026-09-22T06:51:59.981747+00:00,stable,4.977185,200,True,False
9a2d49d0,2026-09-22T06:52:00.046946+00:00,stable,38.979082,200,True,False
9a2d49d0,2026-09-22T06:52:00.048685+00:00,stable,4.977874,200,True,False
9a2d49d0,2026-09-22T06:52:00.080846+00:00,stable,6.032043,200,True,False
9a2d49d0,2026-09-22T06:52:00.115437+00:00,stable,7.256026,200,True,False
9a2d49d0,2026-09-22T06:52:00.148009+00:00,stable,5.316344,200,True,False
9a2d49d0,2026-09-22T06:52:00.179905+00:00,stable,5.899874,200,True,False
9a2d49d0,2026-09-22T06:52:00.212317+00:00,stable,4.754399,200,True,False
9a2d49d0,2026-09-22T06:52:00.245271+00:00,stable,4.393344,200,True,False
9a2d49d0,2026-09-22T06:52:00.278795+00:00,stable,4.384685,200,True,False
9a2d49d0,2026-09-22T06:52:00.312903+00:00,stable,5.180102,200,True,False
9a2d49d0,2026-09-22T06:52:00.345689+00:00,stable,4.250536,200,True,False
9a2d49d0,2026-09-22T06:52:00.378561+00:00,stable,3.894625,200,True,False
9a2d49d0,2026-09-22T06:52:00.411803+00:00,stable,4.493372,200,True,False
9a2d49d0,2026-09-22T06:52:00.445987+00:00,stable,4.625479,200,True,False
9a2d49d0,2026-09-22T06:52:00.477931+00:00,stable,3.805205,200,True,False
9a2d49d0,2026-09-22T06:52:00.511519+00:00,stable,3.661995,200,True,False
9a2d49d0,2026-09-22T06:52:00.545432+00:00,stable,4.325272,200,True,False
9a2d49d0,2026-09-22T06:52:00.578255+00:00,stable,3.866108,200,True,False
9a2d49d0,2026-09-22T06:52:00.611209+00:00,stable,4.014365,200,True,False
9a2d49d0,2026-09-22T06:52:00.644725+00:00,stable,3.938009,200,True,False
9a2d49d0,2026-09-22T06:52:00.677601+00:00,stable,3.793166,200,True,False
9a2d49d0,2026-09-22T06:52:00.710954+00:00,stable,3.632335,200,True,False
9a2d49d0,2026-09-22T06:52:00.744499+00:00,stable,3.885546,200,True,False
9a2d49d0,2026-09-22T06:52:00.778603+00:00,stable,4.102909,200,True,False
9a2d49d0,2026-09-22T06:52:00.811175+00:00,stable,3.515301,200,True,False
9a2d49d0,2026-09-22T06:52:00.856004+00:00,stable,5.008433,200,True,False
9a2d49d0,2026-09-22T06:52:01.059762+00:00,stable,3.114686,200,True,False
9a2d49d0,2026-09-22T06:52:01.059764+00:00,stable,3.990333,200,True,False
9a2d49d0,2026-09-22T06:52:01.059860+00:00,stable,4.249705,200,True,False
9a2d49d0,2026-09-22T06:52:01.059889+00:00,stable,3.675688,200,True,False
9a2d49d0,2026-09-22T06:52:01.060217+00:00,stable,4.003457,200,True,False
9a2d49d0,2026-09-22T06:52:01.067837+00:00,stable,11.625292,200,True,False
9a2d49d0,2026-09-22T06:52:01.142733+00:00,stable,68.499974,200,True,False
9a2d49d0,2026-09-22T06:52:01.147195+00:00,stable,3.571507,200,True,False
9a2d49d0,2026-09-22T06:52:01.147239+00:00,stable,3.615353,200,True,False
9a2d49d0,2026-09-22T06:52:01.178724+00:00,stable,4.033073,200,True,False
9a2d49d0,2026-09-22T06:52:01.210564+00:00,stable,3.278347,200,True,False
9a2d49d0,2026-09-22T06:52:01.244483+00:00,stable,3.46213,200,True,False
9a2d49d0,2026-09-22T06:52:01.277493+00:00,stable,3.735801,200,True,False
9a2d49d0,2026-09-22T06:52:01.310912+00:00,stable,3.325093,200,True,False
9a2d49d0,2026-09-22T06:52:01.344466+00:00,stable,3.769383,200,True,False
9a2d49d0,2026-09-22T06:52:01.376886+00:00,stable,3.123991,200,True,False
9a2d49d0,2026-09-22T06:52:01.412424+00:00,stable,5.30646,200,True,False
9a2d49d0,2026-09-22T06:52:01.444480+00:00,stable,3.545937,200,True,False
9a2d49d0,2026-09-22T06:52:01.477421+00:00,stable,3.249669,200,True,False
9a2d49d0,2026-09-22T06:52:01.511409+00:00,stable,3.822711,200,True,False
9a2d49d0,2026-09-22T06:52:01.544015+00:00,stable,3.106841,200,True,False
9a2d49d0,2026-09-22T06:52:01.577596+00:00,stable,3.845419,200,True,False
9a2d49d0,2026-09-22T06:52:01.611611+00:00,stable,3.776054,200,True,False
9a2d49d0,2026-09-22T06:52:01.644470+00:00,stable,3.41948,200,True,False
9a2d49d0,2026-09-22T06:52:01.677724+00:00,stable,3.391278,200,True,False
9a2d49d0,2026-09-22T06:52:01.712158+00:00,stable,4.329784,200,True,False
9a2d49d0,2026-09-22T06:52:01.744791+00:00,stable,3.820929,200,True,False
9a2d49d0,2026-09-22T06:52:01.778892+00:00,stable,5.151403,200,True,False
9a2d49d0,2026-09-22T06:52:01.812143+00:00,stable,4.515268,200,True,False
9a2d49d0,2026-09-22T06:52:01.844829+00:00,stable,4.245619,200,True,False
9a2d49d0,2026-09-22T06:52:01.878954+00:00,stable,4.410396,200,True,False
9a2d49d0,2026-09-22T06:52:01.911272+00:00,stable,4.141002,200,True,False
9a2d49d0,2026-09-22T06:52:01.945443+00:00,stable,4.652488,200,True,False
9a2d49d0,2026-09-22T06:52:01.978902+00:00,stable,4.163018,200,True,False
9a2d49d0,2026-09-22T06:52:02.010840+00:00,stable,3.75785,200,True,False
9a2d49d0,2026-09-22T06:52:02.045706+00:00,stable,4.257597,200,True,False
9a2d49d0,2026-09-22T06:52:02.078639+00:00,stable,4.555206,200,True,False
9a2d49d0,2026-09-22T06:52:02.111416+00:00,stable,4.047152,200,True,False
9a2d49d0,2026-09-22T06:52:02.147008+00:00,stable,5.273478,200,True,False
9a2d49d0,2026-09-22T06:52:02.179237+00:00,stable,4.774993,200,True,False
9a2d49d0,2026-09-22T06:52:02.211549+00:00,stable,4.222,200,True,False
9a2d49d0,2026-09-22T06:52:02.245905+00:00,stable,4.722333,200,True,False
9a2d49d0,2026-09-22T06:52:02.278979+00:00,stable,4.339507,200,True,False
9a2d49d0,2026-09-22T06:52:02.311388+00:00,stable,4.218233,200,True,False
9a2d49d0,2026-09-22T06:52:02.345942+00:00,stable,4.966465,200,True,False
9a2d49d0,2026-09-22T06:52:02.378797+00:00,stable,4.616024,200,True,False
9a2d49d0,2026-09-22T06:52:02.412593+00:00,stable,4.509918,200,True,False
9a2d49d0,2026-09-22T06:52:02.444873+00:00,stable,4.476962,200,True,False
9a2d49d0,2026-09-22T06:52:02.479188+00:00,stable,5.112506,200,True,False
9a2d49d0,2026-09-22T06:52:02.754754+00:00,stable,11.94297,200,True,False
9a2d49d0,2026-09-22T06:52:02.764471+00:00,stable,21.658825,200,True,False
9a2d49d0,2026-09-22T06:52:02.954503+00:00,stable,211.373713,200,True,True
9a2d49d0,2026-09-22T06:52:03.045865+00:00,stable,302.663378,200,True,True
9a2d49d0,2026-09-22T06:52:03.045506+00:00,stable,302.000511,200,True,True
9a2d49d0,2026-09-22T06:52:03.046180+00:00,stable,303.33312,200,True,True
9a2d49d0,2026-09-22T06:52:03.048345+00:00,stable,304.247768,200,True,True
9a2d49d0,2026-09-22T06:52:03.052552+00:00,stable,9.688583,200,True,False
9a2d49d0,2026-09-22T06:52:03.052663+00:00,stable,9.603694,200,True,False
9a2d49d0,2026-09-22T06:52:03.052718+00:00,stable,7.996068,200,True,False
9a2d49d0,2026-09-22T06:52:03.052766+00:00,stable,8.512534,200,True,False
9a2d49d0,2026-09-22T06:52:03.054520+00:00,stable,11.536199,200,True,False
9a2d49d0,2026-09-22T06:52:03.054633+00:00,stable,9.245671,200,True,False
9a2d49d0,2026-09-22T06:52:03.055107+00:00,stable,11.926868,200,True,False
9a2d49d0,2026-09-22T06:52:03.056016+00:00,stable,13.095335,200,True,False
9a2d49d0,2026-09-22T06:52:03.057538+00:00,stable,11.418199,200,True,False
9a2d49d0,2026-09-22T06:52:03.070413+00:00,stable,326.567228,200,True,True
9a2d49d0,2026-09-22T06:52:03.077759+00:00,stable,3.883859,200,True,False
9a2d49d0,2026-09-22T06:52:03.156328+00:00,stable,13.045448,200,True,False
9a2d49d0,2026-09-22T06:52:03.156507+00:00,stable,13.035474,200,True,False
9a2d49d0,2026-09-22T06:52:03.177221+00:00,stable,3.274546,200,True,False
9a2d49d0,2026-09-22T06:52:03.211264+00:00,stable,4.125818,200,True,False
9a2d49d0,2026-09-22T06:52:03.247923+00:00,stable,6.827447,200,True,False
9a2d49d0,2026-09-22T06:52:03.292921+00:00,stable,3.189702,200,True,False
9a2d49d0,2026-09-22T06:52:03.313666+00:00,stable,3.887164,200,True,False
9a2d49d0,2026-09-22T06:52:03.346487+00:00,stable,3.678745,200,True,False
9a2d49d0,2026-09-22T06:52:03.448504+00:00,stable,5.633792,200,True,False
9a2d49d0,2026-09-22T06:52:03.448636+00:00,stable,5.854477,200,True,False
9a2d49d0,2026-09-22T06:52:03.448694+00:00,stable,6.155073,200,True,False
9a2d49d0,2026-09-22T06:52:03.482651+00:00,stable,3.657025,200,True,False
9a2d49d0,2026-09-22T06:52:03.546027+00:00,stable,38.472386,200,True,False
9a2d49d0,2026-09-22T06:52:03.547380+00:00,stable,4.457857,200,True,False
9a2d49d0,2026-09-22T06:52:03.578190+00:00,stable,3.606059,200,True,False
9a2d49d0,2026-09-22T06:52:03.611739+00:00,stable,3.690715,200,True,False
9a2d49d0,2026-09-22T06:52:03.644901+00:00,stable,3.665363,200,True,False
9a2d49d0,2026-09-22T06:52:03.678105+00:00,stable,3.676438,200,True,False
9a2d49d0,2026-09-22T06:52:03.711956+00:00,stable,4.121267,200,True,False
9a2d49d0,2026-09-22T06:52:03.744001+00:00,stable,3.612508,200,True,False
9a2d49d0,2026-09-22T06:52:03.777072+00:00,stable,3.319941,200,True,False
9a2d49d0,2026-09-22T06:52:03.810967+00:00,stable,3.881051,200,True,False
9a2d49d0,2026-09-22T06:52:03.844156+00:00,stable,3.762331,200,True,False
9a2d49d0,2026-09-22T06:52:03.878273+00:00,stable,3.980972,200,True,False
9a2d49d0,2026-09-22T06:52:03.911035+00:00,stable,4.014673,200,True,False
9a2d49d0,2026-09-22T06:52:03.945346+00:00,stable,3.89091,200,True,False
9a2d49d0,2026-09-22T06:52:03.977925+00:00,stable,3.978185,200,True,False
9a2d49d0,2026-09-22T06:52:04.011082+00:00,stable,4.11677,200,True,False
9a2d49d0,2026-09-22T06:52:04.044048+00:00,stable,3.765007,200,True,False
9a2d49d0,2026-09-22T06:52:04.077932+00:00,stable,3.916711,200,True,False
9a2d49d0,2026-09-22T06:52:04.111678+00:00,stable,3.796553,200,True,False
9a2d49d0,2026-09-22T06:52:04.145834+00:00,stable,4.537311,200,True,False
9a2d49d0,2026-09-22T06:52:04.178248+00:00,stable,3.576707,200,True,False
9a2d49d0,2026-09-22T06:52:04.212787+00:00,stable,5.61771,200,True,False
9a2d49d0,2026-09-22T06:52:04.244167+00:00,stable,3.468672,200,True,False
9a2d49d0,2026-09-22T06:52:04.277626+00:00,stable,3.552934,200,True,False
9a2d49d0,2026-09-22T06:52:04.310856+00:00,stable,3.561882,200,True,False
9a2d49d0,2026-09-22T06:52:04.345066+00:00,stable,3.737167,200,True,False
9a2d49d0,2026-09-22T06:52:04.377306+00:00,stable,3.537309,200,True,False
9a2d49d0,2026-09-22T06:52:04.410664+00:00,stable,3.588663,200,True,False
9a2d49d0,2026-09-22T06:52:04.444934+00:00,stable,3.756989,200,True,False
9a2d49d0,2026-09-22T06:52:04.477816+00:00,stable,4.082815,200,True,False
9a2d49d0,2026-09-22T06:52:04.513340+00:00,stable,5.472514,200,True,False
9a2d49d0,2026-09-22T06:52:04.544591+00:00,stable,3.574007,200,True,False
9a2d49d0,2026-09-22T06:52:04.578562+00:00,stable,3.513045,200,True,False
9a2d49d0,2026-09-22T06:52:04.649403+00:00,stable,41.645336,200,True,False
9a2d49d0,2026-09-22T06:52:04.649465+00:00,stable,6.615799,200,True,False
9a2d49d0,2026-09-22T06:52:04.747297+00:00,stable,4.316851,200,True,False
9a2d49d0,2026-09-22T06:52:04.748757+00:00,stable,5.447265,200,True,False
9a2d49d0,2026-09-22T06:52:04.749054+00:00,stable,5.425507,200,True,False
9a2d49d0,2026-09-22T06:52:04.777890+00:00,stable,3.957923,200,True,False
9a2d49d0,2026-09-22T06:52:04.812303+00:00,stable,4.037945,200,True,False
9a2d49d0,2026-09-22T06:52:04.847456+00:00,stable,4.546717,200,True,False
9a2d49d0,2026-09-22T06:52:04.877948+00:00,stable,3.814169,200,True,False
9a2d49d0,2026-09-22T06:52:04.911519+00:00,stable,3.58244,200,True,False
9a2d49d0,2026-09-22T06:52:04.948159+00:00,stable,6.756983,200,True,False
9a2d49d0,2026-09-22T06:52:04.977885+00:00,stable,3.605399,200,True,False
9a2d49d0,2026-09-22T06:52:05.011376+00:00,stable,3.430796,200,True,False
9a2d49d0,2026-09-22T06:52:05.044619+00:00,stable,3.623254,200,True,False
9a2d49d0,2026-09-22T06:52:05.079232+00:00,stable,4.958746,200,True,False
9a2d49d0,2026-09-22T06:52:05.111077+00:00,stable,4.009725,200,True,False
9a2d49d0,2026-09-22T06:52:05.144966+00:00,stable,3.777882,200,True,False
9a2d49d0,2026-09-22T06:52:05.176912+00:00,stable,3.178863,200,True,False
9a2d49d0,2026-09-22T06:52:05.212652+00:00,stable,5.566341,200,True,False
9a2d49d0,2026-09-22T06:52:05.243854+00:00,stable,3.331807,200,True,False
9a2d49d0,2026-09-22T06:52:05.278237+00:00,stable,3.473455,200,True,False
9a2d49d0,2026-09-22T06:52:05.313783+00:00,stable,6.169386,200,True,False
9a2d49d0,2026-09-22T06:52:05.348617+00:00,stable,7.826302,200,True,False
9a2d49d0,2026-09-22T06:52:05.380909+00:00,stable,2.824979,200,True,False
9a2d49d0,2026-09-22T06:52:05.440161+00:00,stable,3.640458,200,True,False
9a2d49d0,2026-09-22T06:52:05.443697+00:00,stable,3.455422,200,True,False
9a2d49d0,2026-09-22T06:52:05.477635+00:00,stable,3.268567,200,True,False
9a2d49d0,2026-09-22T06:52:05.512254+00:00,stable,4.435988,200,True,False
9a2d49d0,2026-09-22T06:52:05.548615+00:00,stable,7.605106,200,True,False
9a2d49d0,2026-09-22T06:52:05.578622+00:00,stable,4.67334,200,True,False
9a2d49d0,2026-09-22T06:52:05.611938+00:00,stable,4.553065,200,True,False
9a2d49d0,2026-09-22T06:52:05.643752+00:00,stable,3.407464,200,True,False
9a2d49d0,2026-09-22T06:52:05.677653+00:00,stable,3.207088,200,True,False
9a2d49d0,2026-09-22T06:52:05.710854+00:00,stable,2.901395,200,True,False
9a2d49d0,2026-09-22T06:52:05.745859+00:00,stable,5.345364,200,True,False
9a2d49d0,2026-09-22T06:52:05.777864+00:00,stable,3.597085,200,True,False
9a2d49d0,2026-09-22T06:52:05.811223+00:00,stable,3.34309,200,True,False
9a2d49d0,2026-09-22T06:52:05.845695+00:00,stable,3.252337,200,True,False
9a2d49d0,2026-09-22T06:52:05.876988+00:00,stable,2.795785,200,True,False
9a2d49d0,2026-09-22T06:52:05.911075+00:00,stable,3.313351,200,True,False
9a2d49d0,2026-09-22T06:52:05.947526+00:00,stable,6.586549,200,True,False
9a2d49d0,2026-09-22T06:52:05.977124+00:00,stable,2.814754,200,True,False
9a2d49d0,2026-09-22T06:52:06.012574+00:00,stable,5.515157,200,True,False
9a2d49d0,2026-09-22T06:52:06.048306+00:00,stable,6.456899,200,True,False
9a2d49d0,2026-09-22T06:52:06.080466+00:00,stable,5.69274,200,True,False
9a2d49d0,2026-09-22T06:52:06.110378+00:00,stable,3.216794,200,True,False
9a2d49d0,2026-09-22T06:52:06.147907+00:00,stable,6.731835,200,True,False
9a2d49d0,2026-09-22T06:52:06.177144+00:00,stable,2.921967,200,True,False
9a2d49d0,2026-09-22T06:52:06.210036+00:00,stable,2.999118,200,True,False
9a2d49d0,2026-09-22T06:52:06.243646+00:00,stable,3.039224,200,True,False
9a2d49d0,2026-09-22T06:52:06.277291+00:00,stable,2.774405,200,True,False
9a2d49d0,2026-09-22T06:52:06.310520+00:00,stable,3.438598,200,True,False
9a2d49d0,2026-09-22T06:52:06.343135+00:00,stable,2.882859,200,True,False
9a2d49d0,2026-09-22T06:52:06.376952+00:00,stable,2.976544,200,True,False
9a2d49d0,2026-09-22T06:52:06.410947+00:00,stable,3.776664,200,True,False
9a2d49d0,2026-09-22T06:52:06.443355+00:00,stable,3.020343,200,True,False
9a2d49d0,2026-09-22T06:52:06.476416+00:00,stable,2.688748,200,True,False
9a2d49d0,2026-09-22T06:52:06.510549+00:00,stable,3.038823,200,True,False
9a2d49d0,2026-09-22T06:52:06.544334+00:00,stable,3.132578,200,True,False
9a2d49d0,2026-09-22T06:52:06.583347+00:00,stable,6.5454,200,True,False
9a2d49d0,2026-09-22T06:52:06.611531+00:00,stable,4.293023,200,True,False
9a2d49d0,2026-09-22T06:52:06.645223+00:00,stable,3.936001,200,True,False
9a2d49d0,2026-09-22T06:52:06.676846+00:00,stable,2.866862,200,True,False
9a2d49d0,2026-09-22T06:52:06.711384+00:00,stable,3.35356,200,True,False
9a2d49d0,2026-09-22T06:52:06.744021+00:00,stable,3.067595,200,True,False
9a2d49d0,2026-09-22T06:52:06.776923+00:00,stable,2.815646,200,True,False
9a2d49d0,2026-09-22T06:52:06.811032+00:00,stable,3.098072,200,True,False
9a2d49d0,2026-09-22T06:52:06.844181+00:00,stable,3.308289,200,True,False
9a2d49d0,2026-09-22T06:52:06.878258+00:00,stable,4.345946,200,True,False
9a2d49d0,2026-09-22T06:52:06.913003+00:00,stable,5.00567,200,True,False
9a2d49d0,2026-09-22T06:52:06.944151+00:00,stable,3.836723,200,True,False
9a2d49d0,2026-09-22T06:52:06.977748+00:00,stable,3.868573,200,True,False
9a2d49d0,2026-09-22T06:52:07.011939+00:00,stable,3.997465,200,True,False
9a2d49d0,2026-09-22T06:52:07.044436+00:00,stable,3.997087,200,True,False
9a2d49d0,2026-09-22T06:52:07.078002+00:00,stable,3.700788,200,True,False
9a2d49d0,2026-09-22T06:52:07.112644+00:00,stable,4.859248,200,True,False
9a2d49d0,2026-09-22T06:52:07.145080+00:00,stable,4.006356,200,True,False
9a2d49d0,2026-09-22T06:52:07.178026+00:00,stable,4.154429,200,True,False
9a2d49d0,2026-09-22T06:52:07.211375+00:00,stable,4.010509,200,True,False
9a2d49d0,2026-09-22T06:52:07.245856+00:00,stable,4.710562,200,True,False
9a2d49d0,2026-09-22T06:52:07.279008+00:00,stable,4.353661,200,True,False
9a2d49d0,2026-09-22T06:52:07.312249+00:00,stable,4.235325,200,True,False
9a2d49d0,2026-09-22T06:52:07.345540+00:00,stable,4.604528,200,True,False
9a2d49d0,2026-09-22T06:52:07.378392+00:00,stable,4.235868,200,True,False
9a2d49d0,2026-09-22T06:52:07.411988+00:00,stable,4.691059,200,True,False
9a2d49d0,2026-09-22T06:52:07.444548+00:00,stable,3.750234,200,True,False
9a2d49d0,2026-09-22T06:52:07.478653+00:00,stable,3.977286,200,True,False
9a2d49d0,2026-09-22T06:52:07.514892+00:00,stable,7.370514,200,True,False
9a2d49d0,2026-09-22T06:52:07.546446+00:00,stable,5.436663,200,True,False
9a2d49d0,2026-09-22T06:52:07.579120+00:00,stable,4.68266,200,True,False
9a2d49d0,2026-09-22T06:52:07.648232+00:00,stable,40.961157,200,True,False
9a2d49d0,2026-09-22T06:52:07.648691+00:00,stable,5.873548,200,True,False
9a2d49d0,2026-09-22T06:52:07.678702+00:00,stable,4.316174,200,True,False
9a2d49d0,2026-09-22T06:52:07.711807+00:00,stable,4.199138,200,True,False
9a2d49d0,2026-09-22T06:52:07.744996+00:00,stable,4.610194,200,True,False
9a2d49d0,2026-09-22T06:52:07.779489+00:00,stable,5.589756,200,True,False
9a2d49d0,2026-09-22T06:52:07.814441+00:00,stable,6.312596,200,True,False
9a2d49d0,2026-09-22T06:52:07.847571+00:00,stable,6.932378,200,True,False
9a2d49d0,2026-09-22T06:52:07.881166+00:00,stable,6.144471,200,True,False
9a2d49d0,2026-09-22T06:52:07.913751+00:00,stable,6.597745,200,True,False
9a2d49d0,2026-09-22T06:52:07.946295+00:00,stable,5.535011,200,True,False
9a2d49d0,2026-09-22T06:52:08.052218+00:00,stable,57.359325,200,True,False
9a2d49d0,2026-09-22T06:52:08.052866+00:00,stable,45.625912,200,True,False
9a2d49d0,2026-09-22T06:52:08.054066+00:00,stable,7.684826,200,True,False
9a2d49d0,2026-09-22T06:52:08.082615+00:00,stable,8.6588,200,True,False
9a2d49d0,2026-09-22T06:52:08.149638+00:00,stable,6.415863,200,True,False
9a2d49d0,2026-09-22T06:52:08.153161+00:00,stable,10.121687,200,True,False
9a2d49d0,2026-09-22T06:52:08.249240+00:00,stable,6.351212,200,True,False
9a2d49d0,2026-09-22T06:52:08.249240+00:00,stable,6.268847,200,True,False
9a2d49d0,2026-09-22T06:52:08.249417+00:00,stable,6.528467,200,True,False
9a2d49d0,2026-09-22T06:52:08.279944+00:00,stable,5.932499,200,True,False
9a2d49d0,2026-09-22T06:52:08.314204+00:00,stable,5.937447,200,True,False
9a2d49d0,2026-09-22T06:52:08.347019+00:00,stable,6.166185,200,True,False
9a2d49d0,2026-09-22T06:52:08.380521+00:00,stable,5.594414,200,True,False
9a2d49d0,2026-09-22T06:52:08.413723+00:00,stable,6.426074,200,True,False
9a2d49d0,2026-09-22T06:52:08.456018+00:00,stable,13.712182,200,True,False
9a2d49d0,2026-09-22T06:52:08.482577+00:00,stable,8.36929,200,True,False
9a2d49d0,2026-09-22T06:52:08.512985+00:00,stable,5.389461,200,True,False
9a2d49d0,2026-09-22T06:52:08.544805+00:00,stable,4.440902,200,True,False
9a2d49d0,2026-09-22T06:52:08.577800+00:00,stable,4.068834,200,True,False
9a2d49d0,2026-09-22T06:52:08.614335+00:00,stable,6.68307,200,True,False
9a2d49d0,2026-09-22T06:52:08.646485+00:00,stable,5.262722,200,True,False
9a2d49d0,2026-09-22T06:52:08.679296+00:00,stable,4.392866,200,True,False
9a2d49d0,2026-09-22T06:52:08.711185+00:00,stable,4.01551,200,True,False
9a2d49d0,2026-09-22T06:52:08.745527+00:00,stable,3.985786,200,True,False
9a2d49d0,2026-09-22T06:52:08.781411+00:00,stable,6.612343,200,True,False
9a2d49d0,2026-09-22T06:52:08.814300+00:00,stable,6.421723,200,True,False
9a2d49d0,2026-09-22T06:52:08.846137+00:00,stable,4.957869,200,True,False
9a2d49d0,2026-09-22T06:52:08.877800+00:00,stable,3.836319,200,True,False
9a2d49d0,2026-09-22T06:52:08.914222+00:00,stable,6.092031,200,True,False
9a2d49d0,2026-09-22T06:52:08.944979+00:00,stable,4.131702,200,True,False
9a2d49d0,2026-09-22T06:52:08.978148+00:00,stable,3.554776,200,True,False
9a2d49d0,2026-09-22T06:52:09.013192+00:00,stable,5.4663,200,True,False
9a2d49d0,2026-09-22T06:52:09.045804+00:00,stable,4.348128,200,True,False
9a2d49d0,2026-09-22T06:52:09.077737+00:00,stable,4.062104,200,True,False
9a2d49d0,2026-09-22T06:52:09.110908+00:00,stable,3.139073,200,True,False
9a2d49d0,2026-09-22T06:52:09.145090+00:00,stable,3.685637,200,True,False
9a2d49d0,2026-09-22T06:52:09.177133+00:00,stable,2.910698,200,True,False
9a2d49d0,2026-09-22T06:52:09.210917+00:00,stable,3.892986,200,True,False
9a2d49d0,2026-09-22T06:52:09.245130+00:00,stable,4.696136,200,True,False
9a2d49d0,2026-09-22T06:52:09.276420+00:00,stable,2.593861,200,True,False
9a2d49d0,2026-09-22T06:52:09.311087+00:00,stable,3.688764,200,True,False
9a2d49d0,2026-09-22T06:52:09.346720+00:00,stable,5.913939,200,True,False
9a2d49d0,2026-09-22T06:52:09.377435+00:00,stable,3.502941,200,True,False
9a2d49d0,2026-09-22T06:52:09.412131+00:00,stable,4.37832,200,True,False
9a2d49d0,2026-09-22T06:52:09.447387+00:00,stable,6.45107,200,True,False
9a2d49d0,2026-09-22T06:52:09.477817+00:00,stable,3.960902,200,True,False
9a2d49d0,2026-09-22T06:52:09.512944+00:00,stable,4.986385,200,True,False
9a2d49d0,2026-09-22T06:52:09.545189+00:00,stable,4.338817,200,True,False
9a2d49d0,2026-09-22T06:52:09.576991+00:00,stable,2.905973,200,True,False
9a2d49d0,2026-09-22T06:52:09.611131+00:00,stable,3.244527,200,True,False
9a2d49d0,2026-09-22T06:52:09.643584+00:00,stable,2.923674,200,True,False
9a2d49d0,2026-09-22T06:52:09.676872+00:00,stable,2.614064,200,True,False
9a2d49d0,2026-09-22T06:52:09.710677+00:00,stable,3.032644,200,True,False
9a2d49d0,2026-09-22T06:52:09.744256+00:00,stable,3.051835,200,True,False
9a2d49d0,2026-09-22T06:52:09.777056+00:00,stable,2.701608,200,True,False
9a2d49d0,2026-09-22T06:52:09.810844+00:00,stable,2.915967,200,True,False
9a2d49d0,2026-09-22T06:52:09.843813+00:00,stable,3.048547,200,True,False
9a2d49d0,2026-09-22T06:52:09.877489+00:00,stable,3.656652,200,True,False
9a2d49d0,2026-09-22T06:52:09.910269+00:00,stable,3.213838,200,True,False
9a2d49d0,2026-09-22T06:52:09.943626+00:00,stable,2.694195,200,True,False
9a2d49d0,2026-09-22T06:52:09.977039+00:00,stable,3.263879,200,True,False
9a2d49d0,2026-09-22T06:52:10.010958+00:00,stable,3.15553,200,True,False
9a2d49d0,2026-09-22T06:52:10.044410+00:00,stable,3.443719,200,True,False
9a2d49d0,2026-09-22T06:52:10.077625+00:00,stable,3.376415,200,True,False
9a2d49d0,2026-09-22T06:52:10.110886+00:00,stable,3.556753,200,True,False
9a2d49d0,2026-09-22T06:52:10.144918+00:00,stable,3.580236,200,True,False
9a2d49d0,2026-09-22T06:52:10.177653+00:00,stable,3.926101,200,True,False
9a2d49d0,2026-09-22T06:52:10.210807+00:00,stable,3.474167,200,True,False
9a2d49d0,2026-09-22T06:52:10.244748+00:00,stable,3.479495,200,True,False
9a2d49d0,2026-09-22T06:52:10.277434+00:00,stable,3.499371,200,True,False
9a2d49d0,2026-09-22T06:52:10.310434+00:00,stable,3.131475,200,True,False
9a2d49d0,2026-09-22T06:52:10.345092+00:00,stable,4.016816,200,True,False
9a2d49d0,2026-09-22T06:52:10.377702+00:00,stable,3.349501,200,True,False
9a2d49d0,2026-09-22T06:52:10.410768+00:00,stable,3.054092,200,True,False
9a2d49d0,2026-09-22T06:52:10.444553+00:00,stable,3.360195,200,True,False
9a2d49d0,2026-09-22T06:52:10.477333+00:00,stable,3.011342,200,True,False
9a2d49d0,2026-09-22T06:52:10.512532+00:00,stable,5.228395,200,True,False
9a2d49d0,2026-09-22T06:52:10.548151+00:00,stable,6.90335,200,True,False
9a2d49d0,2026-09-22T06:52:10.578422+00:00,stable,4.171209,200,True,False
9a2d49d0,2026-09-22T06:52:10.613392+00:00,stable,5.74644,200,True,False
9a2d49d0,2026-09-22T06:52:10.645185+00:00,stable,4.114867,200,True,False
9a2d49d0,2026-09-22T06:52:10.678273+00:00,stable,3.840412,200,True,False
9a2d49d0,2026-09-22T06:52:10.710729+00:00,stable,3.701773,200,True,False
9a2d49d0,2026-09-22T06:52:10.746629+00:00,stable,5.183585,200,True,False
9a2d49d0,2026-09-22T06:52:10.778497+00:00,stable,4.668183,200,True,False
9a2d49d0,2026-09-22T06:52:10.810780+00:00,stable,3.113357,200,True,False
9a2d49d0,2026-09-22T06:52:10.843588+00:00,stable,3.302841,200,True,False
9a2d49d0,2026-09-22T06:52:10.876986+00:00,stable,3.224446,200,True,False
9a2d49d0,2026-09-22T06:52:10.910859+00:00,stable,3.18007,200,True,False
9a2d49d0,2026-09-22T06:52:10.946221+00:00,stable,5.569695,200,True,False
9a2d49d0,2026-09-22T06:52:10.979098+00:00,stable,4.929037,200,True,False
9a2d49d0,2026-09-22T06:52:11.011950+00:00,stable,4.701127,200,True,False
9a2d49d0,2026-09-22T06:52:11.044985+00:00,stable,4.280922,200,True,False
9a2d49d0,2026-09-22T06:52:11.078020+00:00,stable,3.838945,200,True,False
9a2d49d0,2026-09-22T06:52:11.111953+00:00,stable,4.070463,200,True,False
9a2d49d0,2026-09-22T06:52:11.147072+00:00,stable,6.393315,200,True,False
9a2d49d0,2026-09-22T06:52:11.179600+00:00,stable,5.237274,200,True,False
9a2d49d0,2026-09-22T06:52:11.210622+00:00,stable,2.987465,200,True,False
9a2d49d0,2026-09-22T06:52:11.243643+00:00,stable,2.601445,200,True,False
9a2d49d0,2026-09-22T06:52:11.277045+00:00,stable,2.767739,200,True,False
9a2d49d0,2026-09-22T06:52:11.310535+00:00,stable,2.714348,200,True,False
9a2d49d0,2026-09-22T06:52:11.343828+00:00,stable,2.712585,200,True,False
9a2d49d0,2026-09-22T06:52:11.377310+00:00,stable,2.762209,200,True,False
9a2d49d0,2026-09-22T06:52:11.409655+00:00,stable,2.704497,200,True,False
9a2d49d0,2026-09-22T06:52:11.444061+00:00,stable,2.772556,200,True,False
9a2d49d0,2026-09-22T06:52:11.480186+00:00,stable,6.52803,200,True,False
9a2d49d0,2026-09-22T06:52:11.509866+00:00,stable,2.824831,200,True,False
9a2d49d0,2026-09-22T06:52:11.542957+00:00,stable,2.667083,200,True,False
9a2d49d0,2026-09-22T06:52:11.578033+00:00,stable,4.231778,200,True,False
9a2d49d0,2026-09-22T06:52:11.610995+00:00,stable,3.248622,200,True,False
9a2d49d0,2026-09-22T06:52:11.646420+00:00,stable,5.86364,200,True,False
9a2d49d0,2026-09-22T06:52:11.680675+00:00,stable,5.984933,200,True,False
9a2d49d0,2026-09-22T06:52:11.710504+00:00,stable,3.145742,200,True,False
9a2d49d0,2026-09-22T06:52:11.745146+00:00,stable,4.257717,200,True,False
9a2d49d0,2026-09-22T06:52:11.778583+00:00,stable,4.398267,200,True,False
9a2d49d0,2026-09-22T06:52:11.812031+00:00,stable,4.453419,200,True,False
9a2d49d0,2026-09-22T06:52:11.844370+00:00,stable,3.502563,200,True,False
9a2d49d0,2026-09-22T06:52:11.877516+00:00,stable,3.340827,200,True,False
9a2d49d0,2026-09-22T06:52:11.910325+00:00,stable,3.228101,200,True,False
9a2d49d0,2026-09-22T06:52:11.943645+00:00,stable,2.825004,200,True,False
9a2d49d0,2026-09-22T06:52:11.977024+00:00,stable,2.748282,200,True,False
9a2d49d0,2026-09-22T06:52:12.010920+00:00,stable,3.246009,200,True,False
9a2d49d0,2026-09-22T06:52:12.043212+00:00,stable,2.955756,200,True,False
9a2d49d0,2026-09-22T06:52:12.076736+00:00,stable,2.795097,200,True,False
9a2d49d0,2026-09-22T06:52:12.110478+00:00,stable,2.856771,200,True,False
9a2d49d0,2026-09-22T06:52:12.144828+00:00,stable,3.689246,200,True,False
9a2d49d0,2026-09-22T06:52:12.177322+00:00,stable,2.707553,200,True,False
9a2d49d0,2026-09-22T06:52:12.212146+00:00,stable,4.584228,200,True,False
9a2d49d0,2026-09-22T06:52:12.244328+00:00,stable,3.668639,200,True,False
9a2d49d0,2026-09-22T06:52:12.277726+00:00,stable,3.646191,200,True,False
9a2d49d0,2026-09-22T06:52:12.312927+00:00,stable,5.553174,200,True,False
9a2d49d0,2026-09-22T06:52:12.343986+00:00,stable,3.223092,200,True,False
9a2d49d0,2026-09-22T06:52:12.377104+00:00,stable,3.063365,200,True,False
9a2d49d0,2026-09-22T06:52:12.410088+00:00,stable,3.102927,200,True,False
9a2d49d0,2026-09-22T06:52:12.443703+00:00,stable,3.188525,200,True,False
9a2d49d0,2026-09-22T06:52:12.478259+00:00,stable,4.513787,200,True,False
9a2d49d0,2026-09-22T06:52:12.513495+00:00,stable,6.285736,200,True,False
9a2d49d0,2026-09-22T06:52:12.548053+00:00,stable,6.630164,200,True,False
9a2d49d0,2026-09-22T06:52:12.579004+00:00,stable,4.741946,200,True,False
9a2d49d0,2026-09-22T06:52:12.615573+00:00,stable,7.449156,200,True,False
9a2d49d0,2026-09-22T06:52:12.647907+00:00,stable,6.672845,200,True,False
9a2d49d0,2026-09-22T06:52:12.681923+00:00,stable,7.776478,200,True,False
9a2d49d0,2026-09-22T06:52:12.712393+00:00,stable,4.405702,200,True,False
9a2d49d0,2026-09-22T06:52:12.745780+00:00,stable,4.891932,200,True,False
9a2d49d0,2026-09-22T06:52:12.778951+00:00,stable,4.958944,200,True,False
9a2d49d0,2026-09-22T06:52:12.814436+00:00,stable,6.621696,200,True,False
9a2d49d0,2026-09-22T06:52:12.845417+00:00,stable,4.044908,200,True,False
9a2d49d0,2026-09-22T06:52:12.879155+00:00,stable,4.655247,200,True,False
9a2d49d0,2026-09-22T06:52:12.914229+00:00,stable,6.810456,200,True,False
9a2d49d0,2026-09-22T06:52:12.947079+00:00,stable,5.900249,200,True,False
9a2d49d0,2026-09-22T06:52:12.980384+00:00,stable,6.153078,200,True,False
9a2d49d0,2026-09-22T06:52:13.011817+00:00,stable,4.417775,200,True,False
9a2d49d0,2026-09-22T06:52:13.044397+00:00,stable,3.713724,200,True,False
9a2d49d0,2026-09-22T06:52:13.077154+00:00,stable,3.350043,200,True,False
9a2d49d0,2026-09-22T06:52:13.110559+00:00,stable,3.452389,200,True,False
9a2d49d0,2026-09-22T06:52:13.144847+00:00,stable,3.456035,200,True,False
9a2d49d0,2026-09-22T06:52:13.177309+00:00,stable,3.433406,200,True,False
9a2d49d0,2026-09-22T06:52:13.210075+00:00,stable,3.072063,200,True,False
9a2d49d0,2026-09-22T06:52:13.244507+00:00,stable,3.616199,200,True,False
9a2d49d0,2026-09-22T06:52:13.277873+00:00,stable,3.301183,200,True,False
9a2d49d0,2026-09-22T06:52:13.313177+00:00,stable,5.138831,200,True,False
9a2d49d0,2026-09-22T06:52:13.344659+00:00,stable,4.275994,200,True,False
9a2d49d0,2026-09-22T06:52:13.379955+00:00,stable,5.540628,200,True,False
9a2d49d0,2026-09-22T06:52:13.412878+00:00,stable,5.049742,200,True,False
9a2d49d0,2026-09-22T06:52:13.446574+00:00,stable,5.895282,200,True,False
9a2d49d0,2026-09-22T06:52:13.480324+00:00,stable,6.231202,200,True,False
9a2d49d0,2026-09-22T06:52:13.514551+00:00,stable,7.103512,200,True,False
9a2d49d0,2026-09-22T06:52:13.547735+00:00,stable,6.327481,200,True,False
9a2d49d0,2026-09-22T06:52:13.582344+00:00,stable,7.55916,200,True,False
9a2d49d0,2026-09-22T06:52:13.611893+00:00,stable,4.688804,200,True,False
9a2d49d0,2026-09-22T06:52:13.648057+00:00,stable,7.447014,200,True,False
9a2d49d0,2026-09-22T06:52:13.681255+00:00,stable,6.626154,200,True,False
9a2d49d0,2026-09-22T06:52:13.711443+00:00,stable,3.646026,200,True,False
9a2d49d0,2026-09-22T06:52:13.746963+00:00,stable,5.91812,200,True,False
9a2d49d0,2026-09-22T06:52:13.777451+00:00,stable,3.311886,200,True,False
9a2d49d0,2026-09-22T06:52:13.812580+00:00,stable,5.143008,200,True,False
9a2d49d0,2026-09-22T06:52:13.849118+00:00,stable,7.331188,200,True,False
9a2d49d0,2026-09-22T06:52:13.878582+00:00,stable,4.225362,200,True,False
9a2d49d0,2026-09-22T06:52:13.912368+00:00,stable,4.977835,200,True,False
9a2d49d0,2026-09-22T06:52:13.945215+00:00,stable,4.148281,200,True,False
9a2d49d0,2026-09-22T06:52:13.977391+00:00,stable,3.002951,200,True,False
9a2d49d0,2026-09-22T06:52:14.012502+00:00,stable,5.268899,200,True,False
9a2d49d0,2026-09-22T06:52:14.044984+00:00,stable,4.545228,200,True,False
9a2d49d0,2026-09-22T06:52:14.077059+00:00,stable,2.94605,200,True,False
9a2d49d0,2026-09-22T06:52:14.111871+00:00,stable,4.729437,200,True,False
9a2d49d0,2026-09-22T06:52:14.146373+00:00,stable,5.538676,200,True,False
9a2d49d0,2026-09-22T06:52:14.176896+00:00,stable,2.815656,200,True,False
9a2d49d0,2026-09-22T06:52:14.210550+00:00,stable,2.940764,200,True,False
9a2d49d0,2026-09-22T06:52:14.269783+00:00,stable,28.10719,200,True,False
9a2d49d0,2026-09-22T06:52:14.277302+00:00,stable,2.824161,200,True,False
9a2d49d0,2026-09-22T06:52:14.310334+00:00,stable,3.006176,200,True,False
9a2d49d0,2026-09-22T06:52:14.343914+00:00,stable,3.069069,200,True,False
9a2d49d0,2026-09-22T06:52:14.377651+00:00,stable,2.970766,200,True,False
9a2d49d0,2026-09-22T06:52:14.410417+00:00,stable,3.150786,200,True,False
9a2d49d0,2026-09-22T06:52:14.445454+00:00,stable,4.464958,200,True,False
9a2d49d0,2026-09-22T06:52:14.479259+00:00,stable,4.879098,200,True,False
9a2d49d0,2026-09-22T06:52:14.512684+00:00,stable,5.195752,200,True,False
9a2d49d0,2026-09-22T06:52:14.548309+00:00,stable,7.818264,200,True,False
9a2d49d0,2026-09-22T06:52:14.578193+00:00,stable,3.550028,200,True,False
9a2d49d0,2026-09-22T06:52:14.612636+00:00,stable,5.459202,200,True,False
9a2d49d0,2026-09-22T06:52:14.647871+00:00,stable,6.530397,200,True,False
9a2d49d0,2026-09-22T06:52:14.677116+00:00,stable,2.765101,200,True,False
9a2d49d0,2026-09-22T06:52:14.709881+00:00,stable,2.782361,200,True,False
9a2d49d0,2026-09-22T06:52:14.743551+00:00,stable,2.912723,200,True,False
9a2d49d0,2026-09-22T06:52:14.843119+00:00,stable,62.82089,200,True,False
9a2d49d0,2026-09-22T06:52:14.848289+00:00,stable,4.921312,200,True,False
9a2d49d0,2026-09-22T06:52:14.848289+00:00,stable,4.634239,200,True,False
9a2d49d0,2026-09-22T06:52:14.877746+00:00,stable,3.514533,200,True,False
9a2d49d0,2026-09-22T06:52:14.911204+00:00,stable,3.79496,200,True,False
9a2d49d0,2026-09-22T06:52:14.945158+00:00,stable,4.417787,200,True,False
9a2d49d0,2026-09-22T06:52:14.976712+00:00,stable,2.838768,200,True,False
9a2d49d0,2026-09-22T06:52:15.010663+00:00,stable,3.018821,200,True,False
9a2d49d0,2026-09-22T06:52:15.044091+00:00,stable,2.982593,200,True,False
9a2d49d0,2026-09-22T06:52:15.078262+00:00,stable,4.011335,200,True,False
9a2d49d0,2026-09-22T06:52:15.110772+00:00,stable,3.727822,200,True,False
9a2d49d0,2026-09-22T06:52:15.147127+00:00,stable,6.374498,200,True,False
9a2d49d0,2026-09-22T06:52:15.180446+00:00,stable,6.324286,200,True,False
9a2d49d0,2026-09-22T06:52:15.214080+00:00,stable,6.41899,200,True,False
9a2d49d0,2026-09-22T06:52:15.243861+00:00,stable,3.274029,200,True,False
9a2d49d0,2026-09-22T06:52:15.277894+00:00,stable,4.113481,200,True,False
9a2d49d0,2026-09-22T06:52:15.312094+00:00,stable,4.331236,200,True,False
9a2d49d0,2026-09-22T06:52:15.346936+00:00,stable,6.00586,200,True,False
9a2d49d0,2026-09-22T06:52:15.377640+00:00,stable,3.405047,200,True,False
9a2d49d0,2026-09-22T06:52:15.412792+00:00,stable,5.425223,200,True,False
9a2d49d0,2026-09-22T06:52:15.444629+00:00,stable,4.015174,200,True,False
9a2d49d0,2026-09-22T06:52:15.480246+00:00,stable,5.480096,200,True,False
9a2d49d0,2026-09-22T06:52:15.511586+00:00,stable,4.244516,200,True,False
9a2d49d0,2026-09-22T06:52:15.543683+00:00,stable,2.564432,200,True,False
9a2d49d0,2026-09-22T06:52:15.577073+00:00,stable,2.59396,200,True,False
9a2d49d0,2026-09-22T06:52:15.610337+00:00,stable,2.562023,200,True,False
9a2d49d0,2026-09-22T06:52:15.643948+00:00,stable,2.973733,200,True,False
9a2d49d0,2026-09-22T06:52:15.676944+00:00,stable,3.060176,200,True,False
9a2d49d0,2026-09-22T06:52:15.711331+00:00,stable,3.420215,200,True,False
9a2d49d0,2026-09-22T06:52:15.743743+00:00,stable,2.78685,200,True,False
9a2d49d0,2026-09-22T06:52:15.776812+00:00,stable,2.89585,200,True,False
9a2d49d0,2026-09-22T06:52:15.810983+00:00,stable,3.247706,200,True,False
9a2d49d0,2026-09-22T06:52:15.843435+00:00,stable,3.129018,200,True,False
9a2d49d0,2026-09-22T06:52:15.877222+00:00,stable,3.025059,200,True,False
9a2d49d0,2026-09-22T06:52:15.911212+00:00,stable,4.050302,200,True,False
9a2d49d0,2026-09-22T06:52:15.946305+00:00,stable,5.491688,200,True,False
9a2d49d0,2026-09-22T06:52:15.977337+00:00,stable,3.125887,200,True,False
9a2d49d0,2026-09-22T06:52:16.011936+00:00,stable,4.741221,200,True,False
9a2d49d0,2026-09-22T06:52:16.046999+00:00,stable,6.415831,200,True,False
9a2d49d0,2026-09-22T06:52:16.077104+00:00,stable,2.652274,200,True,False
9a2d49d0,2026-09-22T06:52:16.114153+00:00,stable,6.069903,200,True,False
9a2d49d0,2026-09-22T06:52:16.148004+00:00,stable,6.933538,200,True,False
9a2d49d0,2026-09-22T06:52:16.179150+00:00,stable,5.00155,200,True,False
9a2d49d0,2026-09-22T06:52:16.213358+00:00,stable,6.077986,200,True,False
9a2d49d0,2026-09-22T06:52:16.244036+00:00,stable,2.849664,200,True,False
9a2d49d0,2026-09-22T06:52:16.276520+00:00,stable,2.831363,200,True,False
9a2d49d0,2026-09-22T06:52:16.312782+00:00,stable,5.354555,200,True,False
9a2d49d0,2026-09-22T06:52:16.347340+00:00,stable,5.777256,200,True,False
9a2d49d0,2026-09-22T06:52:16.377827+00:00,stable,3.215031,200,True,False
9a2d49d0,2026-09-22T06:52:16.410610+00:00,stable,2.949761,200,True,False
9a2d49d0,2026-09-22T06:52:16.443994+00:00,stable,2.74557,200,True,False
9a2d49d0,2026-09-22T06:52:16.476339+00:00,stable,2.697898,200,True,False
9a2d49d0,2026-09-22T06:52:16.510193+00:00,stable,2.915213,200,True,False
9a2d49d0,2026-09-22T06:52:16.543579+00:00,stable,2.994656,200,True,False
9a2d49d0,2026-09-22T06:52:16.577104+00:00,stable,2.819361,200,True,False
9a2d49d0,2026-09-22T06:52:16.610568+00:00,stable,2.752128,200,True,False
9a2d49d0,2026-09-22T06:52:16.643889+00:00,stable,2.880967,200,True,False
9a2d49d0,2026-09-22T06:52:16.677830+00:00,stable,3.433852,200,True,False
9a2d49d0,2026-09-22T06:52:16.712756+00:00,stable,5.030165,200,True,False
9a2d49d0,2026-09-22T06:52:16.745787+00:00,stable,4.635011,200,True,False
9a2d49d0,2026-09-22T06:52:16.779219+00:00,stable,4.679492,200,True,False
9a2d49d0,2026-09-22T06:52:16.811153+00:00,stable,3.690807,200,True,False
9a2d49d0,2026-09-22T06:52:16.844085+00:00,stable,3.00422,200,True,False
9a2d49d0,2026-09-22T06:52:16.876551+00:00,stable,2.717176,200,True,False
9a2d49d0,2026-09-22T06:52:16.910047+00:00,stable,2.950461,200,True,False
9a2d49d0,2026-09-22T06:52:16.943313+00:00,stable,2.754206,200,True,False
9a2d49d0,2026-09-22T06:52:16.976723+00:00,stable,2.862983,200,True,False
9a2d49d0,2026-09-22T06:52:17.012671+00:00,stable,4.902444,200,True,False
9a2d49d0,2026-09-22T06:52:17.045121+00:00,stable,3.718653,200,True,False
9a2d49d0,2026-09-22T06:52:17.077916+00:00,stable,4.011174,200,True,False
9a2d49d0,2026-09-22T06:52:17.113360+00:00,stable,5.541571,200,True,False
9a2d49d0,2026-09-22T06:52:17.145771+00:00,stable,4.655248,200,True,False
9a2d49d0,2026-09-22T06:52:17.177779+00:00,stable,3.677333,200,True,False
9a2d49d0,2026-09-22T06:52:17.213110+00:00,stable,5.361862,200,True,False
9a2d49d0,2026-09-22T06:52:17.247042+00:00,stable,6.288373,200,True,False
9a2d49d0,2026-09-22T06:52:17.279241+00:00,stable,4.75888,200,True,False
9a2d49d0,2026-09-22T06:52:17.309870+00:00,stable,2.929022,200,True,False
9a2d49d0,2026-09-22T06:52:17.345324+00:00,stable,4.60382,200,True,False
9a2d49d0,2026-09-22T06:52:17.379117+00:00,stable,4.830658,200,True,False
9a2d49d0,2026-09-22T06:52:17.411307+00:00,stable,4.241361,200,True,False
9a2d49d0,2026-09-22T06:52:17.445637+00:00,stable,4.669334,200,True,False
9a2d49d0,2026-09-22T06:52:17.479138+00:00,stable,4.806991,200,True,False
9a2d49d0,2026-09-22T06:52:17.511039+00:00,stable,3.156018,200,True,False
9a2d49d0,2026-09-22T06:52:17.544485+00:00,stable,2.957871,200,True,False
9a2d49d0,2026-09-22T06:52:17.576907+00:00,stable,2.678023,200,True,False
9a2d49d0,2026-09-22T06:52:17.612775+00:00,stable,5.026761,200,True,False
9a2d49d0,2026-09-22T06:52:17.646533+00:00,stable,5.16178,200,True,False
9a2d49d0,2026-09-22T06:52:17.677974+00:00,stable,3.726516,200,True,False
9a2d49d0,2026-09-22T06:52:17.711357+00:00,stable,3.42789,200,True,False
9a2d49d0,2026-09-22T06:52:17.744139+00:00,stable,3.020224,200,True,False
9a2d49d0,2026-09-22T06:52:17.777304+00:00,stable,3.21399,200,True,False
9a2d49d0,2026-09-22T06:52:17.810230+00:00,stable,3.103304,200,True,False
9a2d49d0,2026-09-22T06:52:17.843806+00:00,stable,3.076884,200,True,False
9a2d49d0,2026-09-22T06:52:17.877914+00:00,stable,3.572567,200,True,False
9a2d49d0,2026-09-22T06:52:17.912060+00:00,stable,4.333689,200,True,False
9a2d49d0,2026-09-22T06:52:17.944445+00:00,stable,3.546347,200,True,False
9a2d49d0,2026-09-22T06:52:17.977121+00:00,stable,3.359921,200,True,False
9a2d49d0,2026-09-22T06:52:18.011934+00:00,stable,3.997987,200,True,False
9a2d49d0,2026-09-22T06:52:18.043533+00:00,stable,2.935294,200,True,False
9a2d49d0,2026-09-22T06:52:18.092094+00:00,stable,17.185219,200,True,False
9a2d49d0,2026-09-22T06:52:18.169108+00:00,stable,60.847839,200,True,False
9a2d49d0,2026-09-22T06:52:18.171039+00:00,stable,29.963748,200,True,False
9a2d49d0,2026-09-22T06:52:18.178323+00:00,stable,3.359302,200,True,False
9a2d49d0,2026-09-22T06:52:18.210343+00:00,stable,3.173456,200,True,False
9a2d49d0,2026-09-22T06:52:18.265351+00:00,stable,23.915599,200,True,False
9a2d49d0,2026-09-22T06:52:18.280983+00:00,stable,6.80436,200,True,False
9a2d49d0,2026-09-22T06:52:18.364527+00:00,stable,56.603678,200,True,False
9a2d49d0,2026-09-22T06:52:18.368392+00:00,stable,26.92684,200,True,False
9a2d49d0,2026-09-22T06:52:18.378113+00:00,stable,3.400945,200,True,False
9a2d49d0,2026-09-22T06:52:18.410685+00:00,stable,3.246209,200,True,False
9a2d49d0,2026-09-22T06:52:18.447125+00:00,stable,6.148006,200,True,False
9a2d49d0,2026-09-22T06:52:18.481069+00:00,stable,6.311262,200,True,False
9a2d49d0,2026-09-22T06:52:18.510943+00:00,stable,2.839231,200,True,False
9a2d49d0,2026-09-22T06:52:18.544217+00:00,stable,3.401248,200,True,False
9a2d49d0,2026-09-22T06:52:18.577220+00:00,stable,2.922476,200,True,False
9a2d49d0,2026-09-22T06:52:18.618985+00:00,stable,10.917152,200,True,False
9a2d49d0,2026-09-22T06:52:18.647583+00:00,stable,6.14536,200,True,False
9a2d49d0,2026-09-22T06:52:18.679062+00:00,stable,3.907524,200,True,False
9a2d49d0,2026-09-22T06:52:18.711720+00:00,stable,4.234929,200,True,False
9a2d49d0,2026-09-22T06:52:18.752364+00:00,stable,10.214148,200,True,False
9a2d49d0,2026-09-22T06:52:18.780138+00:00,stable,4.99964,200,True,False
9a2d49d0,2026-09-22T06:52:18.815594+00:00,stable,7.896177,200,True,False
9a2d49d0,2026-09-22T06:52:18.848298+00:00,stable,6.134755,200,True,False
9a2d49d0,2026-09-22T06:52:18.877930+00:00,stable,3.326588,200,True,False
9a2d49d0,2026-09-22T06:52:18.912536+00:00,stable,4.302713,200,True,False
9a2d49d0,2026-09-22T06:52:18.944978+00:00,stable,3.369693,200,True,False
9a2d49d0,2026-09-22T06:52:18.979504+00:00,stable,5.394806,200,True,False
9a2d49d0,2026-09-22T06:52:19.013263+00:00,stable,5.772082,200,True,False
9a2d49d0,2026-09-22T06:52:19.043980+00:00,stable,2.936118,200,True,False
9a2d49d0,2026-09-22T06:52:19.077195+00:00,stable,2.932761,200,True,False
9a2d49d0,2026-09-22T06:52:19.114043+00:00,stable,5.714543,200,True,False
9a2d49d0,2026-09-22T06:52:19.145792+00:00,stable,4.988428,200,True,False
9a2d49d0,2026-09-22T06:52:19.180500+00:00,stable,5.659769,200,True,False
9a2d49d0,2026-09-22T06:52:19.210650+00:00,stable,3.241287,200,True,False
9a2d49d0,2026-09-22T06:52:19.244137+00:00,stable,2.756293,200,True,False
9a2d49d0,2026-09-22T06:52:19.277402+00:00,stable,2.873609,200,True,False
9a2d49d0,2026-09-22T06:52:19.310042+00:00,stable,2.702155,200,True,False
9a2d49d0,2026-09-22T06:52:19.343183+00:00,stable,2.615412,200,True,False
9a2d49d0,2026-09-22T06:52:19.377129+00:00,stable,3.107693,200,True,False
9a2d49d0,2026-09-22T06:52:19.409609+00:00,stable,2.430744,200,True,False
9a2d49d0,2026-09-22T06:52:19.446613+00:00,stable,5.236617,200,True,False
9a2d49d0,2026-09-22T06:52:19.480205+00:00,stable,6.020374,200,True,False
9a2d49d0,2026-09-22T06:52:19.509853+00:00,stable,2.495484,200,True,False
9a2d49d0,2026-09-22T06:52:19.548733+00:00,stable,6.853209,200,True,False
9a2d49d0,2026-09-22T06:52:19.579452+00:00,stable,4.890267,200,True,False
9a2d49d0,2026-09-22T06:52:19.612996+00:00,stable,5.79851,200,True,False
9a2d49d0,2026-09-22T06:52:19.646323+00:00,stable,5.971184,200,True,False
9a2d49d0,2026-09-22T06:52:19.679102+00:00,stable,5.251758,200,True,False
9a2d49d0,2026-09-22T06:52:19.710595+00:00,stable,2.651674,200,True,False
9a2d49d0,2026-09-22T06:52:19.746141+00:00,stable,5.034869,200,True,False
9a2d49d0,2026-09-22T06:52:19.778778+00:00,stable,4.56452,200,True,False
9a2d49d0,2026-09-22T06:52:19.812202+00:00,stable,4.623838,200,True,False
9a2d49d0,2026-09-22T06:52:19.845357+00:00,stable,4.690475,200,True,False
9a2d49d0,2026-09-22T06:52:19.876720+00:00,stable,2.920789,200,True,False
9a2d49d0,2026-09-22T06:52:19.910292+00:00,stable,2.834835,200,True,False
9a2d49d0,2026-09-22T06:52:19.946129+00:00,stable,5.414095,200,True,False
9a2d49d0,2026-09-22T06:52:19.979922+00:00,stable,5.766761,200,True,False
9a2d49d0,2026-09-22T06:52:20.011217+00:00,stable,4.030381,200,True,False
9a2d49d0,2026-09-22T06:52:20.046255+00:00,stable,5.811064,200,True,False
9a2d49d0,2026-09-22T06:52:20.077138+00:00,stable,2.876688,200,True,False
9a2d49d0,2026-09-22T06:52:20.112521+00:00,stable,4.811874,200,True,False
9a2d49d0,2026-09-22T06:52:20.143906+00:00,stable,2.898209,200,True,False
9a2d49d0,2026-09-22T06:52:20.177316+00:00,stable,2.631039,200,True,False
9a2d49d0,2026-09-22T06:52:20.209755+00:00,stable,2.70472,200,True,False
9a2d49d0,2026-09-22T06:52:20.246318+00:00,stable,5.927882,200,True,False
9a2d49d0,2026-09-22T06:52:20.278983+00:00,stable,4.676734,200,True,False
9a2d49d0,2026-09-22T06:52:20.316399+00:00,stable,8.447598,200,True,False
9a2d49d0,2026-09-22T06:52:20.348478+00:00,stable,6.970389,200,True,False
9a2d49d0,2026-09-22T06:52:20.378623+00:00,stable,4.047055,200,True,False
9a2d49d0,2026-09-22T06:52:20.412804+00:00,stable,5.03428,200,True,False
9a2d49d0,2026-09-22T06:52:20.443444+00:00,stable,2.779807,200,True,False
9a2d49d0,2026-09-22T06:52:20.478825+00:00,stable,4.584989,200,True,False
9a2d49d0,2026-09-22T06:52:20.514175+00:00,stable,6.162264,200,True,False
9a2d49d0,2026-09-22T06:52:20.547250+00:00,stable,5.881768,200,True,False
9a2d49d0,2026-09-22T06:52:20.577939+00:00,stable,3.815524,200,True,False
9a2d49d0,2026-09-22T06:52:20.614590+00:00,stable,7.350778,200,True,False
9a2d49d0,2026-09-22T06:52:20.645520+00:00,stable,4.878527,200,True,False
9a2d49d0,2026-09-22T06:52:20.680480+00:00,stable,5.992947,200,True,False
9a2d49d0,2026-09-22T06:52:20.710825+00:00,stable,3.413388,200,True,False
9a2d49d0,2026-09-22T06:52:20.744326+00:00,stable,3.434922,200,True,False
9a2d49d0,2026-09-22T06:52:20.778391+00:00,stable,4.195937,200,True,False
9a2d49d0,2026-09-22T06:52:20.811344+00:00,stable,3.776943,200,True,False
9a2d49d0,2026-09-22T06:52:20.844158+00:00,stable,3.296637,200,True,False
9a2d49d0,2026-09-22T06:52:20.879557+00:00,stable,4.904679,200,True,False
9a2d49d0,2026-09-22T06:52:20.911705+00:00,stable,3.885477,200,True,False
9a2d49d0,2026-09-22T06:52:20.947848+00:00,stable,6.414378,200,True,False
9a2d49d0,2026-09-22T06:52:20.980658+00:00,stable,6.537173,200,True,False
9a2d49d0,2026-09-22T06:52:21.011975+00:00,stable,4.027165,200,True,False
9a2d49d0,2026-09-22T06:52:21.046930+00:00,stable,6.428611,200,True,False
9a2d49d0,2026-09-22T06:52:21.080559+00:00,stable,6.450982,200,True,False
9a2d49d0,2026-09-22T06:52:21.115320+00:00,stable,7.370831,200,True,False
9a2d49d0,2026-09-22T06:52:21.149017+00:00,stable,7.590203,200,True,False
9a2d49d0,2026-09-22T06:52:21.177595+00:00,stable,2.891809,200,True,False
9a2d49d0,2026-09-22T06:52:21.213381+00:00,stable,5.677735,200,True,False
9a2d49d0,2026-09-22T06:52:21.247849+00:00,stable,6.996623,200,True,False
9a2d49d0,2026-09-22T06:52:21.280429+00:00,stable,6.06845,200,True,False
9a2d49d0,2026-09-22T06:52:21.314037+00:00,stable,6.039731,200,True,False
9a2d49d0,2026-09-22T06:52:21.346791+00:00,stable,5.651181,200,True,False
9a2d49d0,2026-09-22T06:52:21.376753+00:00,stable,2.66018,200,True,False
9a2d49d0,2026-09-22T06:52:21.411144+00:00,stable,3.435923,200,True,False
9a2d49d0,2026-09-22T06:52:21.447787+00:00,stable,6.91148,200,True,False
9a2d49d0,2026-09-22T06:52:21.478582+00:00,stable,4.63234,200,True,False
9a2d49d0,2026-09-22T06:52:21.511423+00:00,stable,3.703062,200,True,False
9a2d49d0,2026-09-22T06:52:21.545946+00:00,stable,4.60253,200,True,False
9a2d49d0,2026-09-22T06:52:21.577822+00:00,stable,3.954975,200,True,False
9a2d49d0,2026-09-22T06:52:21.614559+00:00,stable,6.836113,200,True,False
9a2d49d0,2026-09-22T06:52:21.644585+00:00,stable,3.250616,200,True,False
9a2d49d0,2026-09-22T06:52:21.677845+00:00,stable,3.121396,200,True,False
9a2d49d0,2026-09-22T06:52:21.710945+00:00,stable,2.902843,200,True,False
9a2d49d0,2026-09-22T06:52:21.746751+00:00,stable,6.421305,200,True,False
9a2d49d0,2026-09-22T06:52:21.776936+00:00,stable,2.856695,200,True,False
9a2d49d0,2026-09-22T06:52:21.812664+00:00,stable,5.480539,200,True,False
9a2d49d0,2026-09-22T06:52:21.843728+00:00,stable,2.905906,200,True,False
9a2d49d0,2026-09-22T06:52:21.877055+00:00,stable,2.959892,200,True,False
9a2d49d0,2026-09-22T06:52:21.910462+00:00,stable,3.081801,200,True,False
9a2d49d0,2026-09-22T06:52:21.944359+00:00,stable,3.069524,200,True,False
9a2d49d0,2026-09-22T06:52:21.979600+00:00,stable,5.142359,200,True,False
9a2d49d0,2026-09-22T06:52:22.012638+00:00,stable,5.639842,200,True,False
9a2d49d0,2026-09-22T06:52:22.043519+00:00,stable,3.147964,200,True,False
9a2d49d0,2026-09-22T06:52:22.078083+00:00,stable,3.731098,200,True,False
9a2d49d0,2026-09-22T06:52:22.112940+00:00,stable,5.320415,200,True,False
9a2d49d0,2026-09-22T06:52:22.146621+00:00,stable,5.978206,200,True,False
9a2d49d0,2026-09-22T06:52:22.179410+00:00,stable,5.126072,200,True,False
9a2d49d0,2026-09-22T06:52:22.210036+00:00,stable,2.970484,200,True,False
9a2d49d0,2026-09-22T06:52:22.243604+00:00,stable,3.190364,200,True,False
9a2d49d0,2026-09-22T06:52:22.278322+00:00,stable,4.143003,200,True,False
9a2d49d0,2026-09-22T06:52:22.311899+00:00,stable,4.663948,200,True,False
9a2d49d0,2026-09-22T06:52:22.347690+00:00,stable,7.089178,200,True,False
9a2d49d0,2026-09-22T06:52:22.377514+00:00,stable,3.163025,200,True,False
9a2d49d0,2026-09-22T06:52:22.410974+00:00,stable,3.816496,200,True,False
9a2d49d0,2026-09-22T06:52:22.451501+00:00,stable,10.937021,200,True,False
9a2d49d0,2026-09-22T06:52:22.479029+00:00,stable,4.662553,200,True,False
9a2d49d0,2026-09-22T06:52:22.510659+00:00,stable,2.91004,200,True,False
9a2d49d0,2026-09-22T06:52:22.546620+00:00,stable,5.529674,200,True,False
9a2d49d0,2026-09-22T06:52:22.578780+00:00,stable,4.599686,200,True,False
9a2d49d0,2026-09-22T06:52:22.611790+00:00,stable,4.42077,200,True,False
9a2d49d0,2026-09-22T06:52:22.644970+00:00,stable,3.728911,200,True,False
9a2d49d0,2026-09-22T06:52:22.675585+00:00,stable,5.004739,200,True,False
9a2d49d0,2026-09-22T06:52:22.709374+00:00,stable,4.913229,200,True,False
9a2d49d0,2026-09-22T06:52:22.748411+00:00,stable,11.103517,200,True,False
9a2d49d0,2026-09-22T06:52:22.778591+00:00,stable,7.313037,200,True,False
9a2d49d0,2026-09-22T06:52:22.812499+00:00,stable,7.868222,200,True,False
9a2d49d0,2026-09-22T06:52:22.843989+00:00,stable,5.784395,200,True,False
9a2d49d0,2026-09-22T06:52:22.875247+00:00,stable,4.133833,200,True,False
9a2d49d0,2026-09-22T06:52:22.907619+00:00,stable,3.736788,200,True,False
9a2d49d0,2026-09-22T06:52:22.943321+00:00,stable,5.297685,200,True,False
9a2d49d0,2026-09-22T06:52:22.976357+00:00,stable,4.912516,200,True,False
9a2d49d0,2026-09-22T06:52:23.009557+00:00,stable,5.054449,200,True,False
9a2d49d0,2026-09-22T06:52:23.042773+00:00,stable,5.375707,200,True,False
9a2d49d0,2026-09-22T06:52:23.075175+00:00,stable,4.085397,200,True,False
9a2d49d0,2026-09-22T06:52:23.109549+00:00,stable,5.592198,200,True,False
9a2d49d0,2026-09-22T06:52:23.141259+00:00,stable,3.118806,200,True,False
9a2d49d0,2026-09-22T06:52:23.174528+00:00,stable,3.63482,200,True,False
9a2d49d0,2026-09-22T06:52:23.209793+00:00,stable,4.713283,200,True,False
9a2d49d0,2026-09-22T06:52:23.243328+00:00,stable,5.475493,200,True,False
9a2d49d0,2026-09-22T06:52:23.275386+00:00,stable,4.432536,200,True,False
9a2d49d0,2026-09-22T06:52:23.342111+00:00,stable,4.364639,200,True,False
9a2d49d0,2026-09-22T06:52:23.347520+00:00,stable,43.584928,200,True,False
9a2d49d0,2026-09-22T06:52:23.374697+00:00,stable,3.473116,200,True,False
9a2d49d0,2026-09-22T06:52:23.408237+00:00,stable,3.470897,200,True,False
9a2d49d0,2026-09-22T06:52:23.440537+00:00,stable,2.945916,200,True,False
9a2d49d0,2026-09-22T06:52:23.476930+00:00,stable,6.280912,200,True,False
9a2d49d0,2026-09-22T06:52:23.509939+00:00,stable,5.610784,200,True,False
9a2d49d0,2026-09-22T06:52:23.540746+00:00,stable,2.989323,200,True,False
9a2d49d0,2026-09-22T06:52:23.573333+00:00,stable,2.829134,200,True,False
9a2d49d0,2026-09-22T06:52:23.610580+00:00,stable,6.353832,200,True,False
9a2d49d0,2026-09-22T06:52:23.645246+00:00,stable,7.505312,200,True,False
9a2d49d0,2026-09-22T06:52:23.696353+00:00,stable,16.756707,200,True,False
9a2d49d0,2026-09-22T06:52:23.710298+00:00,stable,5.283817,200,True,False
9a2d49d0,2026-09-22T06:52:23.744654+00:00,stable,5.911104,200,True,False
9a2d49d0,2026-09-22T06:52:23.773132+00:00,stable,2.676311,200,True,False
9a2d49d0,2026-09-22T06:52:23.807806+00:00,stable,3.115134,200,True,False
9a2d49d0,2026-09-22T06:52:23.840242+00:00,stable,3.062467,200,True,False
9a2d49d0,2026-09-22T06:52:23.873404+00:00,stable,2.912164,200,True,False
9a2d49d0,2026-09-22T06:52:23.906989+00:00,stable,3.003096,200,True,False
9a2d49d0,2026-09-22T06:52:23.942782+00:00,stable,5.235264,200,True,False
9a2d49d0,2026-09-22T06:52:23.976348+00:00,stable,5.338534,200,True,False
9a2d49d0,2026-09-22T06:52:24.008683+00:00,stable,3.591061,200,True,False
9a2d49d0,2026-09-22T06:52:24.044273+00:00,stable,6.177163,200,True,False
9a2d49d0,2026-09-22T06:52:24.078263+00:00,stable,7.205966,200,True,False
9a2d49d0,2026-09-22T06:52:24.110085+00:00,stable,6.057209,200,True,False
9a2d49d0,2026-09-22T06:52:24.143464+00:00,stable,6.02047,200,True,False
9a2d49d0,2026-09-22T06:52:24.174914+00:00,stable,3.627336,200,True,False
9a2d49d0,2026-09-22T06:52:24.208750+00:00,stable,4.048818,200,True,False
9a2d49d0,2026-09-22T06:52:24.242387+00:00,stable,5.239649,200,True,False
9a2d49d0,2026-09-22T06:52:24.296693+00:00,stable,5.863442,200,True,False
9a2d49d0,2026-09-22T06:52:24.310036+00:00,stable,5.536819,200,True,False
9a2d49d0,2026-09-22T06:52:24.342833+00:00,stable,5.369893,200,True,False
9a2d49d0,2026-09-22T06:52:24.373778+00:00,stable,3.072305,200,True,False
9a2d49d0,2026-09-22T06:52:24.408069+00:00,stable,3.329156,200,True,False
9a2d49d0,2026-09-22T06:52:24.444275+00:00,stable,6.456569,200,True,False
9a2d49d0,2026-09-22T06:52:24.476704+00:00,stable,5.263774,200,True,False
9a2d49d0,2026-09-22T06:52:24.508272+00:00,stable,3.574805,200,True,False
9a2d49d0,2026-09-22T06:52:24.542467+00:00,stable,4.648382,200,True,False
9a2d49d0,2026-09-22T06:52:24.574951+00:00,stable,3.570669,200,True,False
9a2d49d0,2026-09-22T06:52:24.609823+00:00,stable,5.850891,200,True,False
9a2d49d0,2026-09-22T06:52:24.641358+00:00,stable,4.004649,200,True,False
9a2d49d0,2026-09-22T06:52:24.674491+00:00,stable,3.434402,200,True,False
9a2d49d0,2026-09-22T06:52:24.745234+00:00,stable,34.964935,200,True,False
9a2d49d0,2026-09-22T06:52:24.746899+00:00,stable,9.234783,200,True,False
9a2d49d0,2026-09-22T06:52:24.775294+00:00,stable,4.25346,200,True,False
9a2d49d0,2026-09-22T06:52:24.807658+00:00,stable,3.624281,200,True,False
9a2d49d0,2026-09-22T06:52:24.844416+00:00,stable,7.303762,200,True,False
9a2d49d0,2026-09-22T06:52:24.875466+00:00,stable,3.870983,200,True,False
9a2d49d0,2026-09-22T06:52:24.947800+00:00,stable,7.529218,200,True,False
9a2d49d0,2026-09-22T06:52:25.043454+00:00,stable,102.085895,200,True,False
9a2d49d0,2026-09-22T06:52:25.046916+00:00,stable,6.501646,200,True,False
9a2d49d0,2026-09-22T06:52:25.054955+00:00,stable,13.169761,200,True,False
9a2d49d0,2026-09-22T06:52:25.055078+00:00,stable,13.685593,200,True,False
9a2d49d0,2026-09-22T06:52:25.144891+00:00,stable,3.890639,200,True,False
9a2d49d0,2026-09-22T06:52:25.147072+00:00,stable,6.345824,200,True,False
9a2d49d0,2026-09-22T06:52:25.147348+00:00,stable,7.328048,200,True,False
9a2d49d0,2026-09-22T06:52:25.178945+00:00,stable,7.336224,200,True,False
9a2d49d0,2026-09-22T06:52:25.239633+00:00,stable,35.613642,200,True,False
9a2d49d0,2026-09-22T06:52:25.244769+00:00,stable,4.57015,200,True,False
9a2d49d0,2026-09-22T06:52:25.274881+00:00,stable,4.216082,200,True,False
9a2d49d0,2026-09-22T06:52:25.308683+00:00,stable,3.921862,200,True,False
9a2d49d0,2026-09-22T06:52:25.342834+00:00,stable,5.222695,200,True,False
9a2d49d0,2026-09-22T06:52:25.375173+00:00,stable,4.302483,200,True,False
9a2d49d0,2026-09-22T06:52:25.407956+00:00,stable,4.135748,200,True,False
9a2d49d0,2026-09-22T06:52:25.444953+00:00,stable,7.444902,200,True,False
9a2d49d0,2026-09-22T06:52:25.478002+00:00,stable,7.038996,200,True,False
9a2d49d0,2026-09-22T06:52:25.511746+00:00,stable,7.701459,200,True,False
9a2d49d0,2026-09-22T06:52:25.543922+00:00,stable,6.762055,200,True,False
9a2d49d0,2026-09-22T06:52:25.577863+00:00,stable,6.946005,200,True,False
9a2d49d0,2026-09-22T06:52:25.611448+00:00,stable,7.618552,200,True,False
9a2d49d0,2026-09-22T06:52:25.658293+00:00,stable,20.225777,200,True,False
9a2d49d0,2026-09-22T06:52:25.675915+00:00,stable,4.406082,200,True,False
9a2d49d0,2026-09-22T06:52:25.708964+00:00,stable,4.237845,200,True,False
9a2d49d0,2026-09-22T06:52:25.744609+00:00,stable,7.105151,200,True,False
9a2d49d0,2026-09-22T06:52:25.777174+00:00,stable,6.591271,200,True,False
9a2d49d0,2026-09-22T06:52:25.811604+00:00,stable,6.807805,200,True,False
9a2d49d0,2026-09-22T06:52:25.848874+00:00,stable,10.764365,200,True,False
9a2d49d0,2026-09-22T06:52:25.875830+00:00,stable,4.881966,200,True,False
9a2d49d0,2026-09-22T06:52:25.910075+00:00,stable,5.153307,200,True,False
9a2d49d0,2026-09-22T06:52:25.945693+00:00,stable,7.96783,200,True,False
9a2d49d0,2026-09-22T06:52:25.980263+00:00,stable,8.711941,200,True,False
9a2d49d0,2026-09-22T06:52:26.008506+00:00,stable,4.518863,200,True,False
9a2d49d0,2026-09-22T06:52:26.041833+00:00,stable,4.34009,200,True,False
9a2d49d0,2026-09-22T06:52:26.075690+00:00,stable,4.28538,200,True,False
9a2d49d0,2026-09-22T06:52:26.110899+00:00,stable,7.076399,200,True,False
9a2d49d0,2026-09-22T06:52:26.144772+00:00,stable,7.191943,200,True,False
9a2d49d0,2026-09-22T06:52:26.176030+00:00,stable,4.652549,200,True,False
9a2d49d0,2026-09-22T06:52:26.213214+00:00,stable,8.660178,200,True,False
9a2d49d0,2026-09-22T06:52:26.245464+00:00,stable,7.38678,200,True,False
9a2d49d0,2026-09-22T06:52:26.275483+00:00,stable,3.907822,200,True,False
9a2d49d0,2026-09-22T06:52:26.308365+00:00,stable,4.024307,200,True,False
9a2d49d0,2026-09-22T06:52:26.345577+00:00,stable,7.760923,200,True,False
9a2d49d0,2026-09-22T06:52:26.374582+00:00,stable,3.943312,200,True,False
9a2d49d0,2026-09-22T06:52:26.410044+00:00,stable,5.438531,200,True,False
9a2d49d0,2026-09-22T06:52:26.442238+00:00,stable,4.346281,200,True,False
9a2d49d0,2026-09-22T06:52:26.476071+00:00,stable,5.016619,200,True,False
9a2d49d0,2026-09-22T06:52:26.510143+00:00,stable,6.149411,200,True,False
9a2d49d0,2026-09-22T06:52:26.546113+00:00,stable,8.452086,200,True,False
9a2d49d0,2026-09-22T06:52:26.584343+00:00,stable,3.646012,200,True,False
9a2d49d0,2026-09-22T06:52:26.611193+00:00,stable,7.300317,200,True,False
9a2d49d0,2026-09-22T06:52:26.646372+00:00,stable,8.541563,200,True,False
9a2d49d0,2026-09-22T06:52:26.677373+00:00,stable,6.160579,200,True,False
9a2d49d0,2026-09-22T06:52:26.739499+00:00,stable,35.641603,200,True,False
9a2d49d0,2026-09-22T06:52:26.751540+00:00,stable,4.922085,200,True,False
9a2d49d0,2026-09-22T06:52:26.848609+00:00,stable,4.006732,200,True,False
9a2d49d0,2026-09-22T06:52:26.848953+00:00,stable,4.337555,200,True,False
9a2d49d0,2026-09-22T06:52:26.849478+00:00,stable,4.862407,200,True,False
9a2d49d0,2026-09-22T06:52:26.940613+00:00,stable,68.996677,200,True,False
9a2d49d0,2026-09-22T06:52:26.945649+00:00,stable,5.812789,200,True,False
9a2d49d0,2026-09-22T06:52:26.951380+00:00,stable,11.54418,200,True,False
9a2d49d0,2026-09-22T06:52:26.982720+00:00,stable,7.408707,200,True,False
9a2d49d0,2026-09-22T06:52:27.009611+00:00,stable,4.967051,200,True,False
9a2d49d0,2026-09-22T06:52:27.045548+00:00,stable,7.35566,200,True,False
9a2d49d0,2026-09-22T06:52:27.079172+00:00,stable,7.944194,200,True,False
9a2d49d0,2026-09-22T06:52:27.145054+00:00,stable,7.697515,200,True,False
9a2d49d0,2026-09-22T06:52:27.176527+00:00,stable,5.27196,200,True,False
9a2d49d0,2026-09-22T06:52:27.341372+00:00,stable,136.574149,200,True,False
9a2d49d0,2026-09-22T06:52:27.357610+00:00,stable,253.607441,200,True,True
9a2d49d0,2026-09-22T06:52:27.362392+00:00,stable,122.929524,200,True,False
9a2d49d0,2026-09-22T06:52:27.366187+00:00,stable,26.084239,200,True,False
9a2d49d0,2026-09-22T06:52:27.366626+00:00,stable,20.846457,200,True,False
9a2d49d0,2026-09-22T06:52:27.378901+00:00,stable,7.707526,200,True,False
9a2d49d0,2026-09-22T06:52:27.451878+00:00,stable,9.364945,200,True,False
9a2d49d0,2026-09-22T06:52:27.459780+00:00,stable,119.677285,200,True,False
9a2d49d0,2026-09-22T06:52:27.469950+00:00,stable,27.46618,200,True,False
9a2d49d0,2026-09-22T06:52:27.484785+00:00,stable,13.824613,200,True,False
9a2d49d0,2026-09-22T06:52:27.511942+00:00,stable,6.908448,200,True,False
9a2d49d0,2026-09-22T06:52:27.547046+00:00,stable,6.187993,200,True,False
9a2d49d0,2026-09-22T06:52:27.581135+00:00,stable,8.888092,200,True,False
9a2d49d0,2026-09-22T06:52:27.645244+00:00,stable,7.457132,200,True,False
9a2d49d0,2026-09-22T06:52:27.645621+00:00,stable,41.463966,200,True,False
9a2d49d0,2026-09-22T06:52:27.676791+00:00,stable,5.268969,200,True,False
9a2d49d0,2026-09-22T06:52:27.710523+00:00,stable,5.710762,200,True,False
9a2d49d0,2026-09-22T06:52:27.746972+00:00,stable,8.773506,200,True,False
9a2d49d0,2026-09-22T06:52:27.776758+00:00,stable,5.008853,200,True,False
9a2d49d0,2026-09-22T06:52:27.811011+00:00,stable,6.026315,200,True,False
9a2d49d0,2026-09-22T06:52:27.845115+00:00,stable,7.361578,200,True,False
9a2d49d0,2026-09-22T06:52:27.876140+00:00,stable,4.77066,200,True,False
9a2d49d0,2026-09-22T06:52:27.908742+00:00,stable,4.697682,200,True,False
9a2d49d0,2026-09-22T06:52:27.948668+00:00,stable,11.167195,200,True,False
9a2d49d0,2026-09-22T06:52:27.976288+00:00,stable,5.070965,200,True,False
9a2d49d0,2026-09-22T06:52:28.012444+00:00,stable,8.083247,200,True,False
9a2d49d0,2026-09-22T06:52:28.046886+00:00,stable,8.725339,200,True,False
9a2d49d0,2026-09-22T06:52:28.146844+00:00,stable,75.562727,200,True,False
9a2d49d0,2026-09-22T06:52:28.147453+00:00,stable,7.108151,200,True,False
9a2d49d0,2026-09-22T06:52:28.151903+00:00,stable,11.840078,200,True,False
9a2d49d0,2026-09-22T06:52:28.176986+00:00,stable,6.269453,200,True,False
9a2d49d0,2026-09-22T06:52:28.210723+00:00,stable,5.789803,200,True,False
9a2d49d0,2026-09-22T06:52:28.243263+00:00,stable,4.907689,200,True,False
9a2d49d0,2026-09-22T06:52:28.276155+00:00,stable,4.774695,200,True,False
9a2d49d0,2026-09-22T06:52:28.309066+00:00,stable,4.796461,200,True,False
9a2d49d0,2026-09-22T06:52:28.346731+00:00,stable,7.905666,200,True,False
9a2d49d0,2026-09-22T06:52:28.376195+00:00,stable,5.420742,200,True,False
9a2d49d0,2026-09-22T06:52:28.407946+00:00,stable,3.945537,200,True,False
9a2d49d0,2026-09-22T06:52:28.444094+00:00,stable,6.509045,200,True,False
9a2d49d0,2026-09-22T06:52:28.479751+00:00,stable,8.180184,200,True,False
9a2d49d0,2026-09-22T06:52:28.509301+00:00,stable,4.832004,200,True,False
9a2d49d0,2026-09-22T06:52:28.544829+00:00,stable,6.666641,200,True,False
9a2d49d0,2026-09-22T06:52:28.578637+00:00,stable,6.81237,200,True,False
9a2d49d0,2026-09-22T06:52:28.608873+00:00,stable,4.764538,200,True,False
9a2d49d0,2026-09-22T06:52:28.643084+00:00,stable,5.597035,200,True,False
9a2d49d0,2026-09-22T06:52:28.676781+00:00,stable,5.524782,200,True,False
9a2d49d0,2026-09-22T06:52:28.709892+00:00,stable,5.991801,200,True,False
9a2d49d0,2026-09-22T06:52:28.747991+00:00,stable,10.008738,200,True,False
9a2d49d0,2026-09-22T06:52:28.776329+00:00,stable,5.068539,200,True,False
9a2d49d0,2026-09-22T06:52:28.809232+00:00,stable,4.943102,200,True,False
9a2d49d0,2026-09-22T06:52:28.841117+00:00,stable,3.008367,200,True,False
9a2d49d0,2026-09-22T06:52:28.874829+00:00,stable,3.847401,200,True,False
9a2d49d0,2026-09-22T06:52:28.910978+00:00,stable,5.633698,200,True,False
9a2d49d0,2026-09-22T06:52:28.942717+00:00,stable,4.875285,200,True,False
9a2d49d0,2026-09-22T06:52:28.975726+00:00,stable,4.294634,200,True,False
9a2d49d0,2026-09-22T06:52:29.007874+00:00,stable,3.070762,200,True,False
9a2d49d0,2026-09-22T06:52:29.040604+00:00,stable,3.17579,200,True,False
9a2d49d0,2026-09-22T06:52:29.074867+00:00,stable,3.48804,200,True,False
9a2d49d0,2026-09-22T06:52:29.108933+00:00,stable,4.093977,200,True,False
9a2d49d0,2026-09-22T06:52:29.144417+00:00,stable,6.793522,200,True,False
9a2d49d0,2026-09-22T06:52:29.174468+00:00,stable,3.260326,200,True,False
9a2d49d0,2026-09-22T06:52:29.208411+00:00,stable,4.027085,200,True,False
9a2d49d0,2026-09-22T06:52:29.244225+00:00,stable,6.304428,200,True,False
9a2d49d0,2026-09-22T06:52:29.275120+00:00,stable,3.793005,200,True,False
9a2d49d0,2026-09-22T06:52:29.308116+00:00,stable,3.346032,200,True,False
9a2d49d0,2026-09-22T06:52:29.342673+00:00,stable,5.079276,200,True,False
9a2d49d0,2026-09-22T06:52:29.374338+00:00,stable,3.425181,200,True,False
9a2d49d0,2026-09-22T06:52:29.407226+00:00,stable,3.336899,200,True,False
9a2d49d0,2026-09-22T06:52:29.442114+00:00,stable,4.255794,200,True,False
9a2d49d0,2026-09-22T06:52:29.475427+00:00,stable,4.233159,200,True,False
9a2d49d0,2026-09-22T06:52:29.509638+00:00,stable,5.351765,200,True,False
9a2d49d0,2026-09-22T06:52:29.543246+00:00,stable,5.047435,200,True,False
9a2d49d0,2026-09-22T06:52:29.574098+00:00,stable,2.788033,200,True,False
9a2d49d0,2026-09-22T06:52:29.609294+00:00,stable,5.223901,200,True,False
9a2d49d0,2026-09-22T06:52:29.643884+00:00,stable,5.726233,200,True,False
9a2d49d0,2026-09-22T06:52:29.676093+00:00,stable,5.218685,200,True,False
9a2d49d0,2026-09-22T06:52:29.707560+00:00,stable,3.533443,200,True,False
9a2d49d0,2026-09-22T06:52:29.741291+00:00,stable,3.295615,200,True,False
9a2d49d0,2026-09-22T06:52:29.774745+00:00,stable,3.567242,200,True,False
9a2d49d0,2026-09-22T06:52:29.807905+00:00,stable,3.460175,200,True,False
9a2d49d0,2026-09-22T06:52:29.840541+00:00,stable,3.076773,200,True,False
9a2d49d0,2026-09-22T06:52:29.874484+00:00,stable,3.22678,200,True,False
9a2d49d0,2026-09-22T06:52:29.908876+00:00,stable,4.182928,200,True,False
9a2d49d0,2026-09-22T06:52:29.946484+00:00,stable,9.114347,200,True,False
9a2d49d0,2026-09-22T06:52:30.009270+00:00,stable,3.376058,200,True,False
9a2d49d0,2026-09-22T06:52:30.044594+00:00,stable,73.627711,200,True,False
9a2d49d0,2026-09-22T06:52:30.052253+00:00,stable,13.000058,200,True,False
9a2d49d0,2026-09-22T06:52:30.076293+00:00,stable,5.262635,200,True,False
9a2d49d0,2026-09-22T06:52:30.109763+00:00,stable,5.40328,200,True,False
9a2d49d0,2026-09-22T06:52:30.141351+00:00,stable,3.56835,200,True,False
9a2d49d0,2026-09-22T06:52:30.175052+00:00,stable,3.545382,200,True,False
9a2d49d0,2026-09-22T06:52:30.209783+00:00,stable,5.879567,200,True,False
9a2d49d0,2026-09-22T06:52:30.256873+00:00,stable,18.712858,200,True,False
9a2d49d0,2026-09-22T06:52:30.276633+00:00,stable,5.769042,200,True,False
9a2d49d0,2026-09-22T06:52:30.342114+00:00,stable,3.714786,200,True,False
9a2d49d0,2026-09-22T06:52:30.358888+00:00,stable,54.325565,200,True,False
9a2d49d0,2026-09-22T06:52:30.373945+00:00,stable,3.264895,200,True,False
9a2d49d0,2026-09-22T06:52:30.409647+00:00,stable,5.856218,200,True,False
9a2d49d0,2026-09-22T06:52:30.445804+00:00,stable,7.695292,200,True,False
9a2d49d0,2026-09-22T06:52:30.477885+00:00,stable,4.979906,200,True,False
9a2d49d0,2026-09-22T06:52:30.507996+00:00,stable,3.152513,200,True,False
9a2d49d0,2026-09-22T06:52:30.541225+00:00,stable,3.698012,200,True,False
9a2d49d0,2026-09-22T06:52:30.574806+00:00,stable,3.650377,200,True,False
9a2d49d0,2026-09-22T06:52:30.609650+00:00,stable,4.909405,200,True,False
9a2d49d0,2026-09-22T06:52:30.643111+00:00,stable,4.935965,200,True,False
9a2d49d0,2026-09-22T06:52:30.674366+00:00,stable,3.527637,200,True,False
9a2d49d0,2026-09-22T06:52:30.707983+00:00,stable,3.645065,200,True,False
9a2d49d0,2026-09-22T06:52:30.742994+00:00,stable,5.51947,200,True,False
9a2d49d0,2026-09-22T06:52:30.774594+00:00,stable,3.411859,200,True,False
9a2d49d0,2026-09-22T06:52:30.807979+00:00,stable,3.213995,200,True,False
9a2d49d0,2026-09-22T06:52:30.844974+00:00,stable,7.274773,200,True,False
9a2d49d0,2026-09-22T06:52:30.874730+00:00,stable,3.510845,200,True,False
9a2d49d0,2026-09-22T06:52:30.908262+00:00,stable,3.653486,200,True,False
9a2d49d0,2026-09-22T06:52:30.941562+00:00,stable,3.802504,200,True,False
9a2d49d0,2026-09-22T06:52:30.974918+00:00,stable,3.457315,200,True,False
9a2d49d0,2026-09-22T06:52:31.011531+00:00,stable,6.631601,200,True,False
9a2d49d0,2026-09-22T06:52:31.043419+00:00,stable,5.381745,200,True,False
9a2d49d0,2026-09-22T06:52:31.075509+00:00,stable,3.80056,200,True,False
9a2d49d0,2026-09-22T06:52:31.110304+00:00,stable,6.014564,200,True,False
9a2d49d0,2026-09-22T06:52:31.148200+00:00,stable,9.922532,200,True,False
9a2d49d0,2026-09-22T06:52:31.177102+00:00,stable,5.904967,200,True,False
9a2d49d0,2026-09-22T06:52:31.207472+00:00,stable,3.599176,200,True,False
9a2d49d0,2026-09-22T06:52:31.241588+00:00,stable,3.606814,200,True,False
9a2d49d0,2026-09-22T06:52:31.274851+00:00,stable,3.728308,200,True,False
9a2d49d0,2026-09-22T06:52:31.308278+00:00,stable,3.72534,200,True,False
9a2d49d0,2026-09-22T06:52:31.341638+00:00,stable,3.839746,200,True,False
9a2d49d0,2026-09-22T06:52:31.375480+00:00,stable,4.087091,200,True,False
9a2d49d0,2026-09-22T06:52:31.408192+00:00,stable,3.411419,200,True,False
9a2d49d0,2026-09-22T06:52:31.447381+00:00,stable,9.250526,200,True,False
9a2d49d0,2026-09-22T06:52:31.476156+00:00,stable,4.750204,200,True,False
9a2d49d0,2026-09-22T06:52:31.509127+00:00,stable,5.055605,200,True,False
9a2d49d0,2026-09-22T06:52:31.543498+00:00,stable,5.843303,200,True,False
9a2d49d0,2026-09-22T06:52:31.576086+00:00,stable,4.792372,200,True,False
9a2d49d0,2026-09-22T06:52:31.609498+00:00,stable,4.75477,200,True,False
9a2d49d0,2026-09-22T06:52:31.641114+00:00,stable,3.163971,200,True,False
9a2d49d0,2026-09-22T06:52:31.674534+00:00,stable,3.46224,200,True,False
9a2d49d0,2026-09-22T06:52:31.710137+00:00,stable,5.591537,200,True,False
9a2d49d0,2026-09-22T06:52:31.742529+00:00,stable,4.494691,200,True,False
9a2d49d0,2026-09-22T06:52:31.776646+00:00,stable,5.171232,200,True,False
9a2d49d0,2026-09-22T06:52:31.808550+00:00,stable,4.061424,200,True,False
9a2d49d0,2026-09-22T06:52:31.846198+00:00,stable,7.93608,200,True,False
9a2d49d0,2026-09-22T06:52:31.874719+00:00,stable,3.697362,200,True,False
9a2d49d0,2026-09-22T06:52:31.908132+00:00,stable,4.161653,200,True,False
9a2d49d0,2026-09-22T06:52:31.956718+00:00,stable,18.87919,200,True,False
9a2d49d0,2026-09-22T06:52:31.977213+00:00,stable,5.749577,200,True,False
9a2d49d0,2026-09-22T06:52:32.007432+00:00,stable,3.328243,200,True,False
9a2d49d0,2026-09-22T06:52:32.041386+00:00,stable,3.242126,200,True,False
9a2d49d0,2026-09-22T06:52:32.074407+00:00,stable,3.410064,200,True,False
9a2d49d0,2026-09-22T06:52:32.107500+00:00,stable,3.344901,200,True,False
9a2d49d0,2026-09-22T06:52:32.143060+00:00,stable,5.185177,200,True,False
9a2d49d0,2026-09-22T06:52:32.173868+00:00,stable,2.815439,200,True,False
9a2d49d0,2026-09-22T06:52:32.207406+00:00,stable,2.738498,200,True,False
9a2d49d0,2026-09-22T06:52:32.243076+00:00,stable,4.90747,200,True,False
9a2d49d0,2026-09-22T06:52:32.273744+00:00,stable,2.755163,200,True,False
9a2d49d0,2026-09-22T06:52:32.307336+00:00,stable,2.774962,200,True,False
9a2d49d0,2026-09-22T06:52:32.343237+00:00,stable,5.228977,200,True,False
9a2d49d0,2026-09-22T06:52:32.374245+00:00,stable,2.928567,200,True,False
9a2d49d0,2026-09-22T06:52:32.407245+00:00,stable,2.821654,200,True,False
9a2d49d0,2026-09-22T06:52:32.441455+00:00,stable,3.685489,200,True,False
9a2d49d0,2026-09-22T06:52:32.474387+00:00,stable,2.896149,200,True,False
9a2d49d0,2026-09-22T06:52:32.507817+00:00,stable,3.96472,200,True,False
9a2d49d0,2026-09-22T06:52:32.542564+00:00,stable,5.173457,200,True,False
9a2d49d0,2026-09-22T06:52:32.574812+00:00,stable,3.292947,200,True,False
9a2d49d0,2026-09-22T06:52:32.614213+00:00,stable,8.412588,200,True,False
9a2d49d0,2026-09-22T06:52:32.641723+00:00,stable,4.625636,200,True,False
9a2d49d0,2026-09-22T06:52:32.676454+00:00,stable,4.935019,200,True,False
9a2d49d0,2026-09-22T06:52:32.707063+00:00,stable,3.209878,200,True,False
9a2d49d0,2026-09-22T06:52:32.741087+00:00,stable,3.268487,200,True,False
9a2d49d0,2026-09-22T06:52:32.775546+00:00,stable,4.372691,200,True,False
9a2d49d0,2026-09-22T06:52:32.808446+00:00,stable,4.018152,200,True,False
9a2d49d0,2026-09-22T06:52:32.841133+00:00,stable,2.866532,200,True,False
9a2d49d0,2026-09-22T06:52:32.877213+00:00,stable,6.136558,200,True,False
9a2d49d0,2026-09-22T06:52:32.907684+00:00,stable,3.417079,200,True,False
9a2d49d0,2026-09-22T06:52:32.941640+00:00,stable,4.223095,200,True,False
9a2d49d0,2026-09-22T06:52:32.974095+00:00,stable,2.922136,200,True,False
9a2d49d0,2026-09-22T06:52:33.010325+00:00,stable,6.188208,200,True,False
9a2d49d0,2026-09-22T06:52:33.043406+00:00,stable,5.603649,200,True,False
9a2d49d0,2026-09-22T06:52:33.075978+00:00,stable,4.563493,200,True,False
9a2d49d0,2026-09-22T06:52:33.108546+00:00,stable,4.665925,200,True,False
9a2d49d0,2026-09-22T06:52:33.139829+00:00,stable,2.588263,200,True,False
9a2d49d0,2026-09-22T06:52:33.176493+00:00,stable,5.872433,200,True,False
9a2d49d0,2026-09-22T06:52:33.211973+00:00,stable,7.160487,200,True,False
9a2d49d0,2026-09-22T06:52:33.243901+00:00,stable,5.963993,200,True,False
9a2d49d0,2026-09-22T06:52:33.276000+00:00,stable,4.914846,200,True,False
9a2d49d0,2026-09-22T06:52:33.308045+00:00,stable,4.106528,200,True,False
9a2d49d0,2026-09-22T06:52:33.342029+00:00,stable,4.535535,200,True,False
9a2d49d0,2026-09-22T06:52:33.373784+00:00,stable,2.854884,200,True,False
9a2d49d0,2026-09-22T06:52:33.408678+00:00,stable,4.772431,200,True,False
9a2d49d0,2026-09-22T06:52:33.441679+00:00,stable,4.239485,200,True,False
9a2d49d0,2026-09-22T06:52:33.476378+00:00,stable,4.870122,200,True,False
9a2d49d0,2026-09-22T06:52:33.507578+00:00,stable,3.413767,200,True,False
9a2d49d0,2026-09-22T06:52:33.540492+00:00,stable,3.184262,200,True,False
9a2d49d0,2026-09-22T06:52:33.574288+00:00,stable,2.956855,200,True,False
9a2d49d0,2026-09-22T06:52:33.608209+00:00,stable,4.113626,200,True,False
9a2d49d0,2026-09-22T06:52:33.643662+00:00,stable,5.64768,200,True,False
9a2d49d0,2026-09-22T06:52:33.673733+00:00,stable,2.999938,200,True,False
9a2d49d0,2026-09-22T06:52:33.707413+00:00,stable,2.637255,200,True,False
9a2d49d0,2026-09-22T06:52:33.756423+00:00,stable,18.359258,200,True,False
9a2d49d0,2026-09-22T06:52:33.773844+00:00,stable,2.808302,200,True,False
9a2d49d0,2026-09-22T06:52:33.809410+00:00,stable,5.578689,200,True,False
9a2d49d0,2026-09-22T06:52:33.842660+00:00,stable,4.649117,200,True,False
9a2d49d0,2026-09-22T06:52:33.873496+00:00,stable,2.580011,200,True,False
9a2d49d0,2026-09-22T06:52:33.907485+00:00,stable,2.74842,200,True,False
9a2d49d0,2026-09-22T06:52:33.943680+00:00,stable,4.308538,200,True,False
9a2d49d0,2026-09-22T06:52:33.973694+00:00,stable,2.90165,200,True,False
9a2d49d0,2026-09-22T06:52:34.009499+00:00,stable,4.818702,200,True,False
9a2d49d0,2026-09-22T06:52:34.043249+00:00,stable,5.2069,200,True,False
9a2d49d0,2026-09-22T06:52:34.073987+00:00,stable,2.775739,200,True,False
9a2d49d0,2026-09-22T06:52:34.108907+00:00,stable,5.006107,200,True,False
9a2d49d0,2026-09-22T06:52:34.141811+00:00,stable,4.145983,200,True,False
9a2d49d0,2026-09-22T06:52:34.175702+00:00,stable,4.914004,200,True,False
9a2d49d0,2026-09-22T06:52:34.208178+00:00,stable,3.299999,200,True,False
9a2d49d0,2026-09-22T06:52:34.240544+00:00,stable,2.730438,200,True,False
9a2d49d0,2026-09-22T06:52:34.275950+00:00,stable,2.511616,200,True,False
9a2d49d0,2026-09-22T06:52:34.308072+00:00,stable,3.474307,200,True,False
9a2d49d0,2026-09-22T06:52:34.340685+00:00,stable,3.208604,200,True,False
9a2d49d0,2026-09-22T06:52:34.374871+00:00,stable,3.421092,200,True,False
9a2d49d0,2026-09-22T06:52:34.410336+00:00,stable,6.367478,200,True,False
9a2d49d0,2026-09-22T06:52:34.442129+00:00,stable,4.949098,200,True,False
9a2d49d0,2026-09-22T06:52:34.473749+00:00,stable,2.877885,200,True,False
9a2d49d0,2026-09-22T06:52:34.509217+00:00,stable,4.612841,200,True,False
9a2d49d0,2026-09-22T06:52:34.542843+00:00,stable,5.11171,200,True,False
9a2d49d0,2026-09-22T06:52:34.575994+00:00,stable,5.240519,200,True,False
9a2d49d0,2026-09-22T06:52:34.608123+00:00,stable,4.276729,200,True,False
9a2d49d0,2026-09-22T06:52:34.640809+00:00,stable,3.266145,200,True,False
9a2d49d0,2026-09-22T06:52:34.675721+00:00,stable,4.287379,200,True,False
9a2d49d0,2026-09-22T06:52:34.709156+00:00,stable,4.663153,200,True,False
9a2d49d0,2026-09-22T06:52:34.743795+00:00,stable,5.567912,200,True,False
9a2d49d0,2026-09-22T06:52:34.775948+00:00,stable,5.274486,200,True,False
9a2d49d0,2026-09-22T06:52:34.809201+00:00,stable,5.28442,200,True,False
9a2d49d0,2026-09-22T06:52:34.845985+00:00,stable,7.890857,200,True,False
9a2d49d0,2026-09-22T06:52:34.874746+00:00,stable,3.709427,200,True,False
9a2d49d0,2026-09-22T06:52:34.910365+00:00,stable,5.657313,200,True,False
9a2d49d0,2026-09-22T06:52:34.943825+00:00,stable,5.92917,200,True,False
9a2d49d0,2026-09-22T06:52:34.975325+00:00,stable,4.619007,200,True,False
9a2d49d0,2026-09-22T06:52:35.007033+00:00,stable,3.056841,200,True,False
9a2d49d0,2026-09-22T06:52:35.040402+00:00,stable,2.576451,200,True,False
9a2d49d0,2026-09-22T06:52:35.075721+00:00,stable,4.256909,200,True,False
9a2d49d0,2026-09-22T06:52:35.108371+00:00,stable,4.189168,200,True,False
9a2d49d0,2026-09-22T06:52:35.142963+00:00,stable,4.859079,200,True,False
9a2d49d0,2026-09-22T06:52:35.176517+00:00,stable,3.202215,200,True,False
9a2d49d0,2026-09-22T06:52:35.240996+00:00,stable,36.499242,200,True,False
9a2d49d0,2026-09-22T06:52:35.243654+00:00,stable,5.494402,200,True,False
9a2d49d0,2026-09-22T06:52:35.275072+00:00,stable,3.373435,200,True,False
9a2d49d0,2026-09-22T06:52:35.309468+00:00,stable,5.219106,200,True,False
9a2d49d0,2026-09-22T06:52:35.341276+00:00,stable,4.106421,200,True,False
9a2d49d0,2026-09-22T06:52:35.374530+00:00,stable,3.044465,200,True,False
9a2d49d0,2026-09-22T06:52:35.408248+00:00,stable,3.726174,200,True,False
9a2d49d0,2026-09-22T06:52:35.442105+00:00,stable,4.226927,200,True,False
9a2d49d0,2026-09-22T06:52:35.475512+00:00,stable,4.243604,200,True,False
9a2d49d0,2026-09-22T06:52:35.509776+00:00,stable,5.463933,200,True,False
9a2d49d0,2026-09-22T06:52:35.542288+00:00,stable,4.951322,200,True,False
9a2d49d0,2026-09-22T06:52:35.575381+00:00,stable,3.927756,200,True,False
9a2d49d0,2026-09-22T06:52:35.621784+00:00,stable,16.926756,200,True,False
9a2d49d0,2026-09-22T06:52:35.658042+00:00,stable,19.791969,200,True,False
9a2d49d0,2026-09-22T06:52:35.676589+00:00,stable,5.680059,200,True,False
9a2d49d0,2026-09-22T06:52:35.707406+00:00,stable,2.925991,200,True,False
9a2d49d0,2026-09-22T06:52:35.740470+00:00,stable,3.295658,200,True,False
9a2d49d0,2026-09-22T06:52:35.773121+00:00,stable,2.550269,200,True,False
9a2d49d0,2026-09-22T06:52:35.807016+00:00,stable,2.966677,200,True,False
9a2d49d0,2026-09-22T06:52:35.841375+00:00,stable,3.80452,200,True,False
9a2d49d0,2026-09-22T06:52:35.874360+00:00,stable,2.995048,200,True,False
9a2d49d0,2026-09-22T06:52:35.907523+00:00,stable,2.964604,200,True,False
9a2d49d0,2026-09-22T06:52:35.957974+00:00,stable,19.634123,200,True,False
9a2d49d0,2026-09-22T06:52:35.974129+00:00,stable,3.509322,200,True,False
9a2d49d0,2026-09-22T06:52:36.012900+00:00,stable,7.004748,200,True,False
9a2d49d0,2026-09-22T06:52:36.044318+00:00,stable,6.511056,200,True,False
9a2d49d0,2026-09-22T06:52:36.076409+00:00,stable,5.355522,200,True,False
9a2d49d0,2026-09-22T06:52:36.111642+00:00,stable,6.663731,200,True,False
9a2d49d0,2026-09-22T06:52:36.141640+00:00,stable,3.366222,200,True,False
9a2d49d0,2026-09-22T06:52:36.173714+00:00,stable,2.93593,200,True,False
9a2d49d0,2026-09-22T06:52:36.209677+00:00,stable,4.959776,200,True,False
9a2d49d0,2026-09-22T06:52:36.243035+00:00,stable,4.805708,200,True,False
9a2d49d0,2026-09-22T06:52:36.276276+00:00,stable,5.336322,200,True,False
9a2d49d0,2026-09-22T06:52:36.306908+00:00,stable,2.968697,200,True,False
9a2d49d0,2026-09-22T06:52:36.341505+00:00,stable,4.101895,200,True,False
9a2d49d0,2026-09-22T06:52:36.374068+00:00,stable,2.836222,200,True,False
9a2d49d0,2026-09-22T06:52:36.410053+00:00,stable,5.166354,200,True,False
9a2d49d0,2026-09-22T06:52:36.443222+00:00,stable,5.380927,200,True,False
9a2d49d0,2026-09-22T06:52:36.477322+00:00,stable,6.136506,200,True,False
9a2d49d0,2026-09-22T06:52:36.507162+00:00,stable,2.759507,200,True,False
9a2d49d0,2026-09-22T06:52:36.541255+00:00,stable,3.558987,200,True,False
9a2d49d0,2026-09-22T06:52:36.576961+00:00,stable,5.356925,200,True,False
9a2d49d0,2026-09-22T06:52:36.609170+00:00,stable,4.823546,200,True,False
9a2d49d0,2026-09-22T06:52:36.642099+00:00,stable,4.508648,200,True,False
9a2d49d0,2026-09-22T06:52:36.673661+00:00,stable,2.732028,200,True,False
9a2d49d0,2026-09-22T06:52:36.708061+00:00,stable,3.458673,200,True,False
9a2d49d0,2026-09-22T06:52:36.742242+00:00,stable,4.759174,200,True,False
9a2d49d0,2026-09-22T06:52:36.774026+00:00,stable,3.054741,200,True,False
9a2d49d0,2026-09-22T06:52:36.807770+00:00,stable,3.785841,200,True,False
9a2d49d0,2026-09-22T06:52:36.843131+00:00,stable,4.888983,200,True,False
9a2d49d0,2026-09-22T06:52:36.874864+00:00,stable,3.613049,200,True,False
9a2d49d0,2026-09-22T06:52:36.908202+00:00,stable,3.514103,200,True,False
9a2d49d0,2026-09-22T06:52:36.941048+00:00,stable,3.369667,200,True,False
9a2d49d0,2026-09-22T06:52:36.974309+00:00,stable,3.313205,200,True,False
9a2d49d0,2026-09-22T06:52:37.011590+00:00,stable,7.0443,200,True,False
9a2d49d0,2026-09-22T06:52:37.042308+00:00,stable,4.249849,200,True,False
9a2d49d0,2026-09-22T06:52:37.077004+00:00,stable,5.959117,200,True,False
9a2d49d0,2026-09-22T06:52:37.112331+00:00,stable,6.169789,200,True,False
9a2d49d0,2026-09-22T06:52:37.143990+00:00,stable,6.111303,200,True,False
9a2d49d0,2026-09-22T06:52:37.175774+00:00,stable,4.928737,200,True,False
9a2d49d0,2026-09-22T06:52:37.207904+00:00,stable,3.325418,200,True,False
9a2d49d0,2026-09-22T06:52:37.241827+00:00,stable,4.346471,200,True,False
9a2d49d0,2026-09-22T06:52:37.275664+00:00,stable,4.494082,200,True,False
9a2d49d0,2026-09-22T06:52:37.308147+00:00,stable,3.098837,200,True,False
9a2d49d0,2026-09-22T06:52:37.342604+00:00,stable,4.479236,200,True,False
9a2d49d0,2026-09-22T06:52:37.375351+00:00,stable,3.82985,200,True,False
9a2d49d0,2026-09-22T06:52:37.407649+00:00,stable,3.599721,200,True,False
9a2d49d0,2026-09-22T06:52:37.443659+00:00,stable,5.444635,200,True,False
9a2d49d0,2026-09-22T06:52:37.474506+00:00,stable,3.510677,200,True,False
9a2d49d0,2026-09-22T06:52:37.511724+00:00,stable,6.910102,200,True,False
9a2d49d0,2026-09-22T06:52:37.546410+00:00,stable,5.743668,200,True,False
9a2d49d0,2026-09-22T06:52:37.578381+00:00,stable,5.412916,200,True,False
9a2d49d0,2026-09-22T06:52:37.643792+00:00,stable,39.81483,200,True,False
9a2d49d0,2026-09-22T06:52:37.644012+00:00,stable,4.73511,200,True,False
9a2d49d0,2026-09-22T06:52:37.674288+00:00,stable,3.37533,200,True,False
9a2d49d0,2026-09-22T06:52:37.737490+00:00,stable,33.416861,200,True,False
9a2d49d0,2026-09-22T06:52:37.744838+00:00,stable,7.287077,200,True,False
9a2d49d0,2026-09-22T06:52:37.778700+00:00,stable,7.467623,200,True,False
9a2d49d0,2026-09-22T06:52:37.808962+00:00,stable,4.204158,200,True,False
9a2d49d0,2026-09-22T06:52:37.844907+00:00,stable,7.336942,200,True,False
9a2d49d0,2026-09-22T06:52:37.875601+00:00,stable,4.774841,200,True,False
9a2d49d0,2026-09-22T06:52:37.910658+00:00,stable,6.333048,200,True,False
9a2d49d0,2026-09-22T06:52:37.943531+00:00,stable,6.006042,200,True,False
9a2d49d0,2026-09-22T06:52:37.986231+00:00,stable,11.674502,200,True,False
9a2d49d0,2026-09-22T06:52:38.009922+00:00,stable,5.040732,200,True,False
9a2d49d0,2026-09-22T06:52:38.043070+00:00,stable,5.049192,200,True,False
9a2d49d0,2026-09-22T06:52:38.075941+00:00,stable,4.839065,200,True,False
9a2d49d0,2026-09-22T06:52:38.109269+00:00,stable,4.473919,200,True,False
9a2d49d0,2026-09-22T06:52:38.144595+00:00,stable,6.590913,200,True,False
9a2d49d0,2026-09-22T06:52:38.178086+00:00,stable,6.786284,200,True,False
9a2d49d0,2026-09-22T06:52:38.209614+00:00,stable,4.818512,200,True,False
9a2d49d0,2026-09-22T06:52:38.245016+00:00,stable,6.982139,200,True,False
9a2d49d0,2026-09-22T06:52:38.276326+00:00,stable,5.083432,200,True,False
9a2d49d0,2026-09-22T06:52:38.309614+00:00,stable,4.953227,200,True,False
9a2d49d0,2026-09-22T06:52:38.345102+00:00,stable,6.862681,200,True,False
9a2d49d0,2026-09-22T06:52:38.376068+00:00,stable,4.804066,200,True,False
9a2d49d0,2026-09-22T06:52:38.409158+00:00,stable,4.860733,200,True,False
9a2d49d0,2026-09-22T06:52:38.442553+00:00,stable,4.880487,200,True,False
9a2d49d0,2026-09-22T06:52:38.474605+00:00,stable,3.970093,200,True,False
9a2d49d0,2026-09-22T06:52:38.511064+00:00,stable,6.36002,200,True,False
9a2d49d0,2026-09-22T06:52:38.544813+00:00,stable,6.948656,200,True,False
9a2d49d0,2026-09-22T06:52:38.591505+00:00,stable,4.104645,200,True,False
9a2d49d0,2026-09-22T06:52:38.609923+00:00,stable,5.391334,200,True,False
9a2d49d0,2026-09-22T06:52:38.643195+00:00,stable,5.695185,200,True,False
9a2d49d0,2026-09-22T06:52:38.676721+00:00,stable,5.592008,200,True,False
9a2d49d0,2026-09-22T06:52:38.709418+00:00,stable,4.592742,200,True,False
9a2d49d0,2026-09-22T06:52:38.742344+00:00,stable,4.388818,200,True,False
9a2d49d0,2026-09-22T06:52:38.775733+00:00,stable,4.389084,200,True,False
9a2d49d0,2026-09-22T06:52:38.808576+00:00,stable,3.976214,200,True,False
9a2d49d0,2026-09-22T06:52:38.842333+00:00,stable,4.308321,200,True,False
9a2d49d0,2026-09-22T06:52:38.875153+00:00,stable,4.060644,200,True,False
9a2d49d0,2026-09-22T06:52:38.908415+00:00,stable,4.353397,200,True,False
9a2d49d0,2026-09-22T06:52:38.943983+00:00,stable,5.775311,200,True,False
9a2d49d0,2026-09-22T06:52:38.974993+00:00,stable,3.800859,200,True,False
9a2d49d0,2026-09-22T06:52:39.011371+00:00,stable,6.439154,200,True,False
9a2d49d0,2026-09-22T06:52:39.043692+00:00,stable,5.621552,200,True,False
9a2d49d0,2026-09-22T06:52:39.076332+00:00,stable,5.473942,200,True,False
9a2d49d0,2026-09-22T06:52:39.109574+00:00,stable,5.458949,200,True,False
9a2d49d0,2026-09-22T06:52:39.141643+00:00,stable,3.657581,200,True,False
9a2d49d0,2026-09-22T06:52:39.176140+00:00,stable,4.469185,200,True,False
9a2d49d0,2026-09-22T06:52:39.210307+00:00,stable,6.000807,200,True,False
9a2d49d0,2026-09-22T06:52:39.244216+00:00,stable,6.11662,200,True,False
9a2d49d0,2026-09-22T06:52:39.276012+00:00,stable,4.910649,200,True,False
9a2d49d0,2026-09-22T06:52:39.308497+00:00,stable,4.466369,200,True,False
9a2d49d0,2026-09-22T06:52:39.343333+00:00,stable,5.177229,200,True,False
9a2d49d0,2026-09-22T06:52:39.377311+00:00,stable,5.616326,200,True,False
9a2d49d0,2026-09-22T06:52:39.410457+00:00,stable,5.626175,200,True,False
9a2d49d0,2026-09-22T06:52:39.443634+00:00,stable,5.573573,200,True,False
9a2d49d0,2026-09-22T06:52:39.475209+00:00,stable,4.438171,200,True,False
9a2d49d0,2026-09-22T06:52:39.510516+00:00,stable,3.559975,200,True,False
9a2d49d0,2026-09-22T06:52:39.541160+00:00,stable,3.191487,200,True,False
9a2d49d0,2026-09-22T06:52:39.573694+00:00,stable,2.837561,200,True,False
9a2d49d0,2026-09-22T06:52:39.607386+00:00,stable,3.026626,200,True,False
9a2d49d0,2026-09-22T06:52:39.642017+00:00,stable,4.122743,200,True,False
9a2d49d0,2026-09-22T06:52:39.673789+00:00,stable,2.998841,200,True,False
9a2d49d0,2026-09-22T06:52:39.707482+00:00,stable,2.922563,200,True,False
9a2d49d0,2026-09-22T06:52:39.746196+00:00,stable,8.174946,200,True,False
9a2d49d0,2026-09-22T06:52:39.773374+00:00,stable,2.827192,200,True,False
9a2d49d0,2026-09-22T06:52:39.806807+00:00,stable,2.905456,200,True,False
9a2d49d0,2026-09-22T06:52:39.841550+00:00,stable,4.425049,200,True,False
9a2d49d0,2026-09-22T06:52:39.874392+00:00,stable,3.139944,200,True,False
9a2d49d0,2026-09-22T06:52:39.906860+00:00,stable,2.994962,200,True,False
9a2d49d0,2026-09-22T06:52:39.940400+00:00,stable,3.226135,200,True,False
9a2d49d0,2026-09-22T06:52:39.974501+00:00,stable,3.426915,200,True,False
9a2d49d0,2026-09-22T06:52:40.009626+00:00,stable,5.28927,200,True,False
9a2d49d0,2026-09-22T06:52:40.041888+00:00,stable,4.667245,200,True,False
9a2d49d0,2026-09-22T06:52:40.074518+00:00,stable,3.350738,200,True,False
9a2d49d0,2026-09-22T06:52:40.108858+00:00,stable,4.802451,200,True,False
9a2d49d0,2026-09-22T06:52:40.142143+00:00,stable,4.848023,200,True,False
9a2d49d0,2026-09-22T06:52:40.176947+00:00,stable,5.537787,200,True,False
9a2d49d0,2026-09-22T06:52:40.207320+00:00,stable,3.29735,200,True,False
9a2d49d0,2026-09-22T06:52:40.241566+00:00,stable,3.618502,200,True,False
9a2d49d0,2026-09-22T06:52:40.275321+00:00,stable,3.968673,200,True,False
9a2d49d0,2026-09-22T06:52:40.308418+00:00,stable,3.906221,200,True,False
9a2d49d0,2026-09-22T06:52:40.341087+00:00,stable,3.847423,200,True,False
9a2d49d0,2026-09-22T06:52:40.374246+00:00,stable,3.479248,200,True,False
9a2d49d0,2026-09-22T06:52:40.407656+00:00,stable,3.730573,200,True,False
9a2d49d0,2026-09-22T06:52:40.443330+00:00,stable,5.157326,200,True,False
9a2d49d0,2026-09-22T06:52:40.474574+00:00,stable,3.459748,200,True,False
9a2d49d0,2026-09-22T06:52:40.509916+00:00,stable,5.394028,200,True,False
9a2d49d0,2026-09-22T06:52:40.542249+00:00,stable,4.974327,200,True,False
9a2d49d0,2026-09-22T06:52:40.582863+00:00,stable,11.654349,200,True,False
9a2d49d0,2026-09-22T06:52:40.609427+00:00,stable,4.908429,200,True,False
9a2d49d0,2026-09-22T06:52:40.640934+00:00,stable,3.748847,200,True,False
9a2d49d0,2026-09-22T06:52:40.674573+00:00,stable,3.862454,200,True,False
9a2d49d0,2026-09-22T06:52:40.709748+00:00,stable,5.217214,200,True,False
9a2d49d0,2026-09-22T06:52:40.743524+00:00,stable,5.322899,200,True,False
9a2d49d0,2026-09-22T06:52:40.779058+00:00,stable,8.068086,200,True,False
9a2d49d0,2026-09-22T06:52:40.808797+00:00,stable,3.783697,200,True,False
9a2d49d0,2026-09-22T06:52:40.842398+00:00,stable,5.238458,200,True,False
9a2d49d0,2026-09-22T06:52:40.875044+00:00,stable,3.896747,200,True,False
9a2d49d0,2026-09-22T06:52:40.910340+00:00,stable,6.443731,200,True,False
9a2d49d0,2026-09-22T06:52:40.943472+00:00,stable,5.98173,200,True,False
9a2d49d0,2026-09-22T06:52:40.976834+00:00,stable,5.560889,200,True,False
9a2d49d0,2026-09-22T06:52:41.009301+00:00,stable,4.644837,200,True,False
9a2d49d0,2026-09-22T06:52:41.042887+00:00,stable,4.660462,200,True,False
9a2d49d0,2026-09-22T06:52:41.076370+00:00,stable,4.945914,200,True,False
9a2d49d0,2026-09-22T06:52:41.108895+00:00,stable,4.608737,200,True,False
9a2d49d0,2026-09-22T06:52:41.155415+00:00,stable,15.455094,200,True,False
9a2d49d0,2026-09-22T06:52:41.241227+00:00,stable,69.955454,200,True,False
9a2d49d0,2026-09-22T06:52:41.244520+00:00,stable,40.493087,200,True,False
9a2d49d0,2026-09-22T06:52:41.248255+00:00,stable,8.459415,200,True,False
9a2d49d0,2026-09-22T06:52:41.277314+00:00,stable,5.886341,200,True,False
9a2d49d0,2026-09-22T06:52:41.343081+00:00,stable,38.569265,200,True,False
9a2d49d0,2026-09-22T06:52:41.349367+00:00,stable,11.445178,200,True,False
9a2d49d0,2026-09-22T06:52:41.376694+00:00,stable,5.222002,200,True,False
9a2d49d0,2026-09-22T06:52:41.412980+00:00,stable,8.82518,200,True,False
9a2d49d0,2026-09-22T06:52:41.443779+00:00,stable,5.947319,200,True,False
9a2d49d0,2026-09-22T06:52:41.475805+00:00,stable,5.079754,200,True,False
9a2d49d0,2026-09-22T06:52:41.511282+00:00,stable,6.339894,200,True,False
9a2d49d0,2026-09-22T06:52:41.544088+00:00,stable,6.073169,200,True,False
9a2d49d0,2026-09-22T06:52:41.575599+00:00,stable,4.567144,200,True,False
9a2d49d0,2026-09-22T06:52:41.611646+00:00,stable,7.54095,200,True,False
9a2d49d0,2026-09-22T06:52:41.649906+00:00,stable,11.29551,200,True,False
9a2d49d0,2026-09-22T06:52:41.677459+00:00,stable,6.520758,200,True,False
9a2d49d0,2026-09-22T06:52:41.715054+00:00,stable,9.97496,200,True,False
9a2d49d0,2026-09-22T06:52:41.743333+00:00,stable,5.768728,200,True,False
9a2d49d0,2026-09-22T06:52:41.780015+00:00,stable,8.216174,200,True,False
9a2d49d0,2026-09-22T06:52:41.810062+00:00,stable,5.390299,200,True,False
9a2d49d0,2026-09-22T06:52:41.842281+00:00,stable,4.509887,200,True,False
9a2d49d0,2026-09-22T06:52:41.875392+00:00,stable,4.595979,200,True,False
9a2d49d0,2026-09-22T06:52:41.910384+00:00,stable,5.799916,200,True,False
9a2d49d0,2026-09-22T06:52:41.951728+00:00,stable,13.416107,200,True,False
9a2d49d0,2026-09-22T06:52:41.976352+00:00,stable,4.928105,200,True,False
9a2d49d0,2026-09-22T06:52:42.014579+00:00,stable,9.163327,200,True,False
9a2d49d0,2026-09-22T06:52:42.047989+00:00,stable,9.654691,200,True,False
9a2d49d0,2026-09-22T06:52:42.076501+00:00,stable,5.643911,200,True,False
9a2d49d0,2026-09-22T06:52:42.110495+00:00,stable,5.817405,200,True,False
9a2d49d0,2026-09-22T06:52:42.142051+00:00,stable,3.930653,200,True,False
9a2d49d0,2026-09-22T06:52:42.176991+00:00,stable,5.62857,200,True,False
9a2d49d0,2026-09-22T06:52:42.209959+00:00,stable,5.656077,200,True,False
9a2d49d0,2026-09-22T06:52:42.245479+00:00,stable,7.773623,200,True,False
9a2d49d0,2026-09-22T06:52:42.276687+00:00,stable,5.26318,200,True,False
9a2d49d0,2026-09-22T06:52:42.308531+00:00,stable,3.733574,200,True,False
9a2d49d0,2026-09-22T06:52:42.342197+00:00,stable,5.001017,200,True,False
9a2d49d0,2026-09-22T06:52:42.374849+00:00,stable,3.699689,200,True,False
9a2d49d0,2026-09-22T06:52:42.410313+00:00,stable,5.542265,200,True,False
9a2d49d0,2026-09-22T06:52:42.444419+00:00,stable,6.64874,200,True,False
9a2d49d0,2026-09-22T06:52:42.477724+00:00,stable,6.266618,200,True,False
9a2d49d0,2026-09-22T06:52:42.509520+00:00,stable,5.411058,200,True,False
9a2d49d0,2026-09-22T06:52:42.541447+00:00,stable,4.075212,200,True,False
9a2d49d0,2026-09-22T06:52:42.574993+00:00,stable,3.717863,200,True,False
9a2d49d0,2026-09-22T06:52:42.609172+00:00,stable,4.721373,200,True,False
9a2d49d0,2026-09-22T06:52:42.643457+00:00,stable,5.385445,200,True,False
9a2d49d0,2026-09-22T06:52:42.674628+00:00,stable,3.355469,200,True,False
9a2d49d0,2026-09-22T06:52:42.707304+00:00,stable,3.403208,200,True,False
9a2d49d0,2026-09-22T06:52:42.746023+00:00,stable,7.969523,200,True,False
9a2d49d0,2026-09-22T06:52:42.774346+00:00,stable,3.423754,200,True,False
9a2d49d0,2026-09-22T06:52:42.808063+00:00,stable,3.689705,200,True,False
9a2d49d0,2026-09-22T06:52:42.842662+00:00,stable,4.802671,200,True,False
9a2d49d0,2026-09-22T06:52:42.873825+00:00,stable,2.999982,200,True,False
9a2d49d0,2026-09-22T06:52:42.908170+00:00,stable,3.506589,200,True,False
9a2d49d0,2026-09-22T06:52:42.942000+00:00,stable,3.905022,200,True,False
9a2d49d0,2026-09-22T06:52:42.975578+00:00,stable,4.186804,200,True,False
9a2d49d0,2026-09-22T06:52:43.010774+00:00,stable,6.110066,200,True,False
9a2d49d0,2026-09-22T06:52:43.042774+00:00,stable,5.019974,200,True,False
9a2d49d0,2026-09-22T06:52:43.073385+00:00,stable,2.621662,200,True,False
9a2d49d0,2026-09-22T06:52:43.110029+00:00,stable,5.325308,200,True,False
9a2d49d0,2026-09-22T06:52:43.143924+00:00,stable,6.144959,200,True,False
9a2d49d0,2026-09-22T06:52:43.175938+00:00,stable,4.982084,200,True,False
9a2d49d0,2026-09-22T06:52:43.208517+00:00,stable,4.39841,200,True,False
9a2d49d0,2026-09-22T06:52:43.242519+00:00,stable,3.821824,200,True,False
9a2d49d0,2026-09-22T06:52:43.273734+00:00,stable,3.106012,200,True,False
9a2d49d0,2026-09-22T06:52:43.307808+00:00,stable,2.976727,200,True,False
9a2d49d0,2026-09-22T06:52:43.340313+00:00,stable,3.021582,200,True,False
9a2d49d0,2026-09-22T06:52:43.374110+00:00,stable,2.640371,200,True,False
9a2d49d0,2026-09-22T06:52:43.407590+00:00,stable,3.261567,200,True,False
9a2d49d0,2026-09-22T06:52:43.444590+00:00,stable,7.202804,200,True,False
9a2d49d0,2026-09-22T06:52:43.474061+00:00,stable,2.850898,200,True,False
9a2d49d0,2026-09-22T06:52:43.508872+00:00,stable,4.529763,200,True,False
9a2d49d0,2026-09-22T06:52:43.541586+00:00,stable,4.401359,200,True,False
9a2d49d0,2026-09-22T06:52:43.574811+00:00,stable,4.048884,200,True,False
9a2d49d0,2026-09-22T06:52:43.609988+00:00,stable,5.19572,200,True,False
9a2d49d0,2026-09-22T06:52:43.641035+00:00,stable,3.55975,200,True,False
9a2d49d0,2026-09-22T06:52:43.674696+00:00,stable,3.450307,200,True,False
9a2d49d0,2026-09-22T06:52:43.709679+00:00,stable,4.829028,200,True,False
9a2d49d0,2026-09-22T06:52:43.741832+00:00,stable,4.421575,200,True,False
9a2d49d0,2026-09-22T06:52:43.775184+00:00,stable,4.315331,200,True,False
9a2d49d0,2026-09-22T06:52:43.808794+00:00,stable,4.560293,200,True,False
9a2d49d0,2026-09-22T06:52:43.841164+00:00,stable,4.032125,200,True,False
9a2d49d0,2026-09-22T06:52:43.873756+00:00,stable,3.010244,200,True,False
9a2d49d0,2026-09-22T06:52:43.912423+00:00,stable,7.739693,200,True,False
9a2d49d0,2026-09-22T06:52:43.943609+00:00,stable,6.338777,200,True,False
9a2d49d0,2026-09-22T06:52:43.975588+00:00,stable,4.215578,200,True,False
9a2d49d0,2026-09-22T06:52:44.008831+00:00,stable,4.386043,200,True,False
9a2d49d0,2026-09-22T06:52:44.041738+00:00,stable,4.486285,200,True,False
9a2d49d0,2026-09-22T06:52:44.074084+00:00,stable,2.576196,200,True,False
9a2d49d0,2026-09-22T06:52:44.107907+00:00,stable,3.138319,200,True,False
9a2d49d0,2026-09-22T06:52:44.144950+00:00,stable,7.405355,200,True,False
9a2d49d0,2026-09-22T06:52:44.173276+00:00,stable,2.55884,200,True,False
9a2d49d0,2026-09-22T06:52:44.206498+00:00,stable,2.678194,200,True,False
9a2d49d0,2026-09-22T06:52:44.241916+00:00,stable,3.870101,200,True,False
9a2d49d0,2026-09-22T06:52:44.281660+00:00,stable,11.07801,200,True,False
9a2d49d0,2026-09-22T06:52:44.307568+00:00,stable,3.021089,200,True,False
9a2d49d0,2026-09-22T06:52:44.342613+00:00,stable,5.229372,200,True,False
9a2d49d0,2026-09-22T06:52:44.374345+00:00,stable,3.048466,200,True,False
9a2d49d0,2026-09-22T06:52:44.406757+00:00,stable,2.868457,200,True,False
9a2d49d0,2026-09-22T06:52:44.441119+00:00,stable,3.948965,200,True,False
9a2d49d0,2026-09-22T06:52:44.474404+00:00,stable,3.482315,200,True,False
9a2d49d0,2026-09-22T06:52:44.507527+00:00,stable,3.602234,200,True,False
9a2d49d0,2026-09-22T06:52:44.544753+00:00,stable,6.41294,200,True,False
9a2d49d0,2026-09-22T06:52:44.574611+00:00,stable,3.688787,200,True,False
9a2d49d0,2026-09-22T06:52:44.611233+00:00,stable,6.780729,200,True,False
9a2d49d0,2026-09-22T06:52:44.655715+00:00,stable,17.775899,200,True,False
9a2d49d0,2026-09-22T06:52:44.675926+00:00,stable,4.610078,200,True,False
9a2d49d0,2026-09-22T06:52:44.707360+00:00,stable,2.84493,200,True,False
9a2d49d0,2026-09-22T06:52:44.741113+00:00,stable,2.995885,200,True,False
9a2d49d0,2026-09-22T06:52:44.774041+00:00,stable,2.928738,200,True,False
9a2d49d0,2026-09-22T06:52:44.806896+00:00,stable,2.965805,200,True,False
9a2d49d0,2026-09-22T06:52:44.840235+00:00,stable,2.926765,200,True,False
9a2d49d0,2026-09-22T06:52:44.874138+00:00,stable,3.083727,200,True,False
9a2d49d0,2026-09-22T06:52:44.907483+00:00,stable,2.797581,200,True,False
9a2d49d0,2026-09-22T06:52:44.942482+00:00,stable,4.542362,200,True,False
9a2d49d0,2026-09-22T06:52:44.973685+00:00,stable,2.66655,200,True,False
9a2d49d0,2026-09-22T06:52:45.009115+00:00,stable,4.570921,200,True,False
9a2d49d0,2026-09-22T06:52:45.042265+00:00,stable,4.783304,200,True,False
9a2d49d0,2026-09-22T06:52:45.079642+00:00,stable,8.307643,200,True,False
9a2d49d0,2026-09-22T06:52:45.109794+00:00,stable,5.187395,200,True,False
9a2d49d0,2026-09-22T06:52:45.143405+00:00,stable,5.098611,200,True,False
9a2d49d0,2026-09-22T06:52:45.177087+00:00,stable,5.817001,200,True,False
9a2d49d0,2026-09-22T06:52:45.211856+00:00,stable,7.074729,200,True,False
9a2d49d0,2026-09-22T06:52:45.245581+00:00,stable,7.753118,200,True,False
9a2d49d0,2026-09-22T06:52:45.287173+00:00,stable,14.732501,200,True,False
9a2d49d0,2026-09-22T06:52:45.306320+00:00,stable,2.462738,200,True,False
9a2d49d0,2026-09-22T06:52:45.341507+00:00,stable,3.748913,200,True,False
9a2d49d0,2026-09-22T06:52:45.374594+00:00,stable,3.39714,200,True,False
9a2d49d0,2026-09-22T06:52:45.410096+00:00,stable,5.823825,200,True,False
9a2d49d0,2026-09-22T06:52:45.445855+00:00,stable,8.05354,200,True,False
9a2d49d0,2026-09-22T06:52:45.479924+00:00,stable,8.799562,200,True,False
9a2d49d0,2026-09-22T06:52:45.509814+00:00,stable,4.93757,200,True,False
9a2d49d0,2026-09-22T06:52:45.541604+00:00,stable,3.416492,200,True,False
9a2d49d0,2026-09-22T06:52:45.576379+00:00,stable,4.952321,200,True,False
9a2d49d0,2026-09-22T06:52:45.609710+00:00,stable,5.583146,200,True,False
9a2d49d0,2026-09-22T06:52:45.641258+00:00,stable,4.174088,200,True,False
9a2d49d0,2026-09-22T06:52:45.673409+00:00,stable,2.491502,200,True,False
9a2d49d0,2026-09-22T06:52:45.707223+00:00,stable,2.891202,200,True,False
9a2d49d0,2026-09-22T06:52:45.741816+00:00,stable,4.015807,200,True,False
9a2d49d0,2026-09-22T06:52:45.773138+00:00,stable,2.409433,200,True,False
9a2d49d0,2026-09-22T06:52:45.806794+00:00,stable,2.936638,200,True,False
9a2d49d0,2026-09-22T06:52:45.841477+00:00,stable,3.699587,200,True,False
9a2d49d0,2026-09-22T06:52:45.874544+00:00,stable,3.144879,200,True,False
9a2d49d0,2026-09-22T06:52:45.908019+00:00,stable,3.047611,200,True,False
9a2d49d0,2026-09-22T06:52:45.940614+00:00,stable,3.155158,200,True,False
9a2d49d0,2026-09-22T06:52:45.974001+00:00,stable,3.126523,200,True,False
9a2d49d0,2026-09-22T06:52:46.009774+00:00,stable,4.861982,200,True,False
9a2d49d0,2026-09-22T06:52:46.041682+00:00,stable,4.524363,200,True,False
9a2d49d0,2026-09-22T06:52:46.075138+00:00,stable,3.687382,200,True,False
9a2d49d0,2026-09-22T06:52:46.110659+00:00,stable,6.68938,200,True,False
9a2d49d0,2026-09-22T06:52:46.142288+00:00,stable,4.723566,200,True,False
9a2d49d0,2026-09-22T06:52:46.174830+00:00,stable,3.87485,200,True,False
9a2d49d0,2026-09-22T06:52:46.207062+00:00,stable,3.218602,200,True,False
9a2d49d0,2026-09-22T06:52:46.241202+00:00,stable,3.589224,200,True,False
9a2d49d0,2026-09-22T06:52:46.274524+00:00,stable,3.44638,200,True,False
9a2d49d0,2026-09-22T06:52:46.307431+00:00,stable,2.947911,200,True,False
9a2d49d0,2026-09-22T06:52:46.340942+00:00,stable,2.937724,200,True,False
9a2d49d0,2026-09-22T06:52:46.374074+00:00,stable,2.778817,200,True,False
9a2d49d0,2026-09-22T06:52:46.407844+00:00,stable,3.115766,200,True,False
9a2d49d0,2026-09-22T06:52:46.442065+00:00,stable,4.825956,200,True,False
9a2d49d0,2026-09-22T06:52:46.474573+00:00,stable,3.17704,200,True,False
9a2d49d0,2026-09-22T06:52:46.509372+00:00,stable,4.845904,200,True,False
9a2d49d0,2026-09-22T06:52:46.543212+00:00,stable,4.953854,200,True,False
9a2d49d0,2026-09-22T06:52:46.575924+00:00,stable,4.75344,200,True,False
c772af8f,2026-09-22T06:55:55.429428+00:00,stable,3.369796,200,True,False
c772af8f,2026-09-22T06:55:55.460252+00:00,stable,2.991884,200,True,False
c772af8f,2026-09-22T06:55:55.493461+00:00,stable,2.860368,200,True,False
c772af8f,2026-09-22T06:55:55.528858+00:00,stable,4.076657,200,True,False
c772af8f,2026-09-22T06:55:55.561869+00:00,stable,3.904351,200,True,False
c772af8f,2026-09-22T06:55:55.593944+00:00,stable,2.875851,200,True,False
c772af8f,2026-09-22T06:55:55.626842+00:00,stable,2.901504,200,True,False
c772af8f,2026-09-22T06:55:55.661424+00:00,stable,3.658755,200,True,False
c772af8f,2026-09-22T06:55:55.696508+00:00,stable,5.109787,200,True,False
c772af8f,2026-09-22T06:55:55.729213+00:00,stable,4.867381,200,True,False
c772af8f,2026-09-22T06:55:55.760382+00:00,stable,2.87492,200,True,False
c772af8f,2026-09-22T06:55:55.793841+00:00,stable,2.699749,200,True,False
c772af8f,2026-09-22T06:55:55.827769+00:00,stable,3.920183,200,True,False
c772af8f,2026-09-22T06:55:55.860145+00:00,stable,3.192677,200,True,False
c772af8f,2026-09-22T06:55:55.894837+00:00,stable,3.944128,200,True,False
c772af8f,2026-09-22T06:55:55.929861+00:00,stable,5.092716,200,True,False
c772af8f,2026-09-22T06:55:55.960833+00:00,stable,3.698573,200,True,False
c772af8f,2026-09-22T06:55:55.997039+00:00,stable,5.423991,200,True,False
c772af8f,2026-09-22T06:55:56.031347+00:00,stable,6.46404,200,True,False
c772af8f,2026-09-22T06:55:56.063718+00:00,stable,5.53506,200,True,False
c772af8f,2026-09-22T06:55:56.097175+00:00,stable,5.696507,200,True,False
c772af8f,2026-09-22T06:55:56.130021+00:00,stable,5.22601,200,True,False
c772af8f,2026-09-22T06:55:56.160422+00:00,stable,3.376585,200,True,False
c772af8f,2026-09-22T06:55:56.194328+00:00,stable,4.080787,200,True,False
c772af8f,2026-09-22T06:55:56.230558+00:00,stable,5.360767,200,True,False
c772af8f,2026-09-22T06:55:56.262200+00:00,stable,4.285709,200,True,False
c772af8f,2026-09-22T06:55:56.294590+00:00,stable,4.342623,200,True,False
c772af8f,2026-09-22T06:55:56.328970+00:00,stable,4.008786,200,True,False
c772af8f,2026-09-22T06:55:56.360872+00:00,stable,3.357408,200,True,False
c772af8f,2026-09-22T06:55:56.393467+00:00,stable,2.528039,200,True,False
c772af8f,2026-09-22T06:55:56.426322+00:00,stable,2.697374,200,True,False
c772af8f,2026-09-22T06:55:56.460339+00:00,stable,2.836776,200,True,False
c772af8f,2026-09-22T06:55:56.494079+00:00,stable,2.824833,200,True,False
c772af8f,2026-09-22T06:55:56.527092+00:00,stable,2.766784,200,True,False
c772af8f,2026-09-22T06:55:56.559841+00:00,stable,2.587299,200,True,False
c772af8f,2026-09-22T06:55:56.593571+00:00,stable,2.576399,200,True,False
c772af8f,2026-09-22T06:55:56.627491+00:00,stable,2.992031,200,True,False
c772af8f,2026-09-22T06:55:56.660912+00:00,stable,3.41132,200,True,False
c772af8f,2026-09-22T06:55:56.731854+00:00,stable,6.253812,200,True,False
c772af8f,2026-09-22T06:55:56.743280+00:00,stable,17.740966,200,True,False
c772af8f,2026-09-22T06:55:56.825433+00:00,stable,68.289593,200,True,False
c772af8f,2026-09-22T06:55:56.827215+00:00,stable,37.260323,200,True,False
c772af8f,2026-09-22T06:55:56.831711+00:00,stable,3.324904,200,True,False
c772af8f,2026-09-22T06:55:56.859895+00:00,stable,2.640704,200,True,False
c772af8f,2026-09-22T06:55:56.894895+00:00,stable,4.408388,200,True,False
c772af8f,2026-09-22T06:55:56.926708+00:00,stable,3.176826,200,True,False
c772af8f,2026-09-22T06:55:56.970417+00:00,stable,3.745226,200,True,False
c772af8f,2026-09-22T06:55:57.025826+00:00,stable,36.045143,200,True,False
c772af8f,2026-09-22T06:55:57.028413+00:00,stable,3.811187,200,True,False
c772af8f,2026-09-22T06:55:57.060072+00:00,stable,3.07739,200,True,False
c772af8f,2026-09-22T06:55:57.124512+00:00,stable,33.873734,200,True,False
c772af8f,2026-09-22T06:55:57.126564+00:00,stable,3.251908,200,True,False
c772af8f,2026-09-22T06:55:57.160475+00:00,stable,3.528715,200,True,False
c772af8f,2026-09-22T06:55:57.193586+00:00,stable,3.410465,200,True,False
c772af8f,2026-09-22T06:55:57.226798+00:00,stable,2.863983,200,True,False
c772af8f,2026-09-22T06:55:57.260890+00:00,stable,4.43356,200,True,False
c772af8f,2026-09-22T06:55:57.296535+00:00,stable,5.651553,200,True,False
c772af8f,2026-09-22T06:55:57.328548+00:00,stable,4.806726,200,True,False
c772af8f,2026-09-22T06:55:57.360034+00:00,stable,3.037832,200,True,False
c772af8f,2026-09-22T06:55:57.394491+00:00,stable,4.172407,200,True,False
c772af8f,2026-09-22T06:55:57.428745+00:00,stable,5.397063,200,True,False
c772af8f,2026-09-22T06:55:57.463716+00:00,stable,6.163834,200,True,False
c772af8f,2026-09-22T06:55:57.495958+00:00,stable,5.53116,200,True,False
c772af8f,2026-09-22T06:55:57.530641+00:00,stable,6.561494,200,True,False
c772af8f,2026-09-22T06:55:57.562190+00:00,stable,5.653468,200,True,False
c772af8f,2026-09-22T06:55:57.596294+00:00,stable,6.028603,200,True,False
c772af8f,2026-09-22T06:55:57.629351+00:00,stable,5.540391,200,True,False
c772af8f,2026-09-22T06:55:57.662171+00:00,stable,5.215326,200,True,False
c772af8f,2026-09-22T06:55:57.693633+00:00,stable,3.212601,200,True,False
c772af8f,2026-09-22T06:55:57.726193+00:00,stable,2.861372,200,True,False
c772af8f,2026-09-22T06:55:57.759727+00:00,stable,2.839724,200,True,False
c772af8f,2026-09-22T06:55:57.793095+00:00,stable,2.521536,200,True,False
c772af8f,2026-09-22T06:55:57.827528+00:00,stable,3.654069,200,True,False
c772af8f,2026-09-22T06:55:57.861939+00:00,stable,4.631141,200,True,False
c772af8f,2026-09-22T06:55:57.896782+00:00,stable,6.221746,200,True,False
c772af8f,2026-09-22T06:55:57.928072+00:00,stable,4.338517,200,True,False
c772af8f,2026-09-22T06:55:57.960084+00:00,stable,3.563868,200,True,False
c772af8f,2026-09-22T06:55:57.994321+00:00,stable,4.17841,200,True,False
c772af8f,2026-09-22T06:55:58.027054+00:00,stable,3.227747,200,True,False
c772af8f,2026-09-22T06:55:58.059218+00:00,stable,2.717131,200,True,False
c772af8f,2026-09-22T06:55:58.093542+00:00,stable,3.350866,200,True,False
c772af8f,2026-09-22T06:55:58.126986+00:00,stable,2.816794,200,True,False
c772af8f,2026-09-22T06:55:58.160147+00:00,stable,3.362954,200,True,False
c772af8f,2026-09-22T06:55:58.196936+00:00,stable,6.451986,200,True,False
c772af8f,2026-09-22T06:55:58.226835+00:00,stable,2.878119,200,True,False
c772af8f,2026-09-22T06:55:58.260351+00:00,stable,3.032977,200,True,False
c772af8f,2026-09-22T06:55:58.293284+00:00,stable,3.003649,200,True,False
c772af8f,2026-09-22T06:55:58.327048+00:00,stable,2.972387,200,True,False
c772af8f,2026-09-22T06:55:58.359600+00:00,stable,3.06914,200,True,False
c772af8f,2026-09-22T06:55:58.393110+00:00,stable,2.750669,200,True,False
c772af8f,2026-09-22T06:55:58.426902+00:00,stable,3.167177,200,True,False
c772af8f,2026-09-22T06:55:58.460116+00:00,stable,2.784512,200,True,False
c772af8f,2026-09-22T06:55:58.492312+00:00,stable,2.554588,200,True,False
c772af8f,2026-09-22T06:55:58.528982+00:00,stable,4.821069,200,True,False
c772af8f,2026-09-22T06:55:58.559508+00:00,stable,2.478887,200,True,False
c772af8f,2026-09-22T06:55:58.593535+00:00,stable,2.817075,200,True,False
c772af8f,2026-09-22T06:55:58.626747+00:00,stable,2.749884,200,True,False
c772af8f,2026-09-22T06:55:58.659949+00:00,stable,2.660575,200,True,False
c772af8f,2026-09-22T06:55:58.693290+00:00,stable,2.655473,200,True,False
c772af8f,2026-09-22T06:55:58.726680+00:00,stable,2.924941,200,True,False
c772af8f,2026-09-22T06:55:58.760092+00:00,stable,2.967887,200,True,False
c772af8f,2026-09-22T06:55:58.792864+00:00,stable,2.745942,200,True,False
c772af8f,2026-09-22T06:55:58.826450+00:00,stable,2.814019,200,True,False
c772af8f,2026-09-22T06:55:58.859658+00:00,stable,2.649943,200,True,False
c772af8f,2026-09-22T06:55:58.895163+00:00,stable,4.669819,200,True,False
c772af8f,2026-09-22T06:55:58.928962+00:00,stable,4.926647,200,True,False
c772af8f,2026-09-22T06:55:58.960401+00:00,stable,2.865747,200,True,False
c772af8f,2026-09-22T06:55:58.993308+00:00,stable,3.009798,200,True,False
c772af8f,2026-09-22T06:55:59.026478+00:00,stable,2.775285,200,True,False
c772af8f,2026-09-22T06:55:59.061078+00:00,stable,3.769562,200,True,False
c772af8f,2026-09-22T06:55:59.096428+00:00,stable,6.12697,200,True,False
c772af8f,2026-09-22T06:55:59.128040+00:00,stable,4.108396,200,True,False
c772af8f,2026-09-22T06:55:59.159372+00:00,stable,2.786989,200,True,False
c772af8f,2026-09-22T06:55:59.192843+00:00,stable,2.689904,200,True,False
c772af8f,2026-09-22T06:55:59.226252+00:00,stable,2.833668,200,True,False
c772af8f,2026-09-22T06:55:59.259196+00:00,stable,2.518975,200,True,False
c772af8f,2026-09-22T06:55:59.293450+00:00,stable,3.687931,200,True,False
c772af8f,2026-09-22T06:55:59.330511+00:00,stable,6.472781,200,True,False
c772af8f,2026-09-22T06:55:59.360275+00:00,stable,2.966457,200,True,False
c772af8f,2026-09-22T06:55:59.395490+00:00,stable,4.886961,200,True,False
c772af8f,2026-09-22T06:55:59.429294+00:00,stable,5.197893,200,True,False
c772af8f,2026-09-22T06:55:59.462184+00:00,stable,5.037605,200,True,False
c772af8f,2026-09-22T06:55:59.495559+00:00,stable,5.279559,200,True,False
c772af8f,2026-09-22T06:55:59.530728+00:00,stable,6.520835,200,True,False
c772af8f,2026-09-22T06:55:59.559894+00:00,stable,3.071313,200,True,False
c772af8f,2026-09-22T06:55:59.596409+00:00,stable,5.687514,200,True,False
c772af8f,2026-09-22T06:55:59.631277+00:00,stable,5.784697,200,True,False
c772af8f,2026-09-22T06:55:59.664512+00:00,stable,7.477464,200,True,False
c772af8f,2026-09-22T06:55:59.693554+00:00,stable,3.207149,200,True,False
c772af8f,2026-09-22T06:55:59.729619+00:00,stable,5.439717,200,True,False
c772af8f,2026-09-22T06:55:59.761430+00:00,stable,4.265648,200,True,False
c772af8f,2026-09-22T06:55:59.795564+00:00,stable,4.864228,200,True,False
c772af8f,2026-09-22T06:55:59.827424+00:00,stable,4.247449,200,True,False
c772af8f,2026-09-22T06:55:59.861032+00:00,stable,3.796649,200,True,False
c772af8f,2026-09-22T06:55:59.896608+00:00,stable,5.62778,200,True,False
c772af8f,2026-09-22T06:55:59.930078+00:00,stable,6.271488,200,True,False
c772af8f,2026-09-22T06:55:59.959649+00:00,stable,2.472918,200,True,False
c772af8f,2026-09-22T06:55:59.992779+00:00,stable,2.485928,200,True,False
c772af8f,2026-09-22T06:56:00.026271+00:00,stable,3.082799,200,True,False
c772af8f,2026-09-22T06:56:00.059707+00:00,stable,2.874935,200,True,False
c772af8f,2026-09-22T06:56:00.093410+00:00,stable,2.933825,200,True,False
c772af8f,2026-09-22T06:56:00.126759+00:00,stable,2.803053,200,True,False
c772af8f,2026-09-22T06:56:00.160176+00:00,stable,3.456445,200,True,False
c772af8f,2026-09-22T06:56:00.194891+00:00,stable,4.105491,200,True,False
c772af8f,2026-09-22T06:56:00.226456+00:00,stable,2.855005,200,True,False
c772af8f,2026-09-22T06:56:00.260090+00:00,stable,3.106263,200,True,False
c772af8f,2026-09-22T06:56:00.292504+00:00,stable,2.790148,200,True,False
c772af8f,2026-09-22T06:56:00.326908+00:00,stable,3.078985,200,True,False
c772af8f,2026-09-22T06:56:00.360293+00:00,stable,3.102846,200,True,False
c772af8f,2026-09-22T06:56:00.392994+00:00,stable,3.06079,200,True,False
c772af8f,2026-09-22T06:56:00.426411+00:00,stable,2.93856,200,True,False
c772af8f,2026-09-22T06:56:00.459577+00:00,stable,2.640468,200,True,False
c772af8f,2026-09-22T06:56:00.493066+00:00,stable,2.647745,200,True,False
c772af8f,2026-09-22T06:56:00.527245+00:00,stable,3.588921,200,True,False
c772af8f,2026-09-22T06:56:00.559889+00:00,stable,2.88979,200,True,False
c772af8f,2026-09-22T06:56:00.595171+00:00,stable,4.417806,200,True,False
c772af8f,2026-09-22T06:56:00.626556+00:00,stable,2.594811,200,True,False
c772af8f,2026-09-22T06:56:00.663797+00:00,stable,6.643289,200,True,False
c772af8f,2026-09-22T06:56:00.694156+00:00,stable,3.548172,200,True,False
c772af8f,2026-09-22T06:56:00.726386+00:00,stable,2.751981,200,True,False
c772af8f,2026-09-22T06:56:00.760681+00:00,stable,3.482099,200,True,False
c772af8f,2026-09-22T06:56:00.793470+00:00,stable,2.716959,200,True,False
c772af8f,2026-09-22T06:56:00.827212+00:00,stable,2.907247,200,True,False
c772af8f,2026-09-22T06:56:00.860691+00:00,stable,3.746176,200,True,False
c772af8f,2026-09-22T06:56:00.894030+00:00,stable,3.562926,200,True,False
c772af8f,2026-09-22T06:56:00.930652+00:00,stable,6.949679,200,True,False
c772af8f,2026-09-22T06:56:00.959874+00:00,stable,3.170813,200,True,False
c772af8f,2026-09-22T06:56:00.993364+00:00,stable,2.842539,200,True,False
c772af8f,2026-09-22T06:56:01.026991+00:00,stable,3.033638,200,True,False
c772af8f,2026-09-22T06:56:01.060183+00:00,stable,3.296978,200,True,False
c772af8f,2026-09-22T06:56:01.094174+00:00,stable,3.661392,200,True,False
c772af8f,2026-09-22T06:56:01.126487+00:00,stable,2.864906,200,True,False
c772af8f,2026-09-22T06:56:01.160417+00:00,stable,3.477986,200,True,False
c772af8f,2026-09-22T06:56:01.193896+00:00,stable,3.65693,200,True,False
c772af8f,2026-09-22T06:56:01.226797+00:00,stable,3.25601,200,True,False
c772af8f,2026-09-22T06:56:01.260252+00:00,stable,2.986313,200,True,False
c772af8f,2026-09-22T06:56:01.293450+00:00,stable,3.662739,200,True,False
c772af8f,2026-09-22T06:56:01.327242+00:00,stable,3.345862,200,True,False
c772af8f,2026-09-22T06:56:01.360170+00:00,stable,3.367282,200,True,False
c772af8f,2026-09-22T06:56:01.393463+00:00,stable,3.509072,200,True,False
c772af8f,2026-09-22T06:56:01.426774+00:00,stable,2.55653,200,True,False
c772af8f,2026-09-22T06:56:01.461014+00:00,stable,3.797188,200,True,False
c772af8f,2026-09-22T06:56:01.493540+00:00,stable,2.717764,200,True,False
c772af8f,2026-09-22T06:56:01.528177+00:00,stable,4.149796,200,True,False
c772af8f,2026-09-22T06:56:01.559605+00:00,stable,2.686677,200,True,False
c772af8f,2026-09-22T06:56:01.597597+00:00,stable,5.993609,200,True,False
c772af8f,2026-09-22T06:56:01.629090+00:00,stable,5.023759,200,True,False
c772af8f,2026-09-22T06:56:01.659907+00:00,stable,3.214849,200,True,False
c772af8f,2026-09-22T06:56:01.693728+00:00,stable,3.112767,200,True,False
c772af8f,2026-09-22T06:56:01.725736+00:00,stable,2.567768,200,True,False
c772af8f,2026-09-22T06:56:01.761918+00:00,stable,4.714734,200,True,False
c772af8f,2026-09-22T06:56:01.793216+00:00,stable,3.494945,200,True,False
c772af8f,2026-09-22T06:56:01.826330+00:00,stable,2.765658,200,True,False
c772af8f,2026-09-22T06:56:01.860136+00:00,stable,2.919112,200,True,False
c772af8f,2026-09-22T06:56:01.894907+00:00,stable,4.708326,200,True,False
c772af8f,2026-09-22T06:56:01.926380+00:00,stable,2.879813,200,True,False
c772af8f,2026-09-22T06:56:01.960008+00:00,stable,3.016308,200,True,False
c772af8f,2026-09-22T06:56:01.993303+00:00,stable,3.084026,200,True,False
c772af8f,2026-09-22T06:56:02.027362+00:00,stable,3.622018,200,True,False
c772af8f,2026-09-22T06:56:02.060117+00:00,stable,3.172175,200,True,False
c772af8f,2026-09-22T06:56:02.092679+00:00,stable,2.640941,200,True,False
c772af8f,2026-09-22T06:56:02.127088+00:00,stable,3.022437,200,True,False
c772af8f,2026-09-22T06:56:02.159180+00:00,stable,2.78567,200,True,False
c772af8f,2026-09-22T06:56:02.193724+00:00,stable,3.901078,200,True,False
c772af8f,2026-09-22T06:56:02.227491+00:00,stable,3.824311,200,True,False
c772af8f,2026-09-22T06:56:02.259677+00:00,stable,2.760244,200,True,False
c772af8f,2026-09-22T06:56:02.293418+00:00,stable,2.988543,200,True,False
c772af8f,2026-09-22T06:56:02.327058+00:00,stable,3.069535,200,True,False
c772af8f,2026-09-22T06:56:02.359092+00:00,stable,2.668225,200,True,False
c772af8f,2026-09-22T06:56:02.392962+00:00,stable,3.08322,200,True,False
c772af8f,2026-09-22T06:56:02.426333+00:00,stable,2.837607,200,True,False
c772af8f,2026-09-22T06:56:02.459699+00:00,stable,2.74846,200,True,False
c772af8f,2026-09-22T06:56:02.493194+00:00,stable,2.566134,200,True,False
c772af8f,2026-09-22T06:56:02.526591+00:00,stable,2.886026,200,True,False
c772af8f,2026-09-22T06:56:02.560519+00:00,stable,3.043305,200,True,False
c772af8f,2026-09-22T06:56:02.593189+00:00,stable,2.877711,200,True,False
c772af8f,2026-09-22T06:56:02.626867+00:00,stable,2.962966,200,True,False
c772af8f,2026-09-22T06:56:02.659826+00:00,stable,2.604975,200,True,False
c772af8f,2026-09-22T06:56:02.693401+00:00,stable,2.89558,200,True,False
c772af8f,2026-09-22T06:56:02.729027+00:00,stable,3.030436,200,True,False
c772af8f,2026-09-22T06:56:02.760312+00:00,stable,2.794922,200,True,False
c772af8f,2026-09-22T06:56:02.792517+00:00,stable,2.483968,200,True,False
c772af8f,2026-09-22T06:56:02.826832+00:00,stable,2.893698,200,True,False
c772af8f,2026-09-22T06:56:02.860256+00:00,stable,2.855948,200,True,False
c772af8f,2026-09-22T06:56:02.892851+00:00,stable,2.878263,200,True,False
c772af8f,2026-09-22T06:56:02.926678+00:00,stable,3.054251,200,True,False
c772af8f,2026-09-22T06:56:02.961535+00:00,stable,4.301268,200,True,False
c772af8f,2026-09-22T06:56:02.994339+00:00,stable,3.547625,200,True,False
c772af8f,2026-09-22T06:56:03.026783+00:00,stable,2.969256,200,True,False
c772af8f,2026-09-22T06:56:03.060394+00:00,stable,2.956373,200,True,False
c772af8f,2026-09-22T06:56:03.094061+00:00,stable,3.5692,200,True,False
c772af8f,2026-09-22T06:56:03.129505+00:00,stable,5.473432,200,True,False
c772af8f,2026-09-22T06:56:03.160433+00:00,stable,3.01387,200,True,False
c772af8f,2026-09-22T06:56:03.194408+00:00,stable,4.214314,200,True,False
c772af8f,2026-09-22T06:56:03.228324+00:00,stable,3.848491,200,True,False
c772af8f,2026-09-22T06:56:03.261013+00:00,stable,4.04805,200,True,False
c772af8f,2026-09-22T06:56:03.293223+00:00,stable,3.009302,200,True,False
c772af8f,2026-09-22T06:56:03.326888+00:00,stable,3.174153,200,True,False
c772af8f,2026-09-22T06:56:03.359541+00:00,stable,2.826672,200,True,False
c772af8f,2026-09-22T06:56:03.394317+00:00,stable,3.620884,200,True,False
c772af8f,2026-09-22T06:56:03.426569+00:00,stable,2.677195,200,True,False
c772af8f,2026-09-22T06:56:03.461957+00:00,stable,4.489259,200,True,False
c772af8f,2026-09-22T06:56:03.494525+00:00,stable,3.800523,200,True,False
c772af8f,2026-09-22T06:56:03.527567+00:00,stable,4.315739,200,True,False
c772af8f,2026-09-22T06:56:03.559426+00:00,stable,2.984985,200,True,False
c772af8f,2026-09-22T06:56:03.593306+00:00,stable,3.008432,200,True,False
c772af8f,2026-09-22T06:56:03.626359+00:00,stable,2.656689,200,True,False
c772af8f,2026-09-22T06:56:03.661379+00:00,stable,4.345882,200,True,False
c772af8f,2026-09-22T06:56:03.693466+00:00,stable,3.277555,200,True,False
c772af8f,2026-09-22T06:56:03.727322+00:00,stable,2.989303,200,True,False
c772af8f,2026-09-22T06:56:03.760781+00:00,stable,3.422271,200,True,False
c772af8f,2026-09-22T06:56:03.794769+00:00,stable,3.800245,200,True,False
c772af8f,2026-09-22T06:56:03.827652+00:00,stable,3.87036,200,True,False
c772af8f,2026-09-22T06:56:03.860731+00:00,stable,3.480573,200,True,False
c772af8f,2026-09-22T06:56:03.894379+00:00,stable,3.578235,200,True,False
c772af8f,2026-09-22T06:56:03.926811+00:00,stable,2.897153,200,True,False
c772af8f,2026-09-22T06:56:03.960979+00:00,stable,3.60816,200,True,False
c772af8f,2026-09-22T06:56:03.993327+00:00,stable,3.548686,200,True,False
c772af8f,2026-09-22T06:56:04.028043+00:00,stable,3.787919,200,True,False
c772af8f,2026-09-22T06:56:04.060544+00:00,stable,3.482009,200,True,False
c772af8f,2026-09-22T06:56:04.093423+00:00,stable,3.054969,200,True,False
c772af8f,2026-09-22T06:56:04.126961+00:00,stable,3.026555,200,True,False
c772af8f,2026-09-22T06:56:04.160501+00:00,stable,3.133374,200,True,False
c772af8f,2026-09-22T06:56:04.193320+00:00,stable,2.90603,200,True,False
c772af8f,2026-09-22T06:56:04.226926+00:00,stable,3.244443,200,True,False
c772af8f,2026-09-22T06:56:04.262519+00:00,stable,5.076711,200,True,False
c772af8f,2026-09-22T06:56:04.292723+00:00,stable,2.551563,200,True,False
c772af8f,2026-09-22T06:56:04.326215+00:00,stable,3.020934,200,True,False
c772af8f,2026-09-22T06:56:04.360178+00:00,stable,3.140808,200,True,False
c772af8f,2026-09-22T06:56:04.394894+00:00,stable,4.634341,200,True,False
c772af8f,2026-09-22T06:56:04.427561+00:00,stable,3.4617,200,True,False
c772af8f,2026-09-22T06:56:04.461319+00:00,stable,3.715697,200,True,False
c772af8f,2026-09-22T06:56:04.493132+00:00,stable,3.21761,200,True,False
c772af8f,2026-09-22T06:56:04.527012+00:00,stable,3.034012,200,True,False
c772af8f,2026-09-22T06:56:04.560458+00:00,stable,3.980248,200,True,False
c772af8f,2026-09-22T06:56:04.593980+00:00,stable,3.461693,200,True,False
c772af8f,2026-09-22T06:56:04.626498+00:00,stable,2.913345,200,True,False
c772af8f,2026-09-22T06:56:04.659853+00:00,stable,2.810808,200,True,False
c772af8f,2026-09-22T06:56:04.693726+00:00,stable,2.899735,200,True,False
c772af8f,2026-09-22T06:56:04.725954+00:00,stable,2.504865,200,True,False
c772af8f,2026-09-22T06:56:04.759839+00:00,stable,3.429701,200,True,False
c772af8f,2026-09-22T06:56:04.793715+00:00,stable,3.048447,200,True,False
c772af8f,2026-09-22T06:56:04.829188+00:00,stable,5.940299,200,True,False
c772af8f,2026-09-22T06:56:04.860725+00:00,stable,3.789119,200,True,False
c772af8f,2026-09-22T06:56:04.894068+00:00,stable,3.487988,200,True,False
c772af8f,2026-09-22T06:56:04.926802+00:00,stable,3.000715,200,True,False
c772af8f,2026-09-22T06:56:04.960999+00:00,stable,3.829659,200,True,False
c772af8f,2026-09-22T06:56:04.993135+00:00,stable,2.56674,200,True,False
c772af8f,2026-09-22T06:56:05.026228+00:00,stable,2.688088,200,True,False
c772af8f,2026-09-22T06:56:05.060176+00:00,stable,3.293529,200,True,False
c772af8f,2026-09-22T06:56:05.093346+00:00,stable,3.345902,200,True,False
c772af8f,2026-09-22T06:56:05.126972+00:00,stable,3.020427,200,True,False
c772af8f,2026-09-22T06:56:05.159126+00:00,stable,2.780629,200,True,False
c772af8f,2026-09-22T06:56:05.193099+00:00,stable,3.150509,200,True,False
c772af8f,2026-09-22T06:56:05.227131+00:00,stable,3.307497,200,True,False
c772af8f,2026-09-22T06:56:05.366270+00:00,stable,42.273904,200,True,False
c772af8f,2026-09-22T06:56:05.366270+00:00,stable,109.763325,200,True,False
c772af8f,2026-09-22T06:56:05.366342+00:00,stable,75.768144,200,True,False
c772af8f,2026-09-22T06:56:05.366381+00:00,stable,9.765051,200,True,False
c772af8f,2026-09-22T06:56:05.395484+00:00,stable,5.51887,200,True,False
c772af8f,2026-09-22T06:56:05.428203+00:00,stable,4.132563,200,True,False
c772af8f,2026-09-22T06:56:05.461002+00:00,stable,4.282075,200,True,False
c772af8f,2026-09-22T06:56:05.494681+00:00,stable,4.252198,200,True,False
c772af8f,2026-09-22T06:56:05.527826+00:00,stable,4.338996,200,True,False
c772af8f,2026-09-22T06:56:05.561358+00:00,stable,4.053756,200,True,False
c772af8f,2026-09-22T06:56:05.595035+00:00,stable,4.624031,200,True,False
c772af8f,2026-09-22T06:56:05.628260+00:00,stable,4.703748,200,True,False
c772af8f,2026-09-22T06:56:05.661363+00:00,stable,4.235003,200,True,False
c772af8f,2026-09-22T06:56:05.694826+00:00,stable,4.304196,200,True,False
c772af8f,2026-09-22T06:56:05.727426+00:00,stable,3.660529,200,True,False
c772af8f,2026-09-22T06:56:05.766382+00:00,stable,9.410472,200,True,False
c772af8f,2026-09-22T06:56:05.794777+00:00,stable,4.730181,200,True,False
c772af8f,2026-09-22T06:56:05.828193+00:00,stable,4.05128,200,True,False
c772af8f,2026-09-22T06:56:05.860791+00:00,stable,4.333965,200,True,False
c772af8f,2026-09-22T06:56:05.894919+00:00,stable,4.243785,200,True,False
c772af8f,2026-09-22T06:56:05.926175+00:00,stable,2.996759,200,True,False
c772af8f,2026-09-22T06:56:05.963108+00:00,stable,5.975681,200,True,False
c772af8f,2026-09-22T06:56:05.993376+00:00,stable,3.222148,200,True,False
c772af8f,2026-09-22T06:56:06.028366+00:00,stable,4.327086,200,True,False
c772af8f,2026-09-22T06:56:06.059874+00:00,stable,3.152936,200,True,False
c772af8f,2026-09-22T06:56:06.098380+00:00,stable,7.610113,200,True,False
c772af8f,2026-09-22T06:56:06.134281+00:00,stable,10.135593,200,True,False
c772af8f,2026-09-22T06:56:06.182086+00:00,stable,24.807354,200,True,False
c772af8f,2026-09-22T06:56:06.196719+00:00,stable,5.955645,200,True,False
c772af8f,2026-09-22T06:56:06.227685+00:00,stable,4.584334,200,True,False
c772af8f,2026-09-22T06:56:06.263069+00:00,stable,5.537162,200,True,False
c772af8f,2026-09-22T06:56:06.295702+00:00,stable,5.255631,200,True,False
c772af8f,2026-09-22T06:56:06.329397+00:00,stable,6.026262,200,True,False
c772af8f,2026-09-22T06:56:06.361627+00:00,stable,4.555997,200,True,False
c772af8f,2026-09-22T06:56:06.394901+00:00,stable,4.117025,200,True,False
c772af8f,2026-09-22T06:56:06.427193+00:00,stable,3.977142,200,True,False
c772af8f,2026-09-22T06:56:06.460294+00:00,stable,3.743316,200,True,False
c772af8f,2026-09-22T06:56:06.494359+00:00,stable,3.987465,200,True,False
c772af8f,2026-09-22T06:56:06.527794+00:00,stable,3.841563,200,True,False
c772af8f,2026-09-22T06:56:06.561543+00:00,stable,4.152416,200,True,False
c772af8f,2026-09-22T06:56:06.593688+00:00,stable,3.378131,200,True,False
c772af8f,2026-09-22T06:56:06.627777+00:00,stable,3.695042,200,True,False
c772af8f,2026-09-22T06:56:06.661202+00:00,stable,3.931214,200,True,False
c772af8f,2026-09-22T06:56:06.697530+00:00,stable,6.880429,200,True,False
c772af8f,2026-09-22T06:56:06.731981+00:00,stable,7.513407,200,True,False
c772af8f,2026-09-22T06:56:06.766514+00:00,stable,8.988132,200,True,False
c772af8f,2026-09-22T06:56:06.800422+00:00,stable,9.259872,200,True,False
c772af8f,2026-09-22T06:56:06.834596+00:00,stable,10.303296,200,True,False
c772af8f,2026-09-22T06:56:06.865027+00:00,stable,7.832859,200,True,False
c772af8f,2026-09-22T06:56:06.896329+00:00,stable,6.350917,200,True,False
c772af8f,2026-09-22T06:56:06.929054+00:00,stable,4.999006,200,True,False
c772af8f,2026-09-22T06:56:06.960011+00:00,stable,3.615602,200,True,False
c772af8f,2026-09-22T06:56:06.993507+00:00,stable,3.58377,200,True,False
c772af8f,2026-09-22T06:56:07.031788+00:00,stable,7.508747,200,True,False
c772af8f,2026-09-22T06:56:07.062411+00:00,stable,5.205272,200,True,False
c772af8f,2026-09-22T06:56:07.125736+00:00,stable,35.192102,200,True,False
c772af8f,2026-09-22T06:56:07.127763+00:00,stable,4.058689,200,True,False
c772af8f,2026-09-22T06:56:07.161374+00:00,stable,4.064833,200,True,False
c772af8f,2026-09-22T06:56:07.226170+00:00,stable,4.538075,200,True,False
c772af8f,2026-09-22T06:56:07.227764+00:00,stable,3.659336,200,True,False
c772af8f,2026-09-22T06:56:07.260756+00:00,stable,3.621746,200,True,False
c772af8f,2026-09-22T06:56:07.294820+00:00,stable,4.159413,200,True,False
c772af8f,2026-09-22T06:56:07.331230+00:00,stable,6.969492,200,True,False
c772af8f,2026-09-22T06:56:07.366552+00:00,stable,9.138652,200,True,False
c772af8f,2026-09-22T06:56:07.398880+00:00,stable,8.447309,200,True,False
c772af8f,2026-09-22T06:56:07.430934+00:00,stable,7.706616,200,True,False
c772af8f,2026-09-22T06:56:07.464424+00:00,stable,6.223094,200,True,False
c772af8f,2026-09-22T06:56:07.496841+00:00,stable,5.997215,200,True,False
c772af8f,2026-09-22T06:56:07.530062+00:00,stable,6.853399,200,True,False
c772af8f,2026-09-22T06:56:07.563505+00:00,stable,6.188641,200,True,False
c772af8f,2026-09-22T06:56:07.594556+00:00,stable,3.934274,200,True,False
c772af8f,2026-09-22T06:56:07.626342+00:00,stable,3.238429,200,True,False
c772af8f,2026-09-22T06:56:07.660581+00:00,stable,3.690315,200,True,False
c772af8f,2026-09-22T06:56:07.696420+00:00,stable,5.841742,200,True,False
c772af8f,2026-09-22T06:56:07.726749+00:00,stable,3.325718,200,True,False
c772af8f,2026-09-22T06:56:07.761553+00:00,stable,4.09089,200,True,False
c772af8f,2026-09-22T06:56:07.796335+00:00,stable,5.459999,200,True,False
c772af8f,2026-09-22T06:56:07.828371+00:00,stable,4.496239,200,True,False
c772af8f,2026-09-22T06:56:07.861106+00:00,stable,4.196542,200,True,False
c772af8f,2026-09-22T06:56:07.931174+00:00,stable,7.771573,200,True,False
c772af8f,2026-09-22T06:56:07.942289+00:00,stable,18.720192,200,True,False
c772af8f,2026-09-22T06:56:08.025280+00:00,stable,67.966213,200,True,False
c772af8f,2026-09-22T06:56:08.037773+00:00,stable,15.424403,200,True,False
c772af8f,2026-09-22T06:56:08.037773+00:00,stable,13.407855,200,True,False
c772af8f,2026-09-22T06:56:08.126488+00:00,stable,67.277844,200,True,False
c772af8f,2026-09-22T06:56:08.129719+00:00,stable,7.73763,200,True,False
c772af8f,2026-09-22T06:56:08.132932+00:00,stable,9.729708,200,True,False
c772af8f,2026-09-22T06:56:08.160580+00:00,stable,3.855716,200,True,False
c772af8f,2026-09-22T06:56:08.193830+00:00,stable,3.335305,200,True,False
c772af8f,2026-09-22T06:56:08.227413+00:00,stable,3.67169,200,True,False
c772af8f,2026-09-22T06:56:08.261228+00:00,stable,4.221775,200,True,False
c772af8f,2026-09-22T06:56:08.293485+00:00,stable,3.397967,200,True,False
c772af8f,2026-09-22T06:56:08.332808+00:00,stable,7.570413,200,True,False
c772af8f,2026-09-22T06:56:08.361276+00:00,stable,3.95691,200,True,False
c772af8f,2026-09-22T06:56:08.394598+00:00,stable,4.364393,200,True,False
c772af8f,2026-09-22T06:56:08.428174+00:00,stable,4.070081,200,True,False
c772af8f,2026-09-22T06:56:08.461016+00:00,stable,3.888734,200,True,False
c772af8f,2026-09-22T06:56:08.493897+00:00,stable,3.726668,200,True,False
c772af8f,2026-09-22T06:56:08.527246+00:00,stable,3.895777,200,True,False
c772af8f,2026-09-22T06:56:08.560981+00:00,stable,3.951395,200,True,False
c772af8f,2026-09-22T06:56:08.594689+00:00,stable,3.847051,200,True,False
c772af8f,2026-09-22T06:56:08.627281+00:00,stable,3.149722,200,True,False
c772af8f,2026-09-22T06:56:08.660893+00:00,stable,3.68749,200,True,False
c772af8f,2026-09-22T06:56:08.696496+00:00,stable,5.407314,200,True,False
c772af8f,2026-09-22T06:56:08.728017+00:00,stable,3.810472,200,True,False
c772af8f,2026-09-22T06:56:08.760966+00:00,stable,4.45968,200,True,False
c772af8f,2026-09-22T06:56:08.794364+00:00,stable,3.465655,200,True,False
c772af8f,2026-09-22T06:56:08.827320+00:00,stable,3.339718,200,True,False
c772af8f,2026-09-22T06:56:08.860704+00:00,stable,3.815941,200,True,False
c772af8f,2026-09-22T06:56:08.894179+00:00,stable,3.32612,200,True,False
c772af8f,2026-09-22T06:56:08.927506+00:00,stable,3.872469,200,True,False
c772af8f,2026-09-22T06:56:08.960256+00:00,stable,3.266931,200,True,False
c772af8f,2026-09-22T06:56:08.994609+00:00,stable,4.441189,200,True,False
c772af8f,2026-09-22T06:56:09.027932+00:00,stable,3.80771,200,True,False
c772af8f,2026-09-22T06:56:09.060459+00:00,stable,3.919335,200,True,False
c772af8f,2026-09-22T06:56:09.094925+00:00,stable,4.392396,200,True,False
c772af8f,2026-09-22T06:56:09.126916+00:00,stable,3.568069,200,True,False
c772af8f,2026-09-22T06:56:09.160942+00:00,stable,3.453641,200,True,False
c772af8f,2026-09-22T06:56:09.195520+00:00,stable,4.77209,200,True,False
c772af8f,2026-09-22T06:56:09.228543+00:00,stable,4.487498,200,True,False
c772af8f,2026-09-22T06:56:09.261325+00:00,stable,3.866173,200,True,False
c772af8f,2026-09-22T06:56:09.294826+00:00,stable,4.127663,200,True,False
c772af8f,2026-09-22T06:56:09.327737+00:00,stable,3.887658,200,True,False
c772af8f,2026-09-22T06:56:09.361169+00:00,stable,3.728137,200,True,False
c772af8f,2026-09-22T06:56:09.394129+00:00,stable,3.83703,200,True,False
c772af8f,2026-09-22T06:56:09.427599+00:00,stable,3.97978,200,True,False
c772af8f,2026-09-22T06:56:09.461131+00:00,stable,4.029417,200,True,False
c772af8f,2026-09-22T06:56:09.495073+00:00,stable,4.239363,200,True,False
c772af8f,2026-09-22T06:56:09.527132+00:00,stable,3.664081,200,True,False
c772af8f,2026-09-22T06:56:09.560730+00:00,stable,3.789883,200,True,False
c772af8f,2026-09-22T06:56:09.598717+00:00,stable,8.049435,200,True,False
c772af8f,2026-09-22T06:56:09.627173+00:00,stable,3.025989,200,True,False
c772af8f,2026-09-22T06:56:09.660127+00:00,stable,3.252253,200,True,False
c772af8f,2026-09-22T06:56:09.693124+00:00,stable,2.998161,200,True,False
c772af8f,2026-09-22T06:56:09.726395+00:00,stable,2.660011,200,True,False
c772af8f,2026-09-22T06:56:09.759971+00:00,stable,2.980411,200,True,False
c772af8f,2026-09-22T06:56:09.793416+00:00,stable,3.006526,200,True,False
c772af8f,2026-09-22T06:56:09.827028+00:00,stable,2.959008,200,True,False
c772af8f,2026-09-22T06:56:09.859868+00:00,stable,3.035221,200,True,False
c772af8f,2026-09-22T06:56:09.892681+00:00,stable,2.802826,200,True,False
c772af8f,2026-09-22T06:56:09.926669+00:00,stable,3.140109,200,True,False
c772af8f,2026-09-22T06:56:09.960080+00:00,stable,2.956857,200,True,False
c772af8f,2026-09-22T06:56:10.024201+00:00,stable,33.907163,200,True,False
c772af8f,2026-09-22T06:56:10.027514+00:00,stable,3.417404,200,True,False
c772af8f,2026-09-22T06:56:10.060422+00:00,stable,3.303219,200,True,False
c772af8f,2026-09-22T06:56:10.093344+00:00,stable,3.160541,200,True,False
c772af8f,2026-09-22T06:56:10.127228+00:00,stable,3.175726,200,True,False
c772af8f,2026-09-22T06:56:10.159985+00:00,stable,3.053574,200,True,False
c772af8f,2026-09-22T06:56:10.193114+00:00,stable,3.329033,200,True,False
c772af8f,2026-09-22T06:56:10.226658+00:00,stable,3.096074,200,True,False
c772af8f,2026-09-22T06:56:10.259712+00:00,stable,2.538464,200,True,False
c772af8f,2026-09-22T06:56:10.293723+00:00,stable,3.0832,200,True,False
c772af8f,2026-09-22T06:56:10.326988+00:00,stable,3.47377,200,True,False
c772af8f,2026-09-22T06:56:10.360115+00:00,stable,3.041726,200,True,False
c772af8f,2026-09-22T06:56:10.393358+00:00,stable,3.601727,200,True,False
c772af8f,2026-09-22T06:56:10.427388+00:00,stable,3.608458,200,True,False
c772af8f,2026-09-22T06:56:10.459868+00:00,stable,3.010118,200,True,False
c772af8f,2026-09-22T06:56:10.494097+00:00,stable,3.432513,200,True,False
c772af8f,2026-09-22T06:56:10.526649+00:00,stable,3.003948,200,True,False
c772af8f,2026-09-22T06:56:10.560744+00:00,stable,3.229011,200,True,False
c772af8f,2026-09-22T06:56:10.593159+00:00,stable,2.793809,200,True,False
c772af8f,2026-09-22T06:56:10.626506+00:00,stable,2.707446,200,True,False
c772af8f,2026-09-22T06:56:10.660310+00:00,stable,3.372387,200,True,False
c772af8f,2026-09-22T06:56:10.694245+00:00,stable,4.10737,200,True,False
c772af8f,2026-09-22T06:56:10.726419+00:00,stable,2.768082,200,True,False
c772af8f,2026-09-22T06:56:10.759821+00:00,stable,3.009338,200,True,False
c772af8f,2026-09-22T06:56:10.794067+00:00,stable,3.809381,200,True,False
c772af8f,2026-09-22T06:56:10.826481+00:00,stable,3.027463,200,True,False
c772af8f,2026-09-22T06:56:10.859846+00:00,stable,2.762337,200,True,False
c772af8f,2026-09-22T06:56:10.893398+00:00,stable,2.698638,200,True,False
c772af8f,2026-09-22T06:56:10.926727+00:00,stable,2.875994,200,True,False
c772af8f,2026-09-22T06:56:10.960087+00:00,stable,2.812853,200,True,False
c772af8f,2026-09-22T06:56:10.994388+00:00,stable,3.679001,200,True,False
c772af8f,2026-09-22T06:56:11.027596+00:00,stable,3.514821,200,True,False
c772af8f,2026-09-22T06:56:11.060375+00:00,stable,3.13557,200,True,False
c772af8f,2026-09-22T06:56:11.092552+00:00,stable,2.549515,200,True,False
c772af8f,2026-09-22T06:56:11.130306+00:00,stable,6.181556,200,True,False
c772af8f,2026-09-22T06:56:11.160664+00:00,stable,3.145786,200,True,False
c772af8f,2026-09-22T06:56:11.193281+00:00,stable,2.716941,200,True,False
c772af8f,2026-09-22T06:56:11.226833+00:00,stable,3.071637,200,True,False
c772af8f,2026-09-22T06:56:11.260495+00:00,stable,3.179741,200,True,False
c772af8f,2026-09-22T06:56:11.293389+00:00,stable,3.191556,200,True,False
c772af8f,2026-09-22T06:56:11.327591+00:00,stable,3.615339,200,True,False
c772af8f,2026-09-22T06:56:11.359615+00:00,stable,2.729096,200,True,False
c772af8f,2026-09-22T06:56:11.393335+00:00,stable,2.746645,200,True,False
c772af8f,2026-09-22T06:56:11.426987+00:00,stable,3.10005,200,True,False
c772af8f,2026-09-22T06:56:11.459421+00:00,stable,2.929003,200,True,False
c772af8f,2026-09-22T06:56:11.493095+00:00,stable,2.933196,200,True,False
c772af8f,2026-09-22T06:56:11.526960+00:00,stable,3.208865,200,True,False
c772af8f,2026-09-22T06:56:11.560986+00:00,stable,3.668109,200,True,False
c772af8f,2026-09-22T06:56:11.593891+00:00,stable,3.135947,200,True,False
c772af8f,2026-09-22T06:56:11.626250+00:00,stable,2.925397,200,True,False
c772af8f,2026-09-22T06:56:11.659588+00:00,stable,2.819927,200,True,False
c772af8f,2026-09-22T06:56:11.694217+00:00,stable,3.832176,200,True,False
c772af8f,2026-09-22T06:56:11.731379+00:00,stable,7.119309,200,True,False
c772af8f,2026-09-22T06:56:11.760854+00:00,stable,3.891036,200,True,False
c772af8f,2026-09-22T06:56:11.794546+00:00,stable,3.784078,200,True,False
c772af8f,2026-09-22T06:56:11.825756+00:00,stable,2.612952,200,True,False
c772af8f,2026-09-22T06:56:11.860813+00:00,stable,4.299855,200,True,False
c772af8f,2026-09-22T06:56:11.893399+00:00,stable,2.672788,200,True,False
c772af8f,2026-09-22T06:56:11.926710+00:00,stable,2.895115,200,True,False
c772af8f,2026-09-22T06:56:11.960031+00:00,stable,2.76417,200,True,False
c772af8f,2026-09-22T06:56:11.993333+00:00,stable,3.469841,200,True,False
c772af8f,2026-09-22T06:56:12.027088+00:00,stable,3.021189,200,True,False
c772af8f,2026-09-22T06:56:12.060010+00:00,stable,3.056084,200,True,False
c772af8f,2026-09-22T06:56:12.093586+00:00,stable,2.823933,200,True,False
c772af8f,2026-09-22T06:56:12.126702+00:00,stable,2.670142,200,True,False
c772af8f,2026-09-22T06:56:12.160156+00:00,stable,3.000345,200,True,False
c772af8f,2026-09-22T06:56:12.192926+00:00,stable,2.869457,200,True,False
c772af8f,2026-09-22T06:56:12.226457+00:00,stable,3.147393,200,True,False
c772af8f,2026-09-22T06:56:12.259885+00:00,stable,2.959186,200,True,False
c772af8f,2026-09-22T06:56:12.294491+00:00,stable,4.264501,200,True,False
c772af8f,2026-09-22T06:56:12.326129+00:00,stable,3.027046,200,True,False
c772af8f,2026-09-22T06:56:12.359436+00:00,stable,2.616277,200,True,False
c772af8f,2026-09-22T06:56:12.393186+00:00,stable,2.684481,200,True,False
c772af8f,2026-09-22T06:56:12.426836+00:00,stable,2.948105,200,True,False
c772af8f,2026-09-22T06:56:12.459479+00:00,stable,2.88115,200,True,False
c772af8f,2026-09-22T06:56:12.493006+00:00,stable,2.86899,200,True,False
c772af8f,2026-09-22T06:56:12.526237+00:00,stable,2.745357,200,True,False
c772af8f,2026-09-22T06:56:12.560081+00:00,stable,2.959028,200,True,False
c772af8f,2026-09-22T06:56:12.593820+00:00,stable,3.23747,200,True,False
c772af8f,2026-09-22T06:56:12.626255+00:00,stable,3.020465,200,True,False
c772af8f,2026-09-22T06:56:12.659491+00:00,stable,2.622689,200,True,False
c772af8f,2026-09-22T06:56:12.693438+00:00,stable,3.269855,200,True,False
c772af8f,2026-09-22T06:56:12.726816+00:00,stable,2.90912,200,True,False
c772af8f,2026-09-22T06:56:12.760382+00:00,stable,3.123719,200,True,False
c772af8f,2026-09-22T06:56:12.822770+00:00,stable,32.720586,200,True,False
c772af8f,2026-09-22T06:56:12.827069+00:00,stable,3.788844,200,True,False
c772af8f,2026-09-22T06:56:12.859839+00:00,stable,3.343594,200,True,False
c772af8f,2026-09-22T06:56:12.925564+00:00,stable,35.891451,200,True,False
c772af8f,2026-09-22T06:56:12.928221+00:00,stable,4.148767,200,True,False
c772af8f,2026-09-22T06:56:12.959663+00:00,stable,2.80872,200,True,False
c772af8f,2026-09-22T06:56:12.993086+00:00,stable,2.560499,200,True,False
c772af8f,2026-09-22T06:56:13.026836+00:00,stable,3.19406,200,True,False
c772af8f,2026-09-22T06:56:13.060270+00:00,stable,2.951236,200,True,False
c772af8f,2026-09-22T06:56:13.093343+00:00,stable,2.924869,200,True,False
c772af8f,2026-09-22T06:56:13.126681+00:00,stable,2.831674,200,True,False
c772af8f,2026-09-22T06:56:13.160407+00:00,stable,3.018654,200,True,False
c772af8f,2026-09-22T06:56:13.193410+00:00,stable,3.112499,200,True,False
c772af8f,2026-09-22T06:56:13.226617+00:00,stable,2.772602,200,True,False
c772af8f,2026-09-22T06:56:13.260075+00:00,stable,2.718053,200,True,False
c772af8f,2026-09-22T06:56:13.293923+00:00,stable,3.12462,200,True,False
c772af8f,2026-09-22T06:56:13.326420+00:00,stable,2.998979,200,True,False
c772af8f,2026-09-22T06:56:13.360017+00:00,stable,2.945098,200,True,False
c772af8f,2026-09-22T06:56:13.394474+00:00,stable,3.700115,200,True,False
c772af8f,2026-09-22T06:56:13.426016+00:00,stable,2.734969,200,True,False
c772af8f,2026-09-22T06:56:13.460715+00:00,stable,3.210304,200,True,False
c772af8f,2026-09-22T06:56:13.493616+00:00,stable,2.923989,200,True,False
c772af8f,2026-09-22T06:56:13.530823+00:00,stable,7.537848,200,True,False
c772af8f,2026-09-22T06:56:13.561500+00:00,stable,3.953658,200,True,False
c772af8f,2026-09-22T06:56:13.594485+00:00,stable,3.7878,200,True,False
c772af8f,2026-09-22T06:56:13.627187+00:00,stable,3.105611,200,True,False
c772af8f,2026-09-22T06:56:13.660172+00:00,stable,3.589096,200,True,False
c772af8f,2026-09-22T06:56:13.693531+00:00,stable,3.411651,200,True,False
c772af8f,2026-09-22T06:56:13.727475+00:00,stable,3.374784,200,True,False
c772af8f,2026-09-22T06:56:13.760421+00:00,stable,3.236877,200,True,False
c772af8f,2026-09-22T06:56:13.793270+00:00,stable,2.78572,200,True,False
c772af8f,2026-09-22T06:56:13.827698+00:00,stable,3.665664,200,True,False
c772af8f,2026-09-22T06:56:13.860697+00:00,stable,3.2216,200,True,False
c772af8f,2026-09-22T06:56:13.893697+00:00,stable,3.26497,200,True,False
c772af8f,2026-09-22T06:56:13.926966+00:00,stable,3.448839,200,True,False
c772af8f,2026-09-22T06:56:13.960435+00:00,stable,3.631553,200,True,False
c772af8f,2026-09-22T06:56:13.993871+00:00,stable,3.409409,200,True,False
c772af8f,2026-09-22T06:56:14.026545+00:00,stable,3.17209,200,True,False
c772af8f,2026-09-22T06:56:14.059625+00:00,stable,2.931307,200,True,False
c772af8f,2026-09-22T06:56:14.093725+00:00,stable,3.317288,200,True,False
c772af8f,2026-09-22T06:56:14.126102+00:00,stable,2.976938,200,True,False
c772af8f,2026-09-22T06:56:14.160509+00:00,stable,3.708346,200,True,False
c772af8f,2026-09-22T06:56:14.194741+00:00,stable,4.201037,200,True,False
c772af8f,2026-09-22T06:56:14.226716+00:00,stable,3.415464,200,True,False
c772af8f,2026-09-22T06:56:14.260297+00:00,stable,3.175146,200,True,False
c772af8f,2026-09-22T06:56:14.293986+00:00,stable,3.640167,200,True,False
c772af8f,2026-09-22T06:56:14.327440+00:00,stable,3.800447,200,True,False
c772af8f,2026-09-22T06:56:14.360516+00:00,stable,3.57906,200,True,False
c772af8f,2026-09-22T06:56:14.394815+00:00,stable,4.490972,200,True,False
c772af8f,2026-09-22T06:56:14.426964+00:00,stable,3.535537,200,True,False
c772af8f,2026-09-22T06:56:14.462250+00:00,stable,4.757064,200,True,False
c772af8f,2026-09-22T06:56:14.497545+00:00,stable,4.370261,200,True,False
c772af8f,2026-09-22T06:56:14.528661+00:00,stable,4.425618,200,True,False
c772af8f,2026-09-22T06:56:14.561163+00:00,stable,3.957488,200,True,False
c772af8f,2026-09-22T06:56:14.596370+00:00,stable,5.789463,200,True,False
c772af8f,2026-09-22T06:56:14.627930+00:00,stable,3.848217,200,True,False
c772af8f,2026-09-22T06:56:14.660394+00:00,stable,3.646428,200,True,False
c772af8f,2026-09-22T06:56:14.695411+00:00,stable,4.789329,200,True,False
c772af8f,2026-09-22T06:56:14.732051+00:00,stable,4.48447,200,True,False
c772af8f,2026-09-22T06:56:14.760936+00:00,stable,4.41859,200,True,False
c772af8f,2026-09-22T06:56:14.795370+00:00,stable,4.555779,200,True,False
c772af8f,2026-09-22T06:56:14.828543+00:00,stable,4.310418,200,True,False
c772af8f,2026-09-22T06:56:14.863410+00:00,stable,5.841398,200,True,False
c772af8f,2026-09-22T06:56:14.895305+00:00,stable,4.840334,200,True,False
c772af8f,2026-09-22T06:56:14.928699+00:00,stable,4.660723,200,True,False
c772af8f,2026-09-22T06:56:14.961829+00:00,stable,5.351465,200,True,False
c772af8f,2026-09-22T06:56:15.029413+00:00,stable,5.571785,200,True,False
c772af8f,2026-09-22T06:56:15.029968+00:00,stable,7.676031,200,True,False
c772af8f,2026-09-22T06:56:15.063059+00:00,stable,5.659905,200,True,False
c772af8f,2026-09-22T06:56:15.096081+00:00,stable,4.903484,200,True,False
c772af8f,2026-09-22T06:56:15.130694+00:00,stable,6.56012,200,True,False
c772af8f,2026-09-22T06:56:15.164127+00:00,stable,6.839976,200,True,False
c772af8f,2026-09-22T06:56:15.194291+00:00,stable,4.252426,200,True,False
c772af8f,2026-09-22T06:56:15.229196+00:00,stable,5.000546,200,True,False
c772af8f,2026-09-22T06:56:15.265099+00:00,stable,8.229503,200,True,False
c772af8f,2026-09-22T06:56:15.305384+00:00,stable,14.979247,200,True,False
c772af8f,2026-09-22T06:56:15.330586+00:00,stable,6.200547,200,True,False
c772af8f,2026-09-22T06:56:15.361150+00:00,stable,3.934355,200,True,False
c772af8f,2026-09-22T06:56:15.395981+00:00,stable,6.097405,200,True,False
c772af8f,2026-09-22T06:56:15.429592+00:00,stable,5.915252,200,True,False
c772af8f,2026-09-22T06:56:15.461550+00:00,stable,4.055974,200,True,False
c772af8f,2026-09-22T06:56:15.494484+00:00,stable,4.079796,200,True,False
c772af8f,2026-09-22T06:56:15.529251+00:00,stable,4.772739,200,True,False
c772af8f,2026-09-22T06:56:15.561153+00:00,stable,4.077485,200,True,False
c772af8f,2026-09-22T06:56:15.594781+00:00,stable,4.480579,200,True,False
c772af8f,2026-09-22T06:56:15.628399+00:00,stable,5.163702,200,True,False
c772af8f,2026-09-22T06:56:15.661220+00:00,stable,4.235719,200,True,False
c772af8f,2026-09-22T06:56:15.694358+00:00,stable,3.995713,200,True,False
c772af8f,2026-09-22T06:56:15.727384+00:00,stable,4.261193,200,True,False
c772af8f,2026-09-22T06:56:15.761691+00:00,stable,4.328113,200,True,False
c772af8f,2026-09-22T06:56:15.795589+00:00,stable,4.945581,200,True,False
c772af8f,2026-09-22T06:56:15.828492+00:00,stable,4.332339,200,True,False
c772af8f,2026-09-22T06:56:15.861215+00:00,stable,4.071012,200,True,False
c772af8f,2026-09-22T06:56:15.894311+00:00,stable,4.1708,200,True,False
c772af8f,2026-09-22T06:56:15.927942+00:00,stable,4.149883,200,True,False
c772af8f,2026-09-22T06:56:15.961593+00:00,stable,4.198895,200,True,False
c772af8f,2026-09-22T06:56:15.994544+00:00,stable,3.887097,200,True,False
c772af8f,2026-09-22T06:56:16.027848+00:00,stable,4.011807,200,True,False
c772af8f,2026-09-22T06:56:16.061211+00:00,stable,3.89949,200,True,False
c772af8f,2026-09-22T06:56:16.094189+00:00,stable,3.844449,200,True,False
c772af8f,2026-09-22T06:56:16.127561+00:00,stable,3.856099,200,True,False
c772af8f,2026-09-22T06:56:16.160938+00:00,stable,3.864867,200,True,False
c772af8f,2026-09-22T06:56:16.195018+00:00,stable,4.084539,200,True,False
c772af8f,2026-09-22T06:56:16.227624+00:00,stable,4.071734,200,True,False
c772af8f,2026-09-22T06:56:16.261630+00:00,stable,4.220823,200,True,False
c772af8f,2026-09-22T06:56:16.294731+00:00,stable,3.978786,200,True,False
c772af8f,2026-09-22T06:56:16.326982+00:00,stable,3.717791,200,True,False
c772af8f,2026-09-22T06:56:16.360714+00:00,stable,4.248108,200,True,False
c772af8f,2026-09-22T06:56:16.395048+00:00,stable,4.608939,200,True,False
c772af8f,2026-09-22T06:56:16.427586+00:00,stable,3.940683,200,True,False
c772af8f,2026-09-22T06:56:16.461065+00:00,stable,3.89935,200,True,False
c772af8f,2026-09-22T06:56:16.493665+00:00,stable,3.921891,200,True,False
c772af8f,2026-09-22T06:56:16.526982+00:00,stable,3.46197,200,True,False
c772af8f,2026-09-22T06:56:16.560566+00:00,stable,3.680387,200,True,False
c772af8f,2026-09-22T06:56:16.593859+00:00,stable,3.471267,200,True,False
c772af8f,2026-09-22T06:56:16.627223+00:00,stable,3.603144,200,True,False
c772af8f,2026-09-22T06:56:16.660756+00:00,stable,3.749077,200,True,False
c772af8f,2026-09-22T06:56:16.694055+00:00,stable,3.519811,200,True,False
c772af8f,2026-09-22T06:56:16.727419+00:00,stable,3.630255,200,True,False
c772af8f,2026-09-22T06:56:16.760576+00:00,stable,3.533034,200,True,False
c772af8f,2026-09-22T06:56:16.794058+00:00,stable,3.452794,200,True,False
c772af8f,2026-09-22T06:56:16.827747+00:00,stable,3.897674,200,True,False
c772af8f,2026-09-22T06:56:16.859880+00:00,stable,3.489946,200,True,False
c772af8f,2026-09-22T06:56:16.894168+00:00,stable,3.53491,200,True,False
c772af8f,2026-09-22T06:56:16.927127+00:00,stable,3.46364,200,True,False
c772af8f,2026-09-22T06:56:16.960470+00:00,stable,3.511772,200,True,False
c772af8f,2026-09-22T06:56:16.993516+00:00,stable,3.228949,200,True,False
c772af8f,2026-09-22T06:56:17.027715+00:00,stable,3.416552,200,True,False
c772af8f,2026-09-22T06:56:17.059949+00:00,stable,2.907439,200,True,False
c772af8f,2026-09-22T06:56:17.096274+00:00,stable,6.070811,200,True,False
c772af8f,2026-09-22T06:56:17.127384+00:00,stable,3.284316,200,True,False
c772af8f,2026-09-22T06:56:17.160245+00:00,stable,3.164414,200,True,False
c772af8f,2026-09-22T06:56:17.193716+00:00,stable,3.550857,200,True,False
c772af8f,2026-09-22T06:56:17.229897+00:00,stable,3.574066,200,True,False
c772af8f,2026-09-22T06:56:17.260711+00:00,stable,3.285565,200,True,False
c772af8f,2026-09-22T06:56:17.293837+00:00,stable,3.363515,200,True,False
c772af8f,2026-09-22T06:56:17.327074+00:00,stable,3.389628,200,True,False
c772af8f,2026-09-22T06:56:17.360703+00:00,stable,4.182165,200,True,False
c772af8f,2026-09-22T06:56:17.393798+00:00,stable,3.891151,200,True,False
c772af8f,2026-09-22T06:56:17.426779+00:00,stable,3.529797,200,True,False
c772af8f,2026-09-22T06:56:17.460968+00:00,stable,3.633428,200,True,False
c772af8f,2026-09-22T06:56:17.494063+00:00,stable,3.345495,200,True,False
c772af8f,2026-09-22T06:56:17.527108+00:00,stable,3.482992,200,True,False
c772af8f,2026-09-22T06:56:17.560203+00:00,stable,3.671425,200,True,False
c772af8f,2026-09-22T06:56:17.593767+00:00,stable,3.55282,200,True,False
c772af8f,2026-09-22T06:56:17.626585+00:00,stable,3.424679,200,True,False
c772af8f,2026-09-22T06:56:17.661699+00:00,stable,4.323974,200,True,False
c772af8f,2026-09-22T06:56:17.693555+00:00,stable,3.510084,200,True,False
c772af8f,2026-09-22T06:56:17.727808+00:00,stable,3.723246,200,True,False
c772af8f,2026-09-22T06:56:17.761107+00:00,stable,3.864854,200,True,False
c772af8f,2026-09-22T06:56:17.794017+00:00,stable,3.949318,200,True,False
c772af8f,2026-09-22T06:56:17.827519+00:00,stable,3.948987,200,True,False
c772af8f,2026-09-22T06:56:17.861204+00:00,stable,4.214361,200,True,False
c772af8f,2026-09-22T06:56:17.894179+00:00,stable,4.077794,200,True,False
c772af8f,2026-09-22T06:56:17.927883+00:00,stable,3.921104,200,True,False
c772af8f,2026-09-22T06:56:17.961687+00:00,stable,4.289182,200,True,False
c772af8f,2026-09-22T06:56:17.994674+00:00,stable,4.051202,200,True,False
c772af8f,2026-09-22T06:56:18.028033+00:00,stable,4.529864,200,True,False
c772af8f,2026-09-22T06:56:18.060779+00:00,stable,4.16257,200,True,False
c772af8f,2026-09-22T06:56:18.094331+00:00,stable,4.284919,200,True,False
c772af8f,2026-09-22T06:56:18.128147+00:00,stable,4.120644,200,True,False
c772af8f,2026-09-22T06:56:18.161316+00:00,stable,4.081443,200,True,False
c772af8f,2026-09-22T06:56:18.196040+00:00,stable,5.178625,200,True,False
c772af8f,2026-09-22T06:56:18.228180+00:00,stable,4.524388,200,True,False
c772af8f,2026-09-22T06:56:18.261691+00:00,stable,4.733915,200,True,False
c772af8f,2026-09-22T06:56:18.296996+00:00,stable,5.230409,200,True,False
c772af8f,2026-09-22T06:56:18.329554+00:00,stable,5.576688,200,True,False
c772af8f,2026-09-22T06:56:18.362756+00:00,stable,5.427524,200,True,False
c772af8f,2026-09-22T06:56:18.395642+00:00,stable,5.484727,200,True,False
c772af8f,2026-09-22T06:56:18.429276+00:00,stable,6.030633,200,True,False
c772af8f,2026-09-22T06:56:18.463403+00:00,stable,6.371136,200,True,False
c772af8f,2026-09-22T06:56:18.497667+00:00,stable,6.393979,200,True,False
c772af8f,2026-09-22T06:56:18.530437+00:00,stable,6.265288,200,True,False
c772af8f,2026-09-22T06:56:18.562310+00:00,stable,5.28469,200,True,False
c772af8f,2026-09-22T06:56:18.597432+00:00,stable,6.648406,200,True,False
c772af8f,2026-09-22T06:56:18.636723+00:00,stable,11.778883,200,True,False
c772af8f,2026-09-22T06:56:18.662434+00:00,stable,5.356565,200,True,False
c772af8f,2026-09-22T06:56:18.697427+00:00,stable,6.421361,200,True,False
c772af8f,2026-09-22T06:56:18.729728+00:00,stable,5.761682,200,True,False
c772af8f,2026-09-22T06:56:18.761874+00:00,stable,4.822332,200,True,False
c772af8f,2026-09-22T06:56:18.796270+00:00,stable,5.552115,200,True,False
c772af8f,2026-09-22T06:56:18.829041+00:00,stable,4.719132,200,True,False
c772af8f,2026-09-22T06:56:18.861033+00:00,stable,4.521444,200,True,False
c772af8f,2026-09-22T06:56:18.894879+00:00,stable,4.828172,200,True,False
c772af8f,2026-09-22T06:56:18.928080+00:00,stable,4.613513,200,True,False
c772af8f,2026-09-22T06:56:18.961719+00:00,stable,4.817174,200,True,False
c772af8f,2026-09-22T06:56:18.994110+00:00,stable,4.330335,200,True,False
c772af8f,2026-09-22T06:56:19.028610+00:00,stable,4.521288,200,True,False
c772af8f,2026-09-22T06:56:19.060748+00:00,stable,4.232041,200,True,False
c772af8f,2026-09-22T06:56:19.095341+00:00,stable,4.681751,200,True,False
c772af8f,2026-09-22T06:56:19.128370+00:00,stable,4.560971,200,True,False
c772af8f,2026-09-22T06:56:19.161163+00:00,stable,4.26866,200,True,False
c772af8f,2026-09-22T06:56:19.194315+00:00,stable,4.11795,200,True,False
c772af8f,2026-09-22T06:56:19.228267+00:00,stable,4.273082,200,True,False
c772af8f,2026-09-22T06:56:19.261126+00:00,stable,4.210946,200,True,False
c772af8f,2026-09-22T06:56:19.294876+00:00,stable,4.337097,200,True,False
c772af8f,2026-09-22T06:56:19.327743+00:00,stable,4.38921,200,True,False
c772af8f,2026-09-22T06:56:19.360931+00:00,stable,4.525981,200,True,False
c772af8f,2026-09-22T06:56:19.394732+00:00,stable,4.007194,200,True,False
c772af8f,2026-09-22T06:56:19.427230+00:00,stable,4.149719,200,True,False
c772af8f,2026-09-22T06:56:19.460791+00:00,stable,4.001822,200,True,False
c772af8f,2026-09-22T06:56:19.495005+00:00,stable,4.486892,200,True,False
c772af8f,2026-09-22T06:56:19.527385+00:00,stable,3.920669,200,True,False
c772af8f,2026-09-22T06:56:19.560924+00:00,stable,3.97095,200,True,False
c772af8f,2026-09-22T06:56:19.594575+00:00,stable,4.711382,200,True,False
c772af8f,2026-09-22T06:56:19.627096+00:00,stable,3.747847,200,True,False
c772af8f,2026-09-22T06:56:19.660367+00:00,stable,3.885737,200,True,False
c772af8f,2026-09-22T06:56:19.693875+00:00,stable,3.511915,200,True,False
c772af8f,2026-09-22T06:56:19.727176+00:00,stable,3.666965,200,True,False
c772af8f,2026-09-22T06:56:19.761255+00:00,stable,3.910378,200,True,False
c772af8f,2026-09-22T06:56:19.794058+00:00,stable,3.93451,200,True,False
c772af8f,2026-09-22T06:56:19.828280+00:00,stable,4.247725,200,True,False
c772af8f,2026-09-22T06:56:19.860722+00:00,stable,3.844304,200,True,False
c772af8f,2026-09-22T06:56:19.894589+00:00,stable,4.064495,200,True,False
c772af8f,2026-09-22T06:56:19.927989+00:00,stable,3.841639,200,True,False
c772af8f,2026-09-22T06:56:19.960374+00:00,stable,3.810693,200,True,False
c772af8f,2026-09-22T06:56:19.994510+00:00,stable,4.207656,200,True,False
c772af8f,2026-09-22T06:56:20.028601+00:00,stable,4.2851,200,True,False
c772af8f,2026-09-22T06:56:20.061386+00:00,stable,4.123621,200,True,False
c772af8f,2026-09-22T06:56:20.094547+00:00,stable,4.198053,200,True,False
c772af8f,2026-09-22T06:56:20.128975+00:00,stable,4.817233,200,True,False
c772af8f,2026-09-22T06:56:20.161568+00:00,stable,4.103384,200,True,False
c772af8f,2026-09-22T06:56:20.194436+00:00,stable,4.093131,200,True,False
c772af8f,2026-09-22T06:56:20.227789+00:00,stable,3.926338,200,True,False
c772af8f,2026-09-22T06:56:20.260862+00:00,stable,3.759479,200,True,False
c772af8f,2026-09-22T06:56:20.294180+00:00,stable,3.530207,200,True,False
c772af8f,2026-09-22T06:56:20.327592+00:00,stable,3.988706,200,True,False
c772af8f,2026-09-22T06:56:20.361158+00:00,stable,3.91237,200,True,False
c772af8f,2026-09-22T06:56:20.394012+00:00,stable,3.880939,200,True,False
c772af8f,2026-09-22T06:56:20.428119+00:00,stable,4.309953,200,True,False
c772af8f,2026-09-22T06:56:20.461684+00:00,stable,5.230946,200,True,False
c772af8f,2026-09-22T06:56:20.494552+00:00,stable,4.019833,200,True,False
c772af8f,2026-09-22T06:56:20.527832+00:00,stable,4.726828,200,True,False
c772af8f,2026-09-22T06:56:20.561779+00:00,stable,4.454997,200,True,False
c772af8f,2026-09-22T06:56:20.595201+00:00,stable,4.712462,200,True,False
c772af8f,2026-09-22T06:56:20.627724+00:00,stable,3.723508,200,True,False
c772af8f,2026-09-22T06:56:20.661191+00:00,stable,3.690847,200,True,False
c772af8f,2026-09-22T06:56:20.693640+00:00,stable,3.773071,200,True,False
c772af8f,2026-09-22T06:56:20.728108+00:00,stable,3.856346,200,True,False
c772af8f,2026-09-22T06:56:20.762751+00:00,stable,6.273866,200,True,False
c772af8f,2026-09-22T06:56:20.794264+00:00,stable,3.739468,200,True,False
c772af8f,2026-09-22T06:56:20.827505+00:00,stable,3.735017,200,True,False
c772af8f,2026-09-22T06:56:20.860926+00:00,stable,3.939784,200,True,False
c772af8f,2026-09-22T06:56:20.894825+00:00,stable,4.168957,200,True,False
c772af8f,2026-09-22T06:56:20.927654+00:00,stable,4.448644,200,True,False
c772af8f,2026-09-22T06:56:20.961517+00:00,stable,4.065944,200,True,False
c772af8f,2026-09-22T06:56:20.994461+00:00,stable,4.116373,200,True,False
c772af8f,2026-09-22T06:56:21.027986+00:00,stable,3.830511,200,True,False
c772af8f,2026-09-22T06:56:21.060511+00:00,stable,3.715487,200,True,False
c772af8f,2026-09-22T06:56:21.094634+00:00,stable,3.871226,200,True,False
c772af8f,2026-09-22T06:56:21.127905+00:00,stable,3.848065,200,True,False
c772af8f,2026-09-22T06:56:21.161534+00:00,stable,4.12147,200,True,False
c772af8f,2026-09-22T06:56:21.230779+00:00,stable,9.024384,200,True,False
c772af8f,2026-09-22T06:56:21.327678+00:00,stable,102.466546,200,True,False
c772af8f,2026-09-22T06:56:21.336198+00:00,stable,14.274194,200,True,False
c772af8f,2026-09-22T06:56:21.621992+00:00,stable,296.178362,200,True,True
c772af8f,2026-09-22T06:56:21.623745+00:00,stable,200.218369,200,True,True
c772af8f,2026-09-22T06:56:21.623913+00:00,stable,298.475724,200,True,True
c772af8f,2026-09-22T06:56:21.623938+00:00,stable,200.471838,200,True,True
c772af8f,2026-09-22T06:56:21.628592+00:00,stable,205.321235,200,True,True
c772af8f,2026-09-22T06:56:21.630460+00:00,stable,6.30392,200,True,False
c772af8f,2026-09-22T06:56:21.728811+00:00,stable,104.761381,200,True,False
c772af8f,2026-09-22T06:56:21.728893+00:00,stable,107.034858,200,True,False
c772af8f,2026-09-22T06:56:21.728912+00:00,stable,104.749402,200,True,False
c772af8f,2026-09-22T06:56:21.728967+00:00,stable,104.926661,200,True,False
c772af8f,2026-09-22T06:56:21.730369+00:00,stable,108.178591,200,True,False
c772af8f,2026-09-22T06:56:21.733426+00:00,stable,5.927153,200,True,False
c772af8f,2026-09-22T06:56:21.738914+00:00,stable,11.336821,200,True,False
c772af8f,2026-09-22T06:56:21.741601+00:00,stable,14.160439,200,True,False
c772af8f,2026-09-22T06:56:21.824937+00:00,stable,67.369897,200,True,False
c772af8f,2026-09-22T06:56:21.825221+00:00,stable,3.567875,200,True,False
c772af8f,2026-09-22T06:56:21.826691+00:00,stable,3.323702,200,True,False
c772af8f,2026-09-22T06:56:21.860961+00:00,stable,3.819108,200,True,False
c772af8f,2026-09-22T06:56:21.895390+00:00,stable,4.59177,200,True,False
c772af8f,2026-09-22T06:56:21.927800+00:00,stable,4.726103,200,True,False
c772af8f,2026-09-22T06:56:21.962054+00:00,stable,4.829282,200,True,False
c772af8f,2026-09-22T06:56:22.028097+00:00,stable,5.922443,200,True,False
c772af8f,2026-09-22T06:56:22.028209+00:00,stable,4.791608,200,True,False
c772af8f,2026-09-22T06:56:22.061510+00:00,stable,4.315149,200,True,False
c772af8f,2026-09-22T06:56:22.096097+00:00,stable,5.323954,200,True,False
c772af8f,2026-09-22T06:56:22.134278+00:00,stable,8.618894,200,True,False
c772af8f,2026-09-22T06:56:22.162232+00:00,stable,4.957371,200,True,False
c772af8f,2026-09-22T06:56:22.195998+00:00,stable,5.533926,200,True,False
c772af8f,2026-09-22T06:56:22.228518+00:00,stable,4.944301,200,True,False
c772af8f,2026-09-22T06:56:22.261719+00:00,stable,5.184483,200,True,False
c772af8f,2026-09-22T06:56:22.295787+00:00,stable,5.459717,200,True,False
c772af8f,2026-09-22T06:56:22.328777+00:00,stable,5.087046,200,True,False
c772af8f,2026-09-22T06:56:22.362900+00:00,stable,5.508427,200,True,False
c772af8f,2026-09-22T06:56:22.397108+00:00,stable,5.948964,200,True,False
c772af8f,2026-09-22T06:56:22.430568+00:00,stable,6.067027,200,True,False
c772af8f,2026-09-22T06:56:22.463386+00:00,stable,6.004599,200,True,False
c772af8f,2026-09-22T06:56:22.497057+00:00,stable,6.281544,200,True,False
c772af8f,2026-09-22T06:56:22.530527+00:00,stable,6.538914,200,True,False
c772af8f,2026-09-22T06:56:22.564365+00:00,stable,7.060906,200,True,False
c772af8f,2026-09-22T06:56:22.597054+00:00,stable,7.011871,200,True,False
c772af8f,2026-09-22T06:56:22.630289+00:00,stable,6.403079,200,True,False
c772af8f,2026-09-22T06:56:22.660851+00:00,stable,3.210178,200,True,False
c772af8f,2026-09-22T06:56:22.693895+00:00,stable,6.824759,200,True,False
c772af8f,2026-09-22T06:56:22.729980+00:00,stable,8.485016,200,True,False
c772af8f,2026-09-22T06:56:22.760408+00:00,stable,6.133912,200,True,False
c772af8f,2026-09-22T06:56:22.792825+00:00,stable,5.842736,200,True,False
c772af8f,2026-09-22T06:56:22.827115+00:00,stable,6.491341,200,True,False
c772af8f,2026-09-22T06:56:22.860330+00:00,stable,6.471451,200,True,False
c772af8f,2026-09-22T06:56:22.896336+00:00,stable,8.593771,200,True,False
c772af8f,2026-09-22T06:56:22.927240+00:00,stable,7.026007,200,True,False
c772af8f,2026-09-22T06:56:22.960556+00:00,stable,6.189939,200,True,False
c772af8f,2026-09-22T06:56:22.994083+00:00,stable,6.467399,200,True,False
c772af8f,2026-09-22T06:56:23.028749+00:00,stable,8.28352,200,True,False
c772af8f,2026-09-22T06:56:23.060911+00:00,stable,6.658744,200,True,False
c772af8f,2026-09-22T06:56:23.098829+00:00,stable,7.76306,200,True,False
c772af8f,2026-09-22T06:56:23.126149+00:00,stable,5.2993,200,True,False
c772af8f,2026-09-22T06:56:23.158369+00:00,stable,4.671075,200,True,False
c772af8f,2026-09-22T06:56:23.191452+00:00,stable,4.287503,200,True,False
c772af8f,2026-09-22T06:56:23.227847+00:00,stable,6.683754,200,True,False
c772af8f,2026-09-22T06:56:23.260881+00:00,stable,6.311855,200,True,False
c772af8f,2026-09-22T06:56:23.291783+00:00,stable,4.34913,200,True,False
c772af8f,2026-09-22T06:56:23.324804+00:00,stable,4.219387,200,True,False
c772af8f,2026-09-22T06:56:23.358765+00:00,stable,4.192466,200,True,False
c772af8f,2026-09-22T06:56:23.391491+00:00,stable,4.50929,200,True,False
c772af8f,2026-09-22T06:56:23.426331+00:00,stable,5.042211,200,True,False
c772af8f,2026-09-22T06:56:23.459055+00:00,stable,4.876466,200,True,False
c772af8f,2026-09-22T06:56:23.492077+00:00,stable,4.61857,200,True,False
c772af8f,2026-09-22T06:56:23.525768+00:00,stable,5.088327,200,True,False
c772af8f,2026-09-22T06:56:23.559047+00:00,stable,5.530944,200,True,False
c772af8f,2026-09-22T06:56:23.592512+00:00,stable,4.977701,200,True,False
c772af8f,2026-09-22T06:56:23.625855+00:00,stable,4.771554,200,True,False
c772af8f,2026-09-22T06:56:23.658356+00:00,stable,4.771709,200,True,False
c772af8f,2026-09-22T06:56:23.698789+00:00,stable,11.296392,200,True,False
c772af8f,2026-09-22T06:56:23.725809+00:00,stable,5.583029,200,True,False
c772af8f,2026-09-22T06:56:23.759496+00:00,stable,5.072326,200,True,False
c772af8f,2026-09-22T06:56:23.793490+00:00,stable,5.602495,200,True,False
c772af8f,2026-09-22T06:56:23.826375+00:00,stable,5.680326,200,True,False
c772af8f,2026-09-22T06:56:23.860461+00:00,stable,5.94815,200,True,False
c772af8f,2026-09-22T06:56:23.894139+00:00,stable,6.052374,200,True,False
c772af8f,2026-09-22T06:56:23.926992+00:00,stable,5.832834,200,True,False
c772af8f,2026-09-22T06:56:23.958369+00:00,stable,4.867879,200,True,False
c772af8f,2026-09-22T06:56:23.992245+00:00,stable,4.764045,200,True,False
c772af8f,2026-09-22T06:56:24.027248+00:00,stable,5.655139,200,True,False
c772af8f,2026-09-22T06:56:24.060625+00:00,stable,6.58904,200,True,False
c772af8f,2026-09-22T06:56:24.092376+00:00,stable,4.821104,200,True,False
c772af8f,2026-09-22T06:56:24.126879+00:00,stable,5.872564,200,True,False
c772af8f,2026-09-22T06:56:24.159492+00:00,stable,5.325634,200,True,False
c772af8f,2026-09-22T06:56:24.199255+00:00,stable,11.705509,200,True,False
c772af8f,2026-09-22T06:56:24.228621+00:00,stable,8.477552,200,True,False
c772af8f,2026-09-22T06:56:24.258783+00:00,stable,4.821329,200,True,False
c772af8f,2026-09-22T06:56:24.322785+00:00,stable,34.315981,200,True,False
c772af8f,2026-09-22T06:56:24.326091+00:00,stable,5.011195,200,True,False
c772af8f,2026-09-22T06:56:24.358488+00:00,stable,4.533942,200,True,False
c772af8f,2026-09-22T06:56:24.392748+00:00,stable,5.286237,200,True,False
c772af8f,2026-09-22T06:56:24.426565+00:00,stable,6.31044,200,True,False
c772af8f,2026-09-22T06:56:24.461526+00:00,stable,7.038093,200,True,False
c772af8f,2026-09-22T06:56:24.494178+00:00,stable,6.861239,200,True,False
c772af8f,2026-09-22T06:56:24.525228+00:00,stable,4.314308,200,True,False
c772af8f,2026-09-22T06:56:24.558177+00:00,stable,4.238962,200,True,False
c772af8f,2026-09-22T06:56:24.592144+00:00,stable,4.91031,200,True,False
c772af8f,2026-09-22T06:56:24.625805+00:00,stable,5.136329,200,True,False
c772af8f,2026-09-22T06:56:24.658741+00:00,stable,4.435092,200,True,False
c772af8f,2026-09-22T06:56:24.721436+00:00,stable,33.677192,200,True,False
c772af8f,2026-09-22T06:56:24.725600+00:00,stable,4.956332,200,True,False
c772af8f,2026-09-22T06:56:24.759087+00:00,stable,4.765312,200,True,False
c772af8f,2026-09-22T06:56:24.792115+00:00,stable,4.321977,200,True,False
c772af8f,2026-09-22T06:56:24.825717+00:00,stable,4.641954,200,True,False
c772af8f,2026-09-22T06:56:24.859323+00:00,stable,4.822829,200,True,False
c772af8f,2026-09-22T06:56:24.891128+00:00,stable,3.918751,200,True,False
c772af8f,2026-09-22T06:56:24.925265+00:00,stable,4.515983,200,True,False
c772af8f,2026-09-22T06:56:24.958033+00:00,stable,4.029893,200,True,False
c772af8f,2026-09-22T06:56:24.993509+00:00,stable,6.214786,200,True,False
c772af8f,2026-09-22T06:56:25.025426+00:00,stable,4.495463,200,True,False
c772af8f,2026-09-22T06:56:25.058170+00:00,stable,3.746847,200,True,False
c772af8f,2026-09-22T06:56:25.093733+00:00,stable,6.837643,200,True,False
c772af8f,2026-09-22T06:56:25.131073+00:00,stable,9.644743,200,True,False
c772af8f,2026-09-22T06:56:25.160723+00:00,stable,6.915788,200,True,False
c772af8f,2026-09-22T06:56:25.191547+00:00,stable,4.008032,200,True,False
c772af8f,2026-09-22T06:56:25.225009+00:00,stable,3.885844,200,True,False
c772af8f,2026-09-22T06:56:25.257933+00:00,stable,3.605804,200,True,False
c772af8f,2026-09-22T06:56:25.291194+00:00,stable,3.462134,200,True,False
c772af8f,2026-09-22T06:56:25.324381+00:00,stable,3.86158,200,True,False
c772af8f,2026-09-22T06:56:25.358264+00:00,stable,4.098563,200,True,False
c772af8f,2026-09-22T06:56:25.392501+00:00,stable,5.266815,200,True,False
c772af8f,2026-09-22T06:56:25.425689+00:00,stable,4.733803,200,True,False
c772af8f,2026-09-22T06:56:25.457870+00:00,stable,3.482901,200,True,False
c772af8f,2026-09-22T06:56:25.490249+00:00,stable,3.403206,200,True,False
c772af8f,2026-09-22T06:56:25.524756+00:00,stable,3.992973,200,True,False
c772af8f,2026-09-22T06:56:25.556772+00:00,stable,3.254912,200,True,False
c772af8f,2026-09-22T06:56:25.590909+00:00,stable,3.293896,200,True,False
c772af8f,2026-09-22T06:56:25.624280+00:00,stable,3.600981,200,True,False
c772af8f,2026-09-22T06:56:25.658233+00:00,stable,4.441055,200,True,False
c772af8f,2026-09-22T06:56:25.690365+00:00,stable,3.315366,200,True,False
c772af8f,2026-09-22T06:56:25.724128+00:00,stable,3.337001,200,True,False
c772af8f,2026-09-22T06:56:25.757374+00:00,stable,3.851133,200,True,False
c772af8f,2026-09-22T06:56:25.790868+00:00,stable,3.66664,200,True,False
c772af8f,2026-09-22T06:56:25.823652+00:00,stable,3.413353,200,True,False
c772af8f,2026-09-22T06:56:25.857951+00:00,stable,3.749721,200,True,False
c772af8f,2026-09-22T06:56:25.891263+00:00,stable,3.517951,200,True,False
c772af8f,2026-09-22T06:56:25.924509+00:00,stable,3.745308,200,True,False
c772af8f,2026-09-22T06:56:25.958151+00:00,stable,4.131033,200,True,False
c772af8f,2026-09-22T06:56:25.991710+00:00,stable,4.201903,200,True,False
c772af8f,2026-09-22T06:56:26.023581+00:00,stable,3.522495,200,True,False
c772af8f,2026-09-22T06:56:26.057933+00:00,stable,3.815658,200,True,False
c772af8f,2026-09-22T06:56:26.091196+00:00,stable,3.719467,200,True,False
c772af8f,2026-09-22T06:56:26.124654+00:00,stable,3.966511,200,True,False
c772af8f,2026-09-22T06:56:26.158455+00:00,stable,4.454324,200,True,False
c772af8f,2026-09-22T06:56:26.191425+00:00,stable,3.812646,200,True,False
c772af8f,2026-09-22T06:56:26.224040+00:00,stable,3.941797,200,True,False
c772af8f,2026-09-22T06:56:26.257439+00:00,stable,3.686948,200,True,False
c772af8f,2026-09-22T06:56:26.291511+00:00,stable,4.274729,200,True,False
c772af8f,2026-09-22T06:56:26.324395+00:00,stable,4.215409,200,True,False
c772af8f,2026-09-22T06:56:26.357920+00:00,stable,3.900251,200,True,False
c772af8f,2026-09-22T06:56:26.392670+00:00,stable,5.021203,200,True,False
c772af8f,2026-09-22T06:56:26.424202+00:00,stable,4.119405,200,True,False
c772af8f,2026-09-22T06:56:26.457949+00:00,stable,4.358542,200,True,False
c772af8f,2026-09-22T06:56:26.490890+00:00,stable,4.010829,200,True,False
c772af8f,2026-09-22T06:56:26.524509+00:00,stable,4.12388,200,True,False
c772af8f,2026-09-22T06:56:26.557810+00:00,stable,3.784283,200,True,False
c772af8f,2026-09-22T06:56:26.590742+00:00,stable,3.998919,200,True,False
c772af8f,2026-09-22T06:56:26.624624+00:00,stable,4.251576,200,True,False
c772af8f,2026-09-22T06:56:26.658708+00:00,stable,4.259851,200,True,False
c772af8f,2026-09-22T06:56:26.725205+00:00,stable,6.437656,200,True,False
c772af8f,2026-09-22T06:56:26.726403+00:00,stable,5.037935,200,True,False
c772af8f,2026-09-22T06:56:26.823792+00:00,stable,4.45908,200,True,False
c772af8f,2026-09-22T06:56:26.824643+00:00,stable,4.571659,200,True,False
c772af8f,2026-09-22T06:56:26.824802+00:00,stable,5.46934,200,True,False
c772af8f,2026-09-22T06:56:26.859146+00:00,stable,4.656912,200,True,False
c772af8f,2026-09-22T06:56:26.892371+00:00,stable,4.84037,200,True,False
c772af8f,2026-09-22T06:56:26.925936+00:00,stable,4.685537,200,True,False
c772af8f,2026-09-22T06:56:26.962348+00:00,stable,7.758397,200,True,False
c772af8f,2026-09-22T06:56:26.991210+00:00,stable,4.091923,200,True,False
c772af8f,2026-09-22T06:56:27.028319+00:00,stable,7.536255,200,True,False
c772af8f,2026-09-22T06:56:27.057443+00:00,stable,3.634538,200,True,False
c772af8f,2026-09-22T06:56:27.091013+00:00,stable,3.704221,200,True,False
c772af8f,2026-09-22T06:56:27.124954+00:00,stable,4.207113,200,True,False
c772af8f,2026-09-22T06:56:27.158987+00:00,stable,4.424193,200,True,False
c772af8f,2026-09-22T06:56:27.192154+00:00,stable,4.360969,200,True,False
c772af8f,2026-09-22T06:56:27.226467+00:00,stable,5.986119,200,True,False
c772af8f,2026-09-22T06:56:27.262731+00:00,stable,8.882887,200,True,False
c772af8f,2026-09-22T06:56:27.325932+00:00,stable,6.904778,200,True,False
c772af8f,2026-09-22T06:56:27.331719+00:00,stable,10.666216,200,True,False
c772af8f,2026-09-22T06:56:27.425421+00:00,stable,6.633446,200,True,False
c772af8f,2026-09-22T06:56:27.431646+00:00,stable,77.763062,200,True,False
c772af8f,2026-09-22T06:56:27.432778+00:00,stable,12.604811,200,True,False
c772af8f,2026-09-22T06:56:27.458829+00:00,stable,4.840842,200,True,False
c772af8f,2026-09-22T06:56:27.492639+00:00,stable,5.054105,200,True,False
c772af8f,2026-09-22T06:56:27.529496+00:00,stable,8.146295,200,True,False
c772af8f,2026-09-22T06:56:27.560067+00:00,stable,5.690311,200,True,False
c772af8f,2026-09-22T06:56:27.595234+00:00,stable,7.217969,200,True,False
c772af8f,2026-09-22T06:56:27.629210+00:00,stable,7.857273,200,True,False
c772af8f,2026-09-22T06:56:27.659607+00:00,stable,5.803018,200,True,False
c772af8f,2026-09-22T06:56:27.696213+00:00,stable,8.085963,200,True,False
c772af8f,2026-09-22T06:56:27.728036+00:00,stable,7.306708,200,True,False
c772af8f,2026-09-22T06:56:27.764061+00:00,stable,9.510594,200,True,False
c772af8f,2026-09-22T06:56:27.798764+00:00,stable,10.712452,200,True,False
c772af8f,2026-09-22T06:56:27.833237+00:00,stable,12.505131,200,True,False
c772af8f,2026-09-22T06:56:27.858759+00:00,stable,5.058286,200,True,False
c772af8f,2026-09-22T06:56:27.918635+00:00,stable,30.963544,200,True,False
c772af8f,2026-09-22T06:56:27.926834+00:00,stable,5.834083,200,True,False
c772af8f,2026-09-22T06:56:27.957965+00:00,stable,3.509326,200,True,False
c772af8f,2026-09-22T06:56:27.992339+00:00,stable,4.538933,200,True,False
c772af8f,2026-09-22T06:56:28.024828+00:00,stable,4.645313,200,True,False
c772af8f,2026-09-22T06:56:28.059125+00:00,stable,4.575948,200,True,False
c772af8f,2026-09-22T06:56:28.093511+00:00,stable,6.167419,200,True,False
c772af8f,2026-09-22T06:56:28.125410+00:00,stable,4.497547,200,True,False
c772af8f,2026-09-22T06:56:28.158405+00:00,stable,3.985204,200,True,False
c772af8f,2026-09-22T06:56:28.192973+00:00,stable,5.469027,200,True,False
c772af8f,2026-09-22T06:56:28.225839+00:00,stable,4.80203,200,True,False
c772af8f,2026-09-22T06:56:28.259087+00:00,stable,4.58713,200,True,False
c772af8f,2026-09-22T06:56:28.291504+00:00,stable,4.680855,200,True,False
c772af8f,2026-09-22T06:56:28.325437+00:00,stable,4.346829,200,True,False
c772af8f,2026-09-22T06:56:28.357829+00:00,stable,3.569914,200,True,False
c772af8f,2026-09-22T06:56:28.401955+00:00,stable,4.597637,200,True,False
c772af8f,2026-09-22T06:56:28.425111+00:00,stable,4.41229,200,True,False
c772af8f,2026-09-22T06:56:28.457927+00:00,stable,4.324037,200,True,False
c772af8f,2026-09-22T06:56:28.491698+00:00,stable,4.063349,200,True,False
c772af8f,2026-09-22T06:56:28.525773+00:00,stable,5.335599,200,True,False
c772af8f,2026-09-22T06:56:28.559701+00:00,stable,5.162518,200,True,False
c772af8f,2026-09-22T06:56:28.592968+00:00,stable,5.331154,200,True,False
c772af8f,2026-09-22T06:56:28.625990+00:00,stable,5.333372,200,True,False
c772af8f,2026-09-22T06:56:28.658308+00:00,stable,4.506179,200,True,False
c772af8f,2026-09-22T06:56:28.690908+00:00,stable,3.831443,200,True,False
c772af8f,2026-09-22T06:56:28.726756+00:00,stable,5.915848,200,True,False
c772af8f,2026-09-22T06:56:28.758216+00:00,stable,4.093664,200,True,False
c772af8f,2026-09-22T06:56:28.790775+00:00,stable,3.671091,200,True,False
c772af8f,2026-09-22T06:56:28.824569+00:00,stable,3.469452,200,True,False
c772af8f,2026-09-22T06:56:28.858180+00:00,stable,3.849446,200,True,False
c772af8f,2026-09-22T06:56:28.891801+00:00,stable,4.399351,200,True,False
c772af8f,2026-09-22T06:56:28.926825+00:00,stable,6.034586,200,True,False
c772af8f,2026-09-22T06:56:28.960336+00:00,stable,6.075931,200,True,False
c772af8f,2026-09-22T06:56:28.992114+00:00,stable,4.806209,200,True,False
c772af8f,2026-09-22T06:56:29.024321+00:00,stable,3.365371,200,True,False
c772af8f,2026-09-22T06:56:29.057771+00:00,stable,3.698864,200,True,False
c772af8f,2026-09-22T06:56:29.091568+00:00,stable,3.883364,200,True,False
c772af8f,2026-09-22T06:56:29.124199+00:00,stable,3.185996,200,True,False
c772af8f,2026-09-22T06:56:29.157135+00:00,stable,3.375087,200,True,False
c772af8f,2026-09-22T06:56:29.190139+00:00,stable,3.260663,200,True,False
c772af8f,2026-09-22T06:56:29.224198+00:00,stable,3.424994,200,True,False
c772af8f,2026-09-22T06:56:29.257247+00:00,stable,3.425623,200,True,False
c772af8f,2026-09-22T06:56:29.290235+00:00,stable,3.208875,200,True,False
c772af8f,2026-09-22T06:56:29.324191+00:00,stable,3.443039,200,True,False
c772af8f,2026-09-22T06:56:29.357122+00:00,stable,3.281607,200,True,False
c772af8f,2026-09-22T06:56:29.390289+00:00,stable,3.080026,200,True,False
c772af8f,2026-09-22T06:56:29.424221+00:00,stable,3.550367,200,True,False
c772af8f,2026-09-22T06:56:29.457762+00:00,stable,3.599669,200,True,False
c772af8f,2026-09-22T06:56:29.490736+00:00,stable,3.175047,200,True,False
c772af8f,2026-09-22T06:56:29.523983+00:00,stable,3.86294,200,True,False
c772af8f,2026-09-22T06:56:29.558443+00:00,stable,4.155273,200,True,False
c772af8f,2026-09-22T06:56:29.590732+00:00,stable,3.397173,200,True,False
c772af8f,2026-09-22T06:56:29.624059+00:00,stable,3.639168,200,True,False
c772af8f,2026-09-22T06:56:29.657055+00:00,stable,3.617048,200,True,False
c772af8f,2026-09-22T06:56:29.690970+00:00,stable,3.782105,200,True,False
c772af8f,2026-09-22T06:56:29.724371+00:00,stable,3.887384,200,True,False
c772af8f,2026-09-22T06:56:29.757761+00:00,stable,3.783932,200,True,False
c772af8f,2026-09-22T06:56:29.790801+00:00,stable,4.00163,200,True,False
c772af8f,2026-09-22T06:56:29.824605+00:00,stable,3.949914,200,True,False
c772af8f,2026-09-22T06:56:29.858158+00:00,stable,4.159594,200,True,False
c772af8f,2026-09-22T06:56:29.891458+00:00,stable,4.457915,200,True,False
c772af8f,2026-09-22T06:56:29.925051+00:00,stable,4.1946,200,True,False
c772af8f,2026-09-22T06:56:29.958816+00:00,stable,4.215176,200,True,False
c772af8f,2026-09-22T06:56:30.022927+00:00,stable,35.18731,200,True,False
c772af8f,2026-09-22T06:56:30.025551+00:00,stable,5.116988,200,True,False
c772af8f,2026-09-22T06:56:30.058667+00:00,stable,4.599438,200,True,False
c772af8f,2026-09-22T06:56:30.094251+00:00,stable,6.593594,200,True,False
c772af8f,2026-09-22T06:56:30.127644+00:00,stable,6.62028,200,True,False
c772af8f,2026-09-22T06:56:30.160788+00:00,stable,6.51923,200,True,False
c772af8f,2026-09-22T06:56:30.191635+00:00,stable,4.892894,200,True,False
c772af8f,2026-09-22T06:56:30.226171+00:00,stable,5.284655,200,True,False
c772af8f,2026-09-22T06:56:30.260194+00:00,stable,6.49182,200,True,False
c772af8f,2026-09-22T06:56:30.293513+00:00,stable,6.154172,200,True,False
c772af8f,2026-09-22T06:56:30.327779+00:00,stable,6.841711,200,True,False
c772af8f,2026-09-22T06:56:30.366000+00:00,stable,11.394428,200,True,False
c772af8f,2026-09-22T06:56:30.392249+00:00,stable,5.409259,200,True,False
c772af8f,2026-09-22T06:56:30.425565+00:00,stable,4.43826,200,True,False
c772af8f,2026-09-22T06:56:30.460922+00:00,stable,6.348654,200,True,False
c772af8f,2026-09-22T06:56:30.491910+00:00,stable,4.513421,200,True,False
c772af8f,2026-09-22T06:56:30.524688+00:00,stable,4.076571,200,True,False
c772af8f,2026-09-22T06:56:30.558909+00:00,stable,4.786221,200,True,False
c772af8f,2026-09-22T06:56:30.591824+00:00,stable,4.430872,200,True,False
c772af8f,2026-09-22T06:56:30.624925+00:00,stable,4.583907,200,True,False
c772af8f,2026-09-22T06:56:30.662472+00:00,stable,7.888329,200,True,False
c772af8f,2026-09-22T06:56:30.693215+00:00,stable,5.998897,200,True,False
c772af8f,2026-09-22T06:56:30.725526+00:00,stable,4.656819,200,True,False
c772af8f,2026-09-22T06:56:30.757841+00:00,stable,4.409112,200,True,False
c772af8f,2026-09-22T06:56:30.818524+00:00,stable,30.791458,200,True,False
c772af8f,2026-09-22T06:56:30.827946+00:00,stable,7.613107,200,True,False
c772af8f,2026-09-22T06:56:30.860271+00:00,stable,5.922083,200,True,False
c772af8f,2026-09-22T06:56:30.893149+00:00,stable,5.544759,200,True,False
c772af8f,2026-09-22T06:56:30.929126+00:00,stable,7.751138,200,True,False
c772af8f,2026-09-22T06:56:30.958863+00:00,stable,4.816497,200,True,False
c772af8f,2026-09-22T06:56:30.991908+00:00,stable,4.652118,200,True,False
c772af8f,2026-09-22T06:56:31.024065+00:00,stable,3.742427,200,True,False
c772af8f,2026-09-22T06:56:31.058557+00:00,stable,4.093303,200,True,False
c772af8f,2026-09-22T06:56:31.091572+00:00,stable,4.067213,200,True,False
c772af8f,2026-09-22T06:56:31.124881+00:00,stable,3.536228,200,True,False
c772af8f,2026-09-22T06:56:31.159132+00:00,stable,5.55221,200,True,False
c772af8f,2026-09-22T06:56:31.192950+00:00,stable,5.436003,200,True,False
c772af8f,2026-09-22T06:56:31.225809+00:00,stable,4.938286,200,True,False
c772af8f,2026-09-22T06:56:31.257818+00:00,stable,3.523278,200,True,False
c772af8f,2026-09-22T06:56:31.290911+00:00,stable,3.1974,200,True,False
c772af8f,2026-09-22T06:56:31.324222+00:00,stable,3.632754,200,True,False
c772af8f,2026-09-22T06:56:31.358053+00:00,stable,3.725599,200,True,False
c772af8f,2026-09-22T06:56:31.391474+00:00,stable,3.634292,200,True,False
c772af8f,2026-09-22T06:56:31.425096+00:00,stable,4.232172,200,True,False
c772af8f,2026-09-22T06:56:31.458574+00:00,stable,4.020112,200,True,False
c772af8f,2026-09-22T06:56:31.491142+00:00,stable,3.877955,200,True,False
c772af8f,2026-09-22T06:56:31.525196+00:00,stable,4.266321,200,True,False
c772af8f,2026-09-22T06:56:31.559264+00:00,stable,5.272534,200,True,False
c772af8f,2026-09-22T06:56:31.591228+00:00,stable,4.131227,200,True,False
c772af8f,2026-09-22T06:56:31.625991+00:00,stable,5.40829,200,True,False
c772af8f,2026-09-22T06:56:31.660677+00:00,stable,5.956809,200,True,False
c772af8f,2026-09-22T06:56:31.691341+00:00,stable,3.555652,200,True,False
c772af8f,2026-09-22T06:56:31.724649+00:00,stable,3.767249,200,True,False
c772af8f,2026-09-22T06:56:31.757829+00:00,stable,3.758943,200,True,False
c772af8f,2026-09-22T06:56:31.791673+00:00,stable,3.870007,200,True,False
c772af8f,2026-09-22T06:56:31.825318+00:00,stable,4.022858,200,True,False
c772af8f,2026-09-22T06:56:31.857399+00:00,stable,3.562916,200,True,False
c772af8f,2026-09-22T06:56:31.891211+00:00,stable,3.898159,200,True,False
c772af8f,2026-09-22T06:56:31.925290+00:00,stable,4.29871,200,True,False
c772af8f,2026-09-22T06:56:31.958356+00:00,stable,4.388431,200,True,False
c772af8f,2026-09-22T06:56:31.992048+00:00,stable,4.604025,200,True,False
c772af8f,2026-09-22T06:56:32.024008+00:00,stable,3.491799,200,True,False
c772af8f,2026-09-22T06:56:32.057612+00:00,stable,3.668864,200,True,False
c772af8f,2026-09-22T06:56:32.091089+00:00,stable,3.439043,200,True,False
c772af8f,2026-09-22T06:56:32.124387+00:00,stable,3.450608,200,True,False
c772af8f,2026-09-22T06:56:32.157388+00:00,stable,3.373685,200,True,False
c772af8f,2026-09-22T06:56:32.192281+00:00,stable,4.78576,200,True,False
c772af8f,2026-09-22T06:56:32.224543+00:00,stable,3.602179,200,True,False
c772af8f,2026-09-22T06:56:32.257426+00:00,stable,3.445354,200,True,False
c772af8f,2026-09-22T06:56:32.291181+00:00,stable,3.859091,200,True,False
c772af8f,2026-09-22T06:56:32.325935+00:00,stable,5.035421,200,True,False
c772af8f,2026-09-22T06:56:32.357887+00:00,stable,4.315348,200,True,False
c772af8f,2026-09-22T06:56:32.391072+00:00,stable,3.342462,200,True,False
c772af8f,2026-09-22T06:56:32.425202+00:00,stable,4.587528,200,True,False
c772af8f,2026-09-22T06:56:32.457820+00:00,stable,4.022165,200,True,False
c772af8f,2026-09-22T06:56:32.491840+00:00,stable,4.053735,200,True,False
c772af8f,2026-09-22T06:56:32.525338+00:00,stable,5.171602,200,True,False
c772af8f,2026-09-22T06:56:32.557910+00:00,stable,3.917028,200,True,False
c772af8f,2026-09-22T06:56:32.591489+00:00,stable,3.819185,200,True,False
c772af8f,2026-09-22T06:56:32.625550+00:00,stable,4.594012,200,True,False
c772af8f,2026-09-22T06:56:32.658669+00:00,stable,4.654438,200,True,False
c772af8f,2026-09-22T06:56:32.691222+00:00,stable,4.340544,200,True,False
c772af8f,2026-09-22T06:56:32.725154+00:00,stable,4.317338,200,True,False
c772af8f,2026-09-22T06:56:32.759260+00:00,stable,4.776755,200,True,False
c772af8f,2026-09-22T06:56:32.791606+00:00,stable,4.023058,200,True,False
c772af8f,2026-09-22T06:56:32.826377+00:00,stable,4.72187,200,True,False
c772af8f,2026-09-22T06:56:32.859028+00:00,stable,4.826476,200,True,False
c772af8f,2026-09-22T06:56:32.890895+00:00,stable,4.113673,200,True,False
c772af8f,2026-09-22T06:56:32.924908+00:00,stable,4.472814,200,True,False
c772af8f,2026-09-22T06:56:32.958900+00:00,stable,4.448533,200,True,False
c772af8f,2026-09-22T06:56:32.992491+00:00,stable,4.769292,200,True,False
c772af8f,2026-09-22T06:56:33.024881+00:00,stable,3.861423,200,True,False
c772af8f,2026-09-22T06:56:33.058313+00:00,stable,4.409568,200,True,False
c772af8f,2026-09-22T06:56:33.091683+00:00,stable,4.264943,200,True,False
c772af8f,2026-09-22T06:56:33.125872+00:00,stable,4.642189,200,True,False
c772af8f,2026-09-22T06:56:33.158631+00:00,stable,4.552609,200,True,False
c772af8f,2026-09-22T06:56:33.192199+00:00,stable,4.396368,200,True,False
c772af8f,2026-09-22T06:56:33.225082+00:00,stable,4.403946,200,True,False
c772af8f,2026-09-22T06:56:33.257549+00:00,stable,4.124784,200,True,False
c772af8f,2026-09-22T06:56:33.291905+00:00,stable,4.592181,200,True,False
c772af8f,2026-09-22T06:56:33.324857+00:00,stable,4.276028,200,True,False
c772af8f,2026-09-22T06:56:33.358701+00:00,stable,4.204694,200,True,False
c772af8f,2026-09-22T06:56:33.391567+00:00,stable,4.715247,200,True,False
c772af8f,2026-09-22T06:56:33.425875+00:00,stable,4.698459,200,True,False
c772af8f,2026-09-22T06:56:33.458679+00:00,stable,4.908944,200,True,False
c772af8f,2026-09-22T06:56:33.491953+00:00,stable,4.337468,200,True,False
c772af8f,2026-09-22T06:56:33.524727+00:00,stable,4.296472,200,True,False
c772af8f,2026-09-22T06:56:33.558540+00:00,stable,4.276858,200,True,False
c772af8f,2026-09-22T06:56:33.592164+00:00,stable,4.550323,200,True,False
c772af8f,2026-09-22T06:56:33.626074+00:00,stable,5.018616,200,True,False
c772af8f,2026-09-22T06:56:33.658177+00:00,stable,4.405252,200,True,False
c772af8f,2026-09-22T06:56:33.691041+00:00,stable,3.944276,200,True,False
c772af8f,2026-09-22T06:56:33.724690+00:00,stable,4.051623,200,True,False
c772af8f,2026-09-22T06:56:33.758404+00:00,stable,4.219522,200,True,False
c772af8f,2026-09-22T06:56:33.791113+00:00,stable,3.97278,200,True,False
c772af8f,2026-09-22T06:56:33.824621+00:00,stable,3.938497,200,True,False
c772af8f,2026-09-22T06:56:33.857550+00:00,stable,3.529201,200,True,False
c772af8f,2026-09-22T06:56:33.891307+00:00,stable,3.764102,200,True,False
c772af8f,2026-09-22T06:56:33.925331+00:00,stable,4.22082,200,True,False
c772af8f,2026-09-22T06:56:33.957912+00:00,stable,3.842139,200,True,False
c772af8f,2026-09-22T06:56:33.991126+00:00,stable,3.830172,200,True,False
c772af8f,2026-09-22T06:56:34.024843+00:00,stable,4.073063,200,True,False
c772af8f,2026-09-22T06:56:34.057782+00:00,stable,4.166921,200,True,False
c772af8f,2026-09-22T06:56:34.091487+00:00,stable,3.810688,200,True,False
c772af8f,2026-09-22T06:56:34.124854+00:00,stable,4.372022,200,True,False
c772af8f,2026-09-22T06:56:34.158274+00:00,stable,3.709318,200,True,False
c772af8f,2026-09-22T06:56:34.190983+00:00,stable,3.717361,200,True,False
c772af8f,2026-09-22T06:56:34.224552+00:00,stable,3.848132,200,True,False
c772af8f,2026-09-22T06:56:34.258194+00:00,stable,3.784467,200,True,False
c772af8f,2026-09-22T06:56:34.291280+00:00,stable,3.771252,200,True,False
c772af8f,2026-09-22T06:56:34.324373+00:00,stable,3.580217,200,True,False
c772af8f,2026-09-22T06:56:34.357561+00:00,stable,3.649706,200,True,False
c772af8f,2026-09-22T06:56:34.391274+00:00,stable,3.744087,200,True,False
c772af8f,2026-09-22T06:56:34.425018+00:00,stable,3.927055,200,True,False
c772af8f,2026-09-22T06:56:34.458771+00:00,stable,4.164824,200,True,False
c772af8f,2026-09-22T06:56:34.491207+00:00,stable,3.458688,200,True,False
c772af8f,2026-09-22T06:56:34.524188+00:00,stable,3.509425,200,True,False
c772af8f,2026-09-22T06:56:34.557557+00:00,stable,3.409322,200,True,False
c772af8f,2026-09-22T06:56:34.590507+00:00,stable,3.370146,200,True,False
c772af8f,2026-09-22T06:56:34.623637+00:00,stable,3.350923,200,True,False
c772af8f,2026-09-22T06:56:34.658602+00:00,stable,4.484384,200,True,False
c772af8f,2026-09-22T06:56:34.691814+00:00,stable,4.262635,200,True,False
c772af8f,2026-09-22T06:56:34.724124+00:00,stable,3.737787,200,True,False
c772af8f,2026-09-22T06:56:34.757527+00:00,stable,3.841866,200,True,False
c772af8f,2026-09-22T06:56:34.791461+00:00,stable,3.93337,200,True,False
c772af8f,2026-09-22T06:56:34.825479+00:00,stable,4.409036,200,True,False
c772af8f,2026-09-22T06:56:34.857875+00:00,stable,3.813068,200,True,False
c772af8f,2026-09-22T06:56:34.891662+00:00,stable,3.652206,200,True,False
c772af8f,2026-09-22T06:56:34.924233+00:00,stable,4.035062,200,True,False
c772af8f,2026-09-22T06:56:34.957882+00:00,stable,3.868384,200,True,False
c772af8f,2026-09-22T06:56:34.991461+00:00,stable,3.771123,200,True,False
c772af8f,2026-09-22T06:56:35.025536+00:00,stable,4.414187,200,True,False
c772af8f,2026-09-22T06:56:35.058208+00:00,stable,4.078674,200,True,False
c772af8f,2026-09-22T06:56:35.091269+00:00,stable,3.90199,200,True,False
c772af8f,2026-09-22T06:56:35.127817+00:00,stable,3.755626,200,True,False
c772af8f,2026-09-22T06:56:35.158265+00:00,stable,3.790618,200,True,False
c772af8f,2026-09-22T06:56:35.191049+00:00,stable,3.62573,200,True,False
c772af8f,2026-09-22T06:56:35.224357+00:00,stable,3.560498,200,True,False
c772af8f,2026-09-22T06:56:35.257841+00:00,stable,3.778243,200,True,False
c772af8f,2026-09-22T06:56:35.291133+00:00,stable,3.323413,200,True,False
c772af8f,2026-09-22T06:56:35.324332+00:00,stable,3.436714,200,True,False
c772af8f,2026-09-22T06:56:35.357286+00:00,stable,3.374165,200,True,False
c772af8f,2026-09-22T06:56:35.390703+00:00,stable,3.350032,200,True,False
c772af8f,2026-09-22T06:56:35.423511+00:00,stable,3.277825,200,True,False
c772af8f,2026-09-22T06:56:35.458206+00:00,stable,3.832665,200,True,False
c772af8f,2026-09-22T06:56:35.490747+00:00,stable,3.986405,200,True,False
c772af8f,2026-09-22T06:56:35.523444+00:00,stable,3.257496,200,True,False
c772af8f,2026-09-22T06:56:35.558350+00:00,stable,4.241536,200,True,False
c772af8f,2026-09-22T06:56:35.590447+00:00,stable,3.273093,200,True,False
c772af8f,2026-09-22T06:56:35.624190+00:00,stable,3.337651,200,True,False
c772af8f,2026-09-22T06:56:35.657622+00:00,stable,3.915633,200,True,False
c772af8f,2026-09-22T06:56:35.691234+00:00,stable,3.883886,200,True,False
c772af8f,2026-09-22T06:56:35.724184+00:00,stable,3.429719,200,True,False
c772af8f,2026-09-22T06:56:35.759555+00:00,stable,5.102388,200,True,False
c772af8f,2026-09-22T06:56:35.792438+00:00,stable,4.500536,200,True,False
c772af8f,2026-09-22T06:56:35.824676+00:00,stable,4.403111,200,True,False
c772af8f,2026-09-22T06:56:35.859125+00:00,stable,5.190693,200,True,False
c772af8f,2026-09-22T06:56:35.891304+00:00,stable,3.93128,200,True,False
c772af8f,2026-09-22T06:56:35.924768+00:00,stable,3.757509,200,True,False
c772af8f,2026-09-22T06:56:35.957619+00:00,stable,3.332797,200,True,False
c772af8f,2026-09-22T06:56:35.991758+00:00,stable,3.86666,200,True,False
c772af8f,2026-09-22T06:56:36.024100+00:00,stable,3.474885,200,True,False
c772af8f,2026-09-22T06:56:36.059169+00:00,stable,5.228476,200,True,False
c772af8f,2026-09-22T06:56:36.091694+00:00,stable,4.433568,200,True,False
c772af8f,2026-09-22T06:56:36.123341+00:00,stable,2.982063,200,True,False
c772af8f,2026-09-22T06:56:36.157610+00:00,stable,3.407603,200,True,False
c772af8f,2026-09-22T06:56:36.190733+00:00,stable,3.917014,200,True,False
c772af8f,2026-09-22T06:56:36.223361+00:00,stable,3.262796,200,True,False
c772af8f,2026-09-22T06:56:36.258455+00:00,stable,4.351109,200,True,False
c772af8f,2026-09-22T06:56:36.291318+00:00,stable,3.969024,200,True,False
c772af8f,2026-09-22T06:56:36.323778+00:00,stable,2.988934,200,True,False
c772af8f,2026-09-22T06:56:36.357122+00:00,stable,3.386243,200,True,False
c772af8f,2026-09-22T06:56:36.391176+00:00,stable,3.737283,200,True,False
c772af8f,2026-09-22T06:56:36.423364+00:00,stable,2.793277,200,True,False
c772af8f,2026-09-22T06:56:36.457434+00:00,stable,3.283809,200,True,False
c772af8f,2026-09-22T06:56:36.493178+00:00,stable,5.486481,200,True,False
c772af8f,2026-09-22T06:56:36.524118+00:00,stable,2.855505,200,True,False
c772af8f,2026-09-22T06:56:36.557835+00:00,stable,3.728694,200,True,False
c772af8f,2026-09-22T06:56:36.590039+00:00,stable,2.946436,200,True,False
c772af8f,2026-09-22T06:56:36.623507+00:00,stable,2.816223,200,True,False
c772af8f,2026-09-22T06:56:36.657222+00:00,stable,2.960819,200,True,False
c772af8f,2026-09-22T06:56:36.689847+00:00,stable,2.864825,200,True,False
c772af8f,2026-09-22T06:56:36.723152+00:00,stable,2.772858,200,True,False
c772af8f,2026-09-22T06:56:36.756497+00:00,stable,2.745204,200,True,False
c772af8f,2026-09-22T06:56:36.790055+00:00,stable,2.649923,200,True,False
c772af8f,2026-09-22T06:56:36.823765+00:00,stable,3.06766,200,True,False
c772af8f,2026-09-22T06:56:36.856535+00:00,stable,3.050728,200,True,False
c772af8f,2026-09-22T06:56:36.890562+00:00,stable,2.964033,200,True,False
c772af8f,2026-09-22T06:56:36.923772+00:00,stable,3.357905,200,True,False
c772af8f,2026-09-22T06:56:36.956511+00:00,stable,3.067776,200,True,False
c772af8f,2026-09-22T06:56:36.990612+00:00,stable,3.225357,200,True,False
c772af8f,2026-09-22T06:56:37.024052+00:00,stable,2.943322,200,True,False
c772af8f,2026-09-22T06:56:37.056297+00:00,stable,2.776788,200,True,False
c772af8f,2026-09-22T06:56:37.090071+00:00,stable,2.902079,200,True,False
c772af8f,2026-09-22T06:56:37.124375+00:00,stable,3.778977,200,True,False
c772af8f,2026-09-22T06:56:37.157312+00:00,stable,3.249623,200,True,False
c772af8f,2026-09-22T06:56:37.190161+00:00,stable,3.053452,200,True,False
c772af8f,2026-09-22T06:56:37.240895+00:00,stable,4.271914,200,True,False
c772af8f,2026-09-22T06:56:37.256725+00:00,stable,3.237752,200,True,False
c772af8f,2026-09-22T06:56:37.290689+00:00,stable,3.353284,200,True,False
c772af8f,2026-09-22T06:56:37.323766+00:00,stable,3.394487,200,True,False
c772af8f,2026-09-22T06:56:37.358674+00:00,stable,4.172269,200,True,False
c772af8f,2026-09-22T06:56:37.391792+00:00,stable,4.182807,200,True,False
c772af8f,2026-09-22T06:56:37.424235+00:00,stable,3.675472,200,True,False
c772af8f,2026-09-22T06:56:37.458536+00:00,stable,4.569952,200,True,False
c772af8f,2026-09-22T06:56:37.626159+00:00,stable,6.196155,200,True,False
c772af8f,2026-09-22T06:56:37.628648+00:00,stable,8.440435,200,True,False
c772af8f,2026-09-22T06:56:37.635671+00:00,stable,15.699843,200,True,False
c772af8f,2026-09-22T06:56:37.721377+00:00,stable,101.502064,200,True,False
c772af8f,2026-09-22T06:56:37.725768+00:00,stable,71.582022,200,True,False
c772af8f,2026-09-22T06:56:37.725761+00:00,stable,105.662128,200,True,False
c772af8f,2026-09-22T06:56:37.727721+00:00,stable,6.42674,200,True,False
c772af8f,2026-09-22T06:56:37.730573+00:00,stable,9.492153,200,True,False
c772af8f,2026-09-22T06:56:37.827274+00:00,stable,5.902459,200,True,False
c772af8f,2026-09-22T06:56:37.828369+00:00,stable,9.528399,200,True,False
c772af8f,2026-09-22T06:56:37.828495+00:00,stable,9.329405,200,True,False
c772af8f,2026-09-22T06:56:37.922995+00:00,stable,3.873711,200,True,False
c772af8f,2026-09-22T06:56:37.923274+00:00,stable,3.942341,200,True,False
c772af8f,2026-09-22T06:56:37.924947+00:00,stable,3.810451,200,True,False
c772af8f,2026-09-22T06:56:38.024913+00:00,stable,3.623269,200,True,False
c772af8f,2026-09-22T06:56:38.025551+00:00,stable,4.544632,200,True,False
c772af8f,2026-09-22T06:56:38.026961+00:00,stable,5.758413,200,True,False
c772af8f,2026-09-22T06:56:38.057407+00:00,stable,3.379954,200,True,False
c772af8f,2026-09-22T06:56:38.122760+00:00,stable,3.189564,200,True,False
c772af8f,2026-09-22T06:56:38.124961+00:00,stable,5.05188,200,True,False
c772af8f,2026-09-22T06:56:38.156843+00:00,stable,3.484631,200,True,False
c772af8f,2026-09-22T06:56:38.192012+00:00,stable,4.263804,200,True,False
c772af8f,2026-09-22T06:56:38.226134+00:00,stable,5.40944,200,True,False
c772af8f,2026-09-22T06:56:38.257394+00:00,stable,3.36712,200,True,False
c772af8f,2026-09-22T06:56:38.292467+00:00,stable,5.179385,200,True,False
c772af8f,2026-09-22T06:56:38.325392+00:00,stable,4.366584,200,True,False
c772af8f,2026-09-22T06:56:38.364138+00:00,stable,4.392966,200,True,False
c772af8f,2026-09-22T06:56:38.392282+00:00,stable,4.676097,200,True,False
c772af8f,2026-09-22T06:56:38.425913+00:00,stable,4.848733,200,True,False
c772af8f,2026-09-22T06:56:38.459905+00:00,stable,5.308004,200,True,False
c772af8f,2026-09-22T06:56:38.497406+00:00,stable,5.491494,200,True,False
c772af8f,2026-09-22T06:56:38.525377+00:00,stable,4.947976,200,True,False
c772af8f,2026-09-22T06:56:38.560438+00:00,stable,5.840948,200,True,False
c772af8f,2026-09-22T06:56:38.592929+00:00,stable,4.992411,200,True,False
c772af8f,2026-09-22T06:56:38.632084+00:00,stable,11.345713,200,True,False
c772af8f,2026-09-22T06:56:38.659414+00:00,stable,5.825161,200,True,False
c772af8f,2026-09-22T06:56:38.724838+00:00,stable,37.42598,200,True,False
c772af8f,2026-09-22T06:56:38.726877+00:00,stable,5.654409,200,True,False
c772af8f,2026-09-22T06:56:38.759637+00:00,stable,6.062163,200,True,False
c772af8f,2026-09-22T06:56:38.793171+00:00,stable,5.394025,200,True,False
c772af8f,2026-09-22T06:56:38.830838+00:00,stable,9.692529,200,True,False
c772af8f,2026-09-22T06:56:38.865443+00:00,stable,10.209143,200,True,False
c772af8f,2026-09-22T06:56:38.895119+00:00,stable,7.01488,200,True,False
c772af8f,2026-09-22T06:56:38.926180+00:00,stable,5.044773,200,True,False
c772af8f,2026-09-22T06:56:38.959082+00:00,stable,4.964935,200,True,False
c772af8f,2026-09-22T06:56:38.992399+00:00,stable,5.209952,200,True,False
c772af8f,2026-09-22T06:56:39.031856+00:00,stable,11.572461,200,True,False
c772af8f,2026-09-22T06:56:39.059278+00:00,stable,4.557556,200,True,False
c772af8f,2026-09-22T06:56:39.091793+00:00,stable,4.188361,200,True,False
c772af8f,2026-09-22T06:56:39.124829+00:00,stable,4.121973,200,True,False
c772af8f,2026-09-22T06:56:39.157219+00:00,stable,3.799994,200,True,False
c772af8f,2026-09-22T06:56:39.191279+00:00,stable,4.027658,200,True,False
c772af8f,2026-09-22T06:56:39.224682+00:00,stable,3.991754,200,True,False
c772af8f,2026-09-22T06:56:39.259323+00:00,stable,4.907561,200,True,False
c772af8f,2026-09-22T06:56:39.293316+00:00,stable,5.514845,200,True,False
c772af8f,2026-09-22T06:56:39.324738+00:00,stable,4.390284,200,True,False
c772af8f,2026-09-22T06:56:39.358959+00:00,stable,4.672235,200,True,False
c772af8f,2026-09-22T06:56:39.390974+00:00,stable,3.771464,200,True,False
c772af8f,2026-09-22T06:56:39.424527+00:00,stable,3.800517,200,True,False
c772af8f,2026-09-22T06:56:39.458082+00:00,stable,3.916388,200,True,False
c772af8f,2026-09-22T06:56:39.491035+00:00,stable,3.78351,200,True,False
c772af8f,2026-09-22T06:56:39.524209+00:00,stable,3.717562,200,True,False
c772af8f,2026-09-22T06:56:39.557836+00:00,stable,4.26713,200,True,False
c772af8f,2026-09-22T06:56:39.591855+00:00,stable,4.175881,200,True,False
c772af8f,2026-09-22T06:56:39.624640+00:00,stable,4.030142,200,True,False
c772af8f,2026-09-22T06:56:39.657799+00:00,stable,3.708305,200,True,False
c772af8f,2026-09-22T06:56:39.691457+00:00,stable,3.691687,200,True,False
c772af8f,2026-09-22T06:56:39.724652+00:00,stable,3.738259,200,True,False
c772af8f,2026-09-22T06:56:39.758598+00:00,stable,4.248669,200,True,False
c772af8f,2026-09-22T06:56:39.790731+00:00,stable,3.418153,200,True,False
c772af8f,2026-09-22T06:56:39.823772+00:00,stable,3.670245,200,True,False
c772af8f,2026-09-22T06:56:39.857747+00:00,stable,3.475331,200,True,False
c772af8f,2026-09-22T06:56:39.891367+00:00,stable,3.707409,200,True,False
c772af8f,2026-09-22T06:56:39.924161+00:00,stable,3.287821,200,True,False
c772af8f,2026-09-22T06:56:39.959075+00:00,stable,4.905839,200,True,False
c772af8f,2026-09-22T06:56:39.991856+00:00,stable,4.546227,200,True,False
c772af8f,2026-09-22T06:56:40.024751+00:00,stable,4.075422,200,True,False
c772af8f,2026-09-22T06:56:40.059403+00:00,stable,5.092601,200,True,False
c772af8f,2026-09-22T06:56:40.092210+00:00,stable,4.147243,200,True,False
c772af8f,2026-09-22T06:56:40.125481+00:00,stable,4.767027,200,True,False
c772af8f,2026-09-22T06:56:40.158854+00:00,stable,4.83848,200,True,False
c772af8f,2026-09-22T06:56:40.192091+00:00,stable,4.137059,200,True,False
c772af8f,2026-09-22T06:56:40.224968+00:00,stable,4.088868,200,True,False
c772af8f,2026-09-22T06:56:40.268308+00:00,stable,14.237008,200,True,False
c772af8f,2026-09-22T06:56:40.291844+00:00,stable,4.121043,200,True,False
c772af8f,2026-09-22T06:56:40.324769+00:00,stable,4.26025,200,True,False
c772af8f,2026-09-22T06:56:40.360261+00:00,stable,5.678873,200,True,False
c772af8f,2026-09-22T06:56:40.391654+00:00,stable,4.151523,200,True,False
c772af8f,2026-09-22T06:56:40.428344+00:00,stable,7.08285,200,True,False
c772af8f,2026-09-22T06:56:40.457867+00:00,stable,3.838283,200,True,False
c772af8f,2026-09-22T06:56:40.490891+00:00,stable,3.809202,200,True,False
c772af8f,2026-09-22T06:56:40.524365+00:00,stable,3.803752,200,True,False
c772af8f,2026-09-22T06:56:40.558289+00:00,stable,3.959998,200,True,False
c772af8f,2026-09-22T06:56:40.591463+00:00,stable,3.837742,200,True,False
c772af8f,2026-09-22T06:56:40.624278+00:00,stable,3.622984,200,True,False
c772af8f,2026-09-22T06:56:40.657535+00:00,stable,3.789603,200,True,False
c772af8f,2026-09-22T06:56:40.691363+00:00,stable,4.042114,200,True,False
c772af8f,2026-09-22T06:56:40.727037+00:00,stable,5.536292,200,True,False
c772af8f,2026-09-22T06:56:40.757684+00:00,stable,3.851633,200,True,False
c772af8f,2026-09-22T06:56:40.790929+00:00,stable,3.463345,200,True,False
c772af8f,2026-09-22T06:56:40.824075+00:00,stable,3.610181,200,True,False
c772af8f,2026-09-22T06:56:40.857224+00:00,stable,3.402797,200,True,False
c772af8f,2026-09-22T06:56:40.891672+00:00,stable,4.394796,200,True,False
c772af8f,2026-09-22T06:56:40.924522+00:00,stable,3.562004,200,True,False
c772af8f,2026-09-22T06:56:40.958720+00:00,stable,5.023533,200,True,False
c772af8f,2026-09-22T06:56:41.020269+00:00,stable,32.674878,200,True,False
c772af8f,2026-09-22T06:56:41.023868+00:00,stable,3.353113,200,True,False
c772af8f,2026-09-22T06:56:41.058066+00:00,stable,3.475782,200,True,False
c772af8f,2026-09-22T06:56:41.090559+00:00,stable,3.847497,200,True,False
c772af8f,2026-09-22T06:56:41.124862+00:00,stable,3.817946,200,True,False
c772af8f,2026-09-22T06:56:41.156919+00:00,stable,3.227292,200,True,False
c772af8f,2026-09-22T06:56:41.190852+00:00,stable,3.677736,200,True,False
c772af8f,2026-09-22T06:56:41.223872+00:00,stable,3.388814,200,True,False
c772af8f,2026-09-22T06:56:41.257520+00:00,stable,3.186649,200,True,False
c772af8f,2026-09-22T06:56:41.290922+00:00,stable,3.160148,200,True,False
c772af8f,2026-09-22T06:56:41.324410+00:00,stable,3.564267,200,True,False
c772af8f,2026-09-22T06:56:41.357734+00:00,stable,3.343047,200,True,False
c772af8f,2026-09-22T06:56:41.390593+00:00,stable,3.034366,200,True,False
c772af8f,2026-09-22T06:56:41.424473+00:00,stable,3.098832,200,True,False
c772af8f,2026-09-22T06:56:41.457139+00:00,stable,2.979643,200,True,False
c772af8f,2026-09-22T06:56:41.494100+00:00,stable,6.810546,200,True,False
c772af8f,2026-09-22T06:56:41.524523+00:00,stable,3.738303,200,True,False
c772af8f,2026-09-22T06:56:41.559226+00:00,stable,5.035051,200,True,False
c772af8f,2026-09-22T06:56:41.592087+00:00,stable,4.729011,200,True,False
c772af8f,2026-09-22T06:56:41.624496+00:00,stable,3.840307,200,True,False
c772af8f,2026-09-22T06:56:41.658824+00:00,stable,4.320546,200,True,False
c772af8f,2026-09-22T06:56:41.691186+00:00,stable,3.574519,200,True,False
c772af8f,2026-09-22T06:56:41.723970+00:00,stable,3.23664,200,True,False
c772af8f,2026-09-22T06:56:41.757926+00:00,stable,3.721028,200,True,False
c772af8f,2026-09-22T06:56:41.791813+00:00,stable,3.820118,200,True,False
c772af8f,2026-09-22T06:56:41.825071+00:00,stable,4.754568,200,True,False
c772af8f,2026-09-22T06:56:41.857283+00:00,stable,3.888325,200,True,False
c772af8f,2026-09-22T06:56:41.891053+00:00,stable,3.550357,200,True,False
c772af8f,2026-09-22T06:56:41.924576+00:00,stable,3.744206,200,True,False
c772af8f,2026-09-22T06:56:41.958622+00:00,stable,4.515204,200,True,False
c772af8f,2026-09-22T06:56:41.991814+00:00,stable,4.080186,200,True,False
c772af8f,2026-09-22T06:56:42.024450+00:00,stable,4.172219,200,True,False
c772af8f,2026-09-22T06:56:42.057594+00:00,stable,3.53638,200,True,False
c772af8f,2026-09-22T06:56:42.091324+00:00,stable,3.709395,200,True,False
c772af8f,2026-09-22T06:56:42.124873+00:00,stable,3.603565,200,True,False
c772af8f,2026-09-22T06:56:42.158394+00:00,stable,4.104073,200,True,False
c772af8f,2026-09-22T06:56:42.190935+00:00,stable,3.336979,200,True,False
c772af8f,2026-09-22T06:56:42.224074+00:00,stable,3.572338,200,True,False
c772af8f,2026-09-22T06:56:42.257649+00:00,stable,4.166261,200,True,False
c772af8f,2026-09-22T06:56:42.290115+00:00,stable,3.318184,200,True,False
c772af8f,2026-09-22T06:56:42.324298+00:00,stable,3.646758,200,True,False
c772af8f,2026-09-22T06:56:42.357698+00:00,stable,3.736784,200,True,False
c772af8f,2026-09-22T06:56:42.391646+00:00,stable,3.917077,200,True,False
c772af8f,2026-09-22T06:56:42.425011+00:00,stable,3.87929,200,True,False
c772af8f,2026-09-22T06:56:42.457699+00:00,stable,3.76015,200,True,False
c772af8f,2026-09-22T06:56:42.491145+00:00,stable,3.735671,200,True,False
c772af8f,2026-09-22T06:56:42.525183+00:00,stable,4.449643,200,True,False
c772af8f,2026-09-22T06:56:42.557512+00:00,stable,3.397767,200,True,False
c772af8f,2026-09-22T06:56:42.591365+00:00,stable,3.64701,200,True,False
c772af8f,2026-09-22T06:56:42.625488+00:00,stable,4.616367,200,True,False
c772af8f,2026-09-22T06:56:42.657266+00:00,stable,3.111836,200,True,False
c772af8f,2026-09-22T06:56:42.690243+00:00,stable,3.189614,200,True,False
c772af8f,2026-09-22T06:56:42.724506+00:00,stable,4.416542,200,True,False
c772af8f,2026-09-22T06:56:42.757495+00:00,stable,3.381897,200,True,False
c772af8f,2026-09-22T06:56:42.791385+00:00,stable,3.653849,200,True,False
c772af8f,2026-09-22T06:56:42.824367+00:00,stable,3.485449,200,True,False
c772af8f,2026-09-22T06:56:42.857544+00:00,stable,3.523914,200,True,False
c772af8f,2026-09-22T06:56:42.891092+00:00,stable,3.676717,200,True,False
c772af8f,2026-09-22T06:56:42.924521+00:00,stable,3.730337,200,True,False
c772af8f,2026-09-22T06:56:42.957306+00:00,stable,3.381267,200,True,False
c772af8f,2026-09-22T06:56:42.990682+00:00,stable,3.632402,200,True,False
c772af8f,2026-09-22T06:56:43.024334+00:00,stable,3.969774,200,True,False
c772af8f,2026-09-22T06:56:43.057237+00:00,stable,3.327945,200,True,False
c772af8f,2026-09-22T06:56:43.091026+00:00,stable,3.807449,200,True,False
c772af8f,2026-09-22T06:56:43.124706+00:00,stable,4.051446,200,True,False
c772af8f,2026-09-22T06:56:43.157873+00:00,stable,3.293091,200,True,False
c772af8f,2026-09-22T06:56:43.191118+00:00,stable,3.607993,200,True,False
c772af8f,2026-09-22T06:56:43.226079+00:00,stable,5.453424,200,True,False
c772af8f,2026-09-22T06:56:43.259897+00:00,stable,6.072182,200,True,False
c772af8f,2026-09-22T06:56:43.291000+00:00,stable,3.53278,200,True,False
c772af8f,2026-09-22T06:56:43.323725+00:00,stable,3.095657,200,True,False
c772af8f,2026-09-22T06:56:43.356183+00:00,stable,2.801945,200,True,False
c772af8f,2026-09-22T06:56:43.390386+00:00,stable,3.266698,200,True,False
c772af8f,2026-09-22T06:56:43.424184+00:00,stable,3.268989,200,True,False
c772af8f,2026-09-22T06:56:43.457595+00:00,stable,3.932936,200,True,False
c772af8f,2026-09-22T06:56:43.491819+00:00,stable,4.089883,200,True,False
c772af8f,2026-09-22T06:56:43.523540+00:00,stable,3.093232,200,True,False
c772af8f,2026-09-22T06:56:43.556959+00:00,stable,3.570413,200,True,False
c772af8f,2026-09-22T06:56:43.591872+00:00,stable,4.082776,200,True,False
c772af8f,2026-09-22T06:56:43.625527+00:00,stable,4.785971,200,True,False
c772af8f,2026-09-22T06:56:43.658565+00:00,stable,4.522221,200,True,False
c772af8f,2026-09-22T06:56:43.691647+00:00,stable,4.109127,200,True,False
c772af8f,2026-09-22T06:56:43.725074+00:00,stable,4.557155,200,True,False
c772af8f,2026-09-22T06:56:43.758389+00:00,stable,4.892423,200,True,False
c772af8f,2026-09-22T06:56:43.791761+00:00,stable,4.432743,200,True,False
c772af8f,2026-09-22T06:56:43.824559+00:00,stable,4.491557,200,True,False
c772af8f,2026-09-22T06:56:43.858678+00:00,stable,4.620062,200,True,False
c772af8f,2026-09-22T06:56:43.892886+00:00,stable,5.199581,200,True,False
c772af8f,2026-09-22T06:56:43.926205+00:00,stable,5.568655,200,True,False
c772af8f,2026-09-22T06:56:43.957722+00:00,stable,3.911646,200,True,False
c772af8f,2026-09-22T06:56:43.991950+00:00,stable,5.016588,200,True,False
c772af8f,2026-09-22T06:56:44.026272+00:00,stable,5.463047,200,True,False
c772af8f,2026-09-22T06:56:44.057822+00:00,stable,4.367878,200,True,False
c772af8f,2026-09-22T06:56:44.092047+00:00,stable,4.273576,200,True,False
c772af8f,2026-09-22T06:56:44.124759+00:00,stable,4.230615,200,True,False
c772af8f,2026-09-22T06:56:44.157991+00:00,stable,3.828097,200,True,False
c772af8f,2026-09-22T06:56:44.192156+00:00,stable,5.031671,200,True,False
c772af8f,2026-09-22T06:56:44.224869+00:00,stable,3.90779,200,True,False
c772af8f,2026-09-22T06:56:44.258266+00:00,stable,3.870159,200,True,False
c772af8f,2026-09-22T06:56:44.290990+00:00,stable,3.885419,200,True,False
c772af8f,2026-09-22T06:56:44.324555+00:00,stable,4.039236,200,True,False
c772af8f,2026-09-22T06:56:44.358645+00:00,stable,4.485993,200,True,False
c772af8f,2026-09-22T06:56:44.391648+00:00,stable,3.846815,200,True,False
c772af8f,2026-09-22T06:56:44.425866+00:00,stable,4.674295,200,True,False
c772af8f,2026-09-22T06:56:44.458761+00:00,stable,4.654716,200,True,False
c772af8f,2026-09-22T06:56:44.492128+00:00,stable,4.400946,200,True,False
c772af8f,2026-09-22T06:56:44.524841+00:00,stable,4.172326,200,True,False
c772af8f,2026-09-22T06:56:44.558661+00:00,stable,4.306673,200,True,False
c772af8f,2026-09-22T06:56:44.590704+00:00,stable,3.285682,200,True,False
c772af8f,2026-09-22T06:56:44.625878+00:00,stable,4.670943,200,True,False
c772af8f,2026-09-22T06:56:44.657586+00:00,stable,3.255093,200,True,False
c772af8f,2026-09-22T06:56:44.690877+00:00,stable,3.687971,200,True,False
c772af8f,2026-09-22T06:56:44.723996+00:00,stable,3.777649,200,True,False
c772af8f,2026-09-22T06:56:44.758567+00:00,stable,4.102574,200,True,False
c772af8f,2026-09-22T06:56:44.793739+00:00,stable,5.927247,200,True,False
c772af8f,2026-09-22T06:56:44.825623+00:00,stable,4.639826,200,True,False
c772af8f,2026-09-22T06:56:44.860729+00:00,stable,6.319805,200,True,False
c772af8f,2026-09-22T06:56:44.891143+00:00,stable,3.318175,200,True,False
c772af8f,2026-09-22T06:56:44.923929+00:00,stable,3.035701,200,True,False
c772af8f,2026-09-22T06:56:44.957531+00:00,stable,3.184053,200,True,False
c772af8f,2026-09-22T06:56:44.991055+00:00,stable,3.544949,200,True,False
c772af8f,2026-09-22T06:56:45.023582+00:00,stable,3.0885,200,True,False
c772af8f,2026-09-22T06:56:45.058084+00:00,stable,4.041867,200,True,False
c772af8f,2026-09-22T06:56:45.091280+00:00,stable,4.398903,200,True,False
c772af8f,2026-09-22T06:56:45.124426+00:00,stable,3.69076,200,True,False
c772af8f,2026-09-22T06:56:45.157538+00:00,stable,3.309138,200,True,False
c772af8f,2026-09-22T06:56:45.191666+00:00,stable,4.075012,200,True,False
c772af8f,2026-09-22T06:56:45.223292+00:00,stable,3.234766,200,True,False
c772af8f,2026-09-22T06:56:45.257457+00:00,stable,3.717158,200,True,False
c772af8f,2026-09-22T06:56:45.290295+00:00,stable,3.20568,200,True,False
c772af8f,2026-09-22T06:56:45.323138+00:00,stable,3.11117,200,True,False
c772af8f,2026-09-22T06:56:45.356369+00:00,stable,2.911484,200,True,False
c772af8f,2026-09-22T06:56:45.390122+00:00,stable,2.862906,200,True,False
c772af8f,2026-09-22T06:56:45.423667+00:00,stable,3.085245,200,True,False
c772af8f,2026-09-22T06:56:45.456531+00:00,stable,3.062825,200,True,False
c772af8f,2026-09-22T06:56:45.490755+00:00,stable,3.182196,200,True,False
c772af8f,2026-09-22T06:56:45.523367+00:00,stable,3.234434,200,True,False
c772af8f,2026-09-22T06:56:45.557219+00:00,stable,3.067719,200,True,False
c772af8f,2026-09-22T06:56:45.590639+00:00,stable,3.230324,200,True,False
c772af8f,2026-09-22T06:56:45.624354+00:00,stable,3.355119,200,True,False
c772af8f,2026-09-22T06:56:45.657002+00:00,stable,3.054532,200,True,False
c772af8f,2026-09-22T06:56:45.690219+00:00,stable,3.421056,200,True,False
c772af8f,2026-09-22T06:56:45.724658+00:00,stable,3.593951,200,True,False
c772af8f,2026-09-22T06:56:45.757930+00:00,stable,3.779774,200,True,False
c772af8f,2026-09-22T06:56:45.794143+00:00,stable,4.387917,200,True,False
c772af8f,2026-09-22T06:56:45.824736+00:00,stable,3.895726,200,True,False
c772af8f,2026-09-22T06:56:45.858661+00:00,stable,4.429176,200,True,False
c772af8f,2026-09-22T06:56:45.891991+00:00,stable,4.366622,200,True,False
c772af8f,2026-09-22T06:56:45.925230+00:00,stable,4.701627,200,True,False
c772af8f,2026-09-22T06:56:45.958836+00:00,stable,5.058254,200,True,False
c772af8f,2026-09-22T06:56:45.992357+00:00,stable,4.632474,200,True,False
c772af8f,2026-09-22T06:56:46.025612+00:00,stable,5.389504,200,True,False
c772af8f,2026-09-22T06:56:46.059442+00:00,stable,5.355,200,True,False
c772af8f,2026-09-22T06:56:46.092656+00:00,stable,4.951503,200,True,False
c772af8f,2026-09-22T06:56:46.126822+00:00,stable,5.441272,200,True,False
c772af8f,2026-09-22T06:56:46.159083+00:00,stable,4.678193,200,True,False
c772af8f,2026-09-22T06:56:46.192442+00:00,stable,4.556564,200,True,False
c772af8f,2026-09-22T06:56:46.225489+00:00,stable,4.576202,200,True,False
c772af8f,2026-09-22T06:56:46.258453+00:00,stable,4.480466,200,True,False
c772af8f,2026-09-22T06:56:46.292293+00:00,stable,4.638961,200,True,False
c772af8f,2026-09-22T06:56:46.325321+00:00,stable,4.502893,200,True,False
c772af8f,2026-09-22T06:56:46.358358+00:00,stable,4.540199,200,True,False
c772af8f,2026-09-22T06:56:46.392263+00:00,stable,4.774285,200,True,False
c772af8f,2026-09-22T06:56:46.424945+00:00,stable,4.235206,200,True,False
c772af8f,2026-09-22T06:56:46.458659+00:00,stable,4.15211,200,True,False
c772af8f,2026-09-22T06:56:46.491950+00:00,stable,4.184902,200,True,False
c772af8f,2026-09-22T06:56:46.524834+00:00,stable,4.10396,200,True,False
c772af8f,2026-09-22T06:56:46.559599+00:00,stable,5.17316,200,True,False
c772af8f,2026-09-22T06:56:46.591041+00:00,stable,4.301839,200,True,False
c772af8f,2026-09-22T06:56:46.625899+00:00,stable,4.875325,200,True,False
c772af8f,2026-09-22T06:56:46.659618+00:00,stable,5.130486,200,True,False
c772af8f,2026-09-22T06:56:46.712464+00:00,stable,4.504467,200,True,False
c772af8f,2026-09-22T06:56:46.726453+00:00,stable,5.54863,200,True,False
c772af8f,2026-09-22T06:56:46.760682+00:00,stable,5.234636,200,True,False
c772af8f,2026-09-22T06:56:46.793047+00:00,stable,5.332551,200,True,False
c772af8f,2026-09-22T06:56:46.826289+00:00,stable,5.266148,200,True,False
c772af8f,2026-09-22T06:56:46.860293+00:00,stable,6.337968,200,True,False
c772af8f,2026-09-22T06:56:46.892879+00:00,stable,6.050862,200,True,False
c772af8f,2026-09-22T06:56:46.927498+00:00,stable,6.308779,200,True,False
c772af8f,2026-09-22T06:56:46.960000+00:00,stable,5.97187,200,True,False
c772af8f,2026-09-22T06:56:46.994412+00:00,stable,7.534452,200,True,False
c772af8f,2026-09-22T06:56:47.027936+00:00,stable,6.811008,200,True,False
c772af8f,2026-09-22T06:56:47.060619+00:00,stable,6.595817,200,True,False
c772af8f,2026-09-22T06:56:47.094369+00:00,stable,6.655427,200,True,False
c772af8f,2026-09-22T06:56:47.127691+00:00,stable,7.32761,200,True,False
c772af8f,2026-09-22T06:56:47.161302+00:00,stable,7.160584,200,True,False
c772af8f,2026-09-22T06:56:47.195253+00:00,stable,8.358087,200,True,False
c772af8f,2026-09-22T06:56:47.229294+00:00,stable,8.117726,200,True,False
c772af8f,2026-09-22T06:56:47.262071+00:00,stable,8.017606,200,True,False
c772af8f,2026-09-22T06:56:47.297568+00:00,stable,9.522191,200,True,False
c772af8f,2026-09-22T06:56:47.328621+00:00,stable,8.349183,200,True,False
c772af8f,2026-09-22T06:56:47.366954+00:00,stable,12.348525,200,True,False
c772af8f,2026-09-22T06:56:47.398688+00:00,stable,11.712903,200,True,False
c772af8f,2026-09-22T06:56:47.430138+00:00,stable,8.028505,200,True,False
c772af8f,2026-09-22T06:56:47.462248+00:00,stable,8.179021,200,True,False
c772af8f,2026-09-22T06:56:47.498705+00:00,stable,11.800545,200,True,False
c772af8f,2026-09-22T06:56:47.528394+00:00,stable,7.654135,200,True,False
c772af8f,2026-09-22T06:56:47.579174+00:00,stable,24.548303,200,True,False
c772af8f,2026-09-22T06:56:47.595071+00:00,stable,7.992581,200,True,False
c772af8f,2026-09-22T06:56:47.635375+00:00,stable,14.165792,200,True,False
c772af8f,2026-09-22T06:56:47.662587+00:00,stable,8.200123,200,True,False
c772af8f,2026-09-22T06:56:47.695266+00:00,stable,7.301575,200,True,False
c772af8f,2026-09-22T06:56:47.727071+00:00,stable,6.672982,200,True,False
c772af8f,2026-09-22T06:56:47.762831+00:00,stable,8.474321,200,True,False
c772af8f,2026-09-22T06:56:47.793940+00:00,stable,6.623134,200,True,False
c772af8f,2026-09-22T06:56:47.839140+00:00,stable,18.191027,200,True,False
c772af8f,2026-09-22T06:56:47.927834+00:00,stable,6.876319,200,True,False
c772af8f,2026-09-22T06:56:47.929016+00:00,stable,7.846006,200,True,False
c772af8f,2026-09-22T06:56:47.929303+00:00,stable,7.978639,200,True,False
c772af8f,2026-09-22T06:56:48.026458+00:00,stable,6.796137,200,True,False
c772af8f,2026-09-22T06:56:48.026547+00:00,stable,6.958971,200,True,False
c772af8f,2026-09-22T06:56:48.027158+00:00,stable,7.105133,200,True,False
c772af8f,2026-09-22T06:56:48.138737+00:00,stable,17.265103,200,True,False
c772af8f,2026-09-22T06:56:48.140089+00:00,stable,15.177819,200,True,False
c772af8f,2026-09-22T06:56:48.141847+00:00,stable,17.083419,200,True,False
c772af8f,2026-09-22T06:56:48.226735+00:00,stable,7.440348,200,True,False
c772af8f,2026-09-22T06:56:48.226874+00:00,stable,7.332026,200,True,False
c772af8f,2026-09-22T06:56:48.231929+00:00,stable,11.658442,200,True,False
c772af8f,2026-09-22T06:56:48.327012+00:00,stable,7.231111,200,True,False
c772af8f,2026-09-22T06:56:48.327201+00:00,stable,8.217207,200,True,False
c772af8f,2026-09-22T06:56:48.342731+00:00,stable,15.821091,200,True,False
c772af8f,2026-09-22T06:56:48.427127+00:00,stable,6.642568,200,True,False
c772af8f,2026-09-22T06:56:48.427698+00:00,stable,7.116149,200,True,False
c772af8f,2026-09-22T06:56:48.428423+00:00,stable,7.939689,200,True,False
c772af8f,2026-09-22T06:56:48.538161+00:00,stable,18.991033,200,True,False
c772af8f,2026-09-22T06:56:48.538387+00:00,stable,18.645271,200,True,False
c772af8f,2026-09-22T06:56:48.543395+00:00,stable,23.007396,200,True,False
c772af8f,2026-09-22T06:56:48.619501+00:00,stable,64.926993,200,True,False
c772af8f,2026-09-22T06:56:48.626685+00:00,stable,6.498274,200,True,False
c772af8f,2026-09-22T06:56:48.637764+00:00,stable,18.276418,200,True,False
c772af8f,2026-09-22T06:56:48.722432+00:00,stable,68.121665,200,True,False
c772af8f,2026-09-22T06:56:48.735703+00:00,stable,14.349643,200,True,False
c772af8f,2026-09-22T06:56:48.739079+00:00,stable,20.191236,200,True,False
c772af8f,2026-09-22T06:56:48.828426+00:00,stable,8.431101,200,True,False
c772af8f,2026-09-22T06:56:48.837382+00:00,stable,17.542434,200,True,False
c772af8f,2026-09-22T06:56:48.841117+00:00,stable,21.276994,200,True,False
c772af8f,2026-09-22T06:56:48.922335+00:00,stable,67.963301,200,True,False
c772af8f,2026-09-22T06:56:48.927022+00:00,stable,39.437971,200,True,False
c772af8f,2026-09-22T06:56:48.929588+00:00,stable,8.339281,200,True,False
c772af8f,2026-09-22T06:56:49.026307+00:00,stable,71.858803,200,True,False
c772af8f,2026-09-22T06:56:49.029363+00:00,stable,8.637613,200,True,False
c772af8f,2026-09-22T06:56:49.127241+00:00,stable,8.168395,200,True,False
c772af8f,2026-09-22T06:56:49.127633+00:00,stable,7.877014,200,True,False
c772af8f,2026-09-22T06:56:49.127726+00:00,stable,8.149737,200,True,False
c772af8f,2026-09-22T06:56:49.127942+00:00,stable,7.890916,200,True,False
c772af8f,2026-09-22T06:56:49.163474+00:00,stable,8.498212,200,True,False
c772af8f,2026-09-22T06:56:49.196010+00:00,stable,8.84185,200,True,False
c772af8f,2026-09-22T06:56:49.239406+00:00,stable,17.564838,200,True,False
c772af8f,2026-09-22T06:56:49.262179+00:00,stable,7.737666,200,True,False
c772af8f,2026-09-22T06:56:49.296018+00:00,stable,8.155298,200,True,False
c772af8f,2026-09-22T06:56:49.330204+00:00,stable,8.852237,200,True,False
c772af8f,2026-09-22T06:56:49.362376+00:00,stable,8.57693,200,True,False
c772af8f,2026-09-22T06:56:49.395041+00:00,stable,7.072413,200,True,False
c772af8f,2026-09-22T06:56:49.428410+00:00,stable,7.088422,200,True,False
c772af8f,2026-09-22T06:56:49.462870+00:00,stable,8.216856,200,True,False
c772af8f,2026-09-22T06:56:49.495729+00:00,stable,8.113398,200,True,False
c772af8f,2026-09-22T06:56:49.531241+00:00,stable,10.078104,200,True,False
c772af8f,2026-09-22T06:56:49.562723+00:00,stable,8.408409,200,True,False
c772af8f,2026-09-22T06:56:49.595292+00:00,stable,7.458263,200,True,False
c772af8f,2026-09-22T06:56:49.628799+00:00,stable,7.877862,200,True,False
c772af8f,2026-09-22T06:56:49.661830+00:00,stable,7.212948,200,True,False
c772af8f,2026-09-22T06:56:49.694082+00:00,stable,7.245967,200,True,False
c772af8f,2026-09-22T06:56:49.728735+00:00,stable,7.964745,200,True,False
c772af8f,2026-09-22T06:56:49.761780+00:00,stable,7.552802,200,True,False
c772af8f,2026-09-22T06:56:49.794392+00:00,stable,7.507309,200,True,False
c772af8f,2026-09-22T06:56:49.829808+00:00,stable,8.010895,200,True,False
c772af8f,2026-09-22T06:56:49.861496+00:00,stable,7.275865,200,True,False
c772af8f,2026-09-22T06:56:49.897760+00:00,stable,10.002792,200,True,False
c772af8f,2026-09-22T06:56:49.934119+00:00,stable,12.682062,200,True,False
c772af8f,2026-09-22T06:56:50.026580+00:00,stable,7.748451,200,True,False
c772af8f,2026-09-22T06:56:50.026596+00:00,stable,72.232214,200,True,False
c772af8f,2026-09-22T06:56:50.028479+00:00,stable,7.902849,200,True,False
c772af8f,2026-09-22T06:56:50.061565+00:00,stable,6.940634,200,True,False
c772af8f,2026-09-22T06:56:50.125810+00:00,stable,6.659343,200,True,False
c772af8f,2026-09-22T06:56:50.127830+00:00,stable,7.171822,200,True,False
c772af8f,2026-09-22T06:56:50.161398+00:00,stable,6.584229,200,True,False
c772af8f,2026-09-22T06:56:50.224489+00:00,stable,36.810686,200,True,False
c772af8f,2026-09-22T06:56:50.227835+00:00,stable,6.553404,200,True,False
c772af8f,2026-09-22T06:56:50.259721+00:00,stable,6.250424,200,True,False
c772af8f,2026-09-22T06:56:50.293107+00:00,stable,5.901377,200,True,False
c772af8f,2026-09-22T06:56:50.327299+00:00,stable,6.762749,200,True,False
c772af8f,2026-09-22T06:56:50.362277+00:00,stable,7.759582,200,True,False
c772af8f,2026-09-22T06:56:50.395097+00:00,stable,7.237956,200,True,False
c772af8f,2026-09-22T06:56:50.427986+00:00,stable,7.071412,200,True,False
c772af8f,2026-09-22T06:56:50.461152+00:00,stable,7.367066,200,True,False
c772af8f,2026-09-22T06:56:50.495558+00:00,stable,7.575011,200,True,False
c772af8f,2026-09-22T06:56:50.528287+00:00,stable,6.759753,200,True,False
c772af8f,2026-09-22T06:56:50.561755+00:00,stable,7.536301,200,True,False
c772af8f,2026-09-22T06:56:50.594600+00:00,stable,7.702919,200,True,False
c772af8f,2026-09-22T06:56:50.634658+00:00,stable,14.472123,200,True,False
c772af8f,2026-09-22T06:56:50.669860+00:00,stable,15.42326,200,True,False
c772af8f,2026-09-22T06:56:50.695662+00:00,stable,8.551408,200,True,False
c772af8f,2026-09-22T06:56:50.735507+00:00,stable,15.209049,200,True,False
c772af8f,2026-09-22T06:56:50.821524+00:00,stable,67.78722,200,True,False
c772af8f,2026-09-22T06:56:50.825327+00:00,stable,6.604669,200,True,False
c772af8f,2026-09-22T06:56:50.827558+00:00,stable,7.178454,200,True,False
c772af8f,2026-09-22T06:56:50.861311+00:00,stable,7.035473,200,True,False
c772af8f,2026-09-22T06:56:50.896167+00:00,stable,8.068304,200,True,False
c772af8f,2026-09-22T06:56:50.933129+00:00,stable,11.879515,200,True,False
c772af8f,2026-09-22T06:56:50.961100+00:00,stable,7.056645,200,True,False
c772af8f,2026-09-22T06:56:51.124963+00:00,stable,104.670878,200,True,False
c772af8f,2026-09-22T06:56:51.125312+00:00,stable,5.329086,200,True,False
c772af8f,2026-09-22T06:56:51.125618+00:00,stable,105.938531,200,True,False
c772af8f,2026-09-22T06:56:51.127513+00:00,stable,7.869185,200,True,False
c772af8f,2026-09-22T06:56:51.127513+00:00,stable,7.882709,200,True,False
c772af8f,2026-09-22T06:56:51.159811+00:00,stable,5.688098,200,True,False
c772af8f,2026-09-22T06:56:51.193983+00:00,stable,6.109842,200,True,False
c772af8f,2026-09-22T06:56:51.228167+00:00,stable,7.164632,200,True,False
c772af8f,2026-09-22T06:56:51.259180+00:00,stable,5.770152,200,True,False
c772af8f,2026-09-22T06:56:51.291894+00:00,stable,4.631571,200,True,False
c772af8f,2026-09-22T06:56:51.325562+00:00,stable,5.231726,200,True,False
c772af8f,2026-09-22T06:56:51.358637+00:00,stable,5.151035,200,True,False
c772af8f,2026-09-22T06:56:51.392703+00:00,stable,5.00749,200,True,False
c772af8f,2026-09-22T06:56:51.424949+00:00,stable,4.888729,200,True,False
c772af8f,2026-09-22T06:56:51.461716+00:00,stable,7.469083,200,True,False
c772af8f,2026-09-22T06:56:51.493127+00:00,stable,5.41928,200,True,False
c772af8f,2026-09-22T06:56:51.527267+00:00,stable,6.637691,200,True,False
c772af8f,2026-09-22T06:56:51.573776+00:00,stable,19.029237,200,True,False
c772af8f,2026-09-22T06:56:51.592071+00:00,stable,4.820339,200,True,False
c772af8f,2026-09-22T06:56:51.625473+00:00,stable,4.569966,200,True,False
c772af8f,2026-09-22T06:56:51.660733+00:00,stable,6.145288,200,True,False
c772af8f,2026-09-22T06:56:51.693711+00:00,stable,6.19568,200,True,False
c772af8f,2026-09-22T06:56:51.726546+00:00,stable,5.540685,200,True,False
c772af8f,2026-09-22T06:56:51.762445+00:00,stable,8.051474,200,True,False
c772af8f,2026-09-22T06:56:51.794168+00:00,stable,7.268659,200,True,False
c772af8f,2026-09-22T06:56:51.827635+00:00,stable,6.778585,200,True,False
c772af8f,2026-09-22T06:56:51.861917+00:00,stable,7.364937,200,True,False
c772af8f,2026-09-22T06:56:51.894556+00:00,stable,7.844523,200,True,False
c772af8f,2026-09-22T06:56:51.930722+00:00,stable,9.442154,200,True,False
c772af8f,2026-09-22T06:56:51.959106+00:00,stable,4.683813,200,True,False
c772af8f,2026-09-22T06:56:51.997129+00:00,stable,8.944866,200,True,False
c772af8f,2026-09-22T06:56:52.025192+00:00,stable,4.580574,200,True,False
c772af8f,2026-09-22T06:56:52.057519+00:00,stable,4.014616,200,True,False
c772af8f,2026-09-22T06:56:52.094759+00:00,stable,7.048472,200,True,False
c772af8f,2026-09-22T06:56:52.126740+00:00,stable,6.093125,200,True,False
c772af8f,2026-09-22T06:56:52.165248+00:00,stable,10.39567,200,True,False
c772af8f,2026-09-22T06:56:52.192405+00:00,stable,5.267101,200,True,False
c772af8f,2026-09-22T06:56:52.226261+00:00,stable,5.154891,200,True,False
c772af8f,2026-09-22T06:56:52.258609+00:00,stable,5.078018,200,True,False
c772af8f,2026-09-22T06:56:52.294901+00:00,stable,7.006604,200,True,False
c772af8f,2026-09-22T06:56:52.327598+00:00,stable,6.999103,200,True,False
c772af8f,2026-09-22T06:56:52.363875+00:00,stable,8.957781,200,True,False
c772af8f,2026-09-22T06:56:52.391944+00:00,stable,4.601609,200,True,False
c772af8f,2026-09-22T06:56:52.425359+00:00,stable,4.881866,200,True,False
c772af8f,2026-09-22T06:56:52.458289+00:00,stable,3.962977,200,True,False
c772af8f,2026-09-22T06:56:52.490944+00:00,stable,3.703721,200,True,False
c772af8f,2026-09-22T06:56:52.523969+00:00,stable,3.471797,200,True,False
c772af8f,2026-09-22T06:56:52.556789+00:00,stable,3.316326,200,True,False
c772af8f,2026-09-22T06:56:52.591959+00:00,stable,4.577626,200,True,False
c772af8f,2026-09-22T06:56:52.624557+00:00,stable,4.210741,200,True,False
c772af8f,2026-09-22T06:56:52.658093+00:00,stable,4.063375,200,True,False
c772af8f,2026-09-22T06:56:52.688787+00:00,stable,4.089446,200,True,False
c772af8f,2026-09-22T06:56:52.722718+00:00,stable,3.824345,200,True,False
c772af8f,2026-09-22T06:56:52.754070+00:00,stable,2.916286,200,True,False
c772af8f,2026-09-22T06:56:52.787988+00:00,stable,3.257438,200,True,False
c772af8f,2026-09-22T06:56:52.821778+00:00,stable,3.286986,200,True,False
c772af8f,2026-09-22T06:56:52.854818+00:00,stable,3.650516,200,True,False
c772af8f,2026-09-22T06:56:52.888333+00:00,stable,3.431608,200,True,False
c772af8f,2026-09-22T06:56:52.921792+00:00,stable,3.790164,200,True,False
c772af8f,2026-09-22T06:56:52.956088+00:00,stable,4.397813,200,True,False
c772af8f,2026-09-22T06:56:52.988695+00:00,stable,3.518268,200,True,False
c772af8f,2026-09-22T06:56:53.021439+00:00,stable,3.317281,200,True,False
c772af8f,2026-09-22T06:56:53.056494+00:00,stable,4.451961,200,True,False
c772af8f,2026-09-22T06:56:53.088985+00:00,stable,4.632711,200,True,False
c772af8f,2026-09-22T06:56:53.121582+00:00,stable,3.130212,200,True,False
c772af8f,2026-09-22T06:56:53.154936+00:00,stable,2.992292,200,True,False
c772af8f,2026-09-22T06:56:53.187929+00:00,stable,3.021141,200,True,False
c772af8f,2026-09-22T06:56:53.221525+00:00,stable,3.006652,200,True,False
c772af8f,2026-09-22T06:56:53.254896+00:00,stable,2.929171,200,True,False
c772af8f,2026-09-22T06:56:53.287787+00:00,stable,3.064274,200,True,False
c772af8f,2026-09-22T06:56:53.323317+00:00,stable,3.121552,200,True,False
c772af8f,2026-09-22T06:56:53.355033+00:00,stable,3.140513,200,True,False
c772af8f,2026-09-22T06:56:53.388390+00:00,stable,3.19504,200,True,False
c772af8f,2026-09-22T06:56:53.421196+00:00,stable,3.360197,200,True,False
c772af8f,2026-09-22T06:56:53.456204+00:00,stable,3.970369,200,True,False
c772af8f,2026-09-22T06:56:53.488181+00:00,stable,2.915035,200,True,False
c772af8f,2026-09-22T06:56:53.520673+00:00,stable,3.044,200,True,False
c772af8f,2026-09-22T06:56:53.555945+00:00,stable,4.784471,200,True,False
c772af8f,2026-09-22T06:56:53.587739+00:00,stable,3.096,200,True,False
c772af8f,2026-09-22T06:56:53.622645+00:00,stable,4.121935,200,True,False
c772af8f,2026-09-22T06:56:53.663472+00:00,stable,3.41846,200,True,False
c772af8f,2026-09-22T06:56:53.689490+00:00,stable,4.268601,200,True,False
c772af8f,2026-09-22T06:56:53.723278+00:00,stable,5.155824,200,True,False
c772af8f,2026-09-22T06:56:53.756365+00:00,stable,4.629964,200,True,False
c772af8f,2026-09-22T06:56:53.787990+00:00,stable,3.683477,200,True,False
c772af8f,2026-09-22T06:56:53.822026+00:00,stable,4.256063,200,True,False
c772af8f,2026-09-22T06:56:53.856070+00:00,stable,4.608766,200,True,False
c772af8f,2026-09-22T06:56:53.889056+00:00,stable,3.83781,200,True,False
c772af8f,2026-09-22T06:56:53.921667+00:00,stable,3.761159,200,True,False
c772af8f,2026-09-22T06:56:53.955597+00:00,stable,4.504266,200,True,False
c772af8f,2026-09-22T06:56:53.989578+00:00,stable,4.645331,200,True,False
c772af8f,2026-09-22T06:56:54.022488+00:00,stable,4.169955,200,True,False
c772af8f,2026-09-22T06:56:54.056563+00:00,stable,5.004624,200,True,False
c772af8f,2026-09-22T06:56:54.090605+00:00,stable,5.359844,200,True,False
c772af8f,2026-09-22T06:56:54.123152+00:00,stable,5.019838,200,True,False
c772af8f,2026-09-22T06:56:54.156929+00:00,stable,5.160051,200,True,False
c772af8f,2026-09-22T06:56:54.189553+00:00,stable,4.882177,200,True,False
c772af8f,2026-09-22T06:56:54.223169+00:00,stable,4.923142,200,True,False
c772af8f,2026-09-22T06:56:54.256749+00:00,stable,5.087869,200,True,False
c772af8f,2026-09-22T06:56:54.289541+00:00,stable,4.473573,200,True,False
c772af8f,2026-09-22T06:56:54.322802+00:00,stable,4.39154,200,True,False
c772af8f,2026-09-22T06:56:54.356427+00:00,stable,4.914571,200,True,False
c772af8f,2026-09-22T06:56:54.389966+00:00,stable,5.269935,200,True,False
c772af8f,2026-09-22T06:56:54.422865+00:00,stable,4.471375,200,True,False
c772af8f,2026-09-22T06:56:54.456413+00:00,stable,4.791474,200,True,False
c772af8f,2026-09-22T06:56:54.489617+00:00,stable,5.114043,200,True,False
c772af8f,2026-09-22T06:56:54.522081+00:00,stable,4.153373,200,True,False
c772af8f,2026-09-22T06:56:54.555811+00:00,stable,4.214831,200,True,False
c772af8f,2026-09-22T06:56:54.589222+00:00,stable,4.360703,200,True,False
c772af8f,2026-09-22T06:56:54.623362+00:00,stable,4.539413,200,True,False
c772af8f,2026-09-22T06:56:54.656413+00:00,stable,4.454789,200,True,False
c772af8f,2026-09-22T06:56:54.694917+00:00,stable,9.895154,200,True,False
c772af8f,2026-09-22T06:56:54.723090+00:00,stable,5.06711,200,True,False
c772af8f,2026-09-22T06:56:54.756810+00:00,stable,5.096261,200,True,False
c772af8f,2026-09-22T06:56:54.789320+00:00,stable,4.530838,200,True,False
c772af8f,2026-09-22T06:56:54.822492+00:00,stable,4.79476,200,True,False
c772af8f,2026-09-22T06:56:54.856100+00:00,stable,3.989145,200,True,False
c772af8f,2026-09-22T06:56:54.889671+00:00,stable,4.675074,200,True,False
c772af8f,2026-09-22T06:56:54.922361+00:00,stable,3.948873,200,True,False
c772af8f,2026-09-22T06:56:54.961329+00:00,stable,10.281401,200,True,False
c772af8f,2026-09-22T06:56:55.016487+00:00,stable,27.758806,200,True,False
c772af8f,2026-09-22T06:56:55.025050+00:00,stable,5.250323,200,True,False
c772af8f,2026-09-22T06:56:55.057622+00:00,stable,5.80277,200,True,False
c772af8f,2026-09-22T06:56:55.089155+00:00,stable,4.447158,200,True,False
c772af8f,2026-09-22T06:56:55.122802+00:00,stable,4.002473,200,True,False
c772af8f,2026-09-22T06:56:55.157639+00:00,stable,6.034066,200,True,False
c772af8f,2026-09-22T06:56:55.191198+00:00,stable,6.083686,200,True,False
c772af8f,2026-09-22T06:56:55.225908+00:00,stable,5.248277,200,True,False
c772af8f,2026-09-22T06:56:55.255148+00:00,stable,3.518939,200,True,False
c772af8f,2026-09-22T06:56:55.289338+00:00,stable,4.054283,200,True,False
c772af8f,2026-09-22T06:56:55.323968+00:00,stable,5.714041,200,True,False
c772af8f,2026-09-22T06:56:55.356038+00:00,stable,4.491849,200,True,False
c772af8f,2026-09-22T06:56:55.389741+00:00,stable,4.266232,200,True,False
c772af8f,2026-09-22T06:56:55.423004+00:00,stable,4.814248,200,True,False
c772af8f,2026-09-22T06:56:55.456843+00:00,stable,3.592163,200,True,False
c772af8f,2026-09-22T06:56:55.489258+00:00,stable,4.399971,200,True,False
c772af8f,2026-09-22T06:56:55.522209+00:00,stable,3.4794,200,True,False
c772af8f,2026-09-22T06:56:55.556343+00:00,stable,4.158602,200,True,False
c772af8f,2026-09-22T06:56:55.588816+00:00,stable,3.90453,200,True,False
c772af8f,2026-09-22T06:56:55.623961+00:00,stable,5.390885,200,True,False
c772af8f,2026-09-22T06:56:55.657171+00:00,stable,5.419007,200,True,False
c772af8f,2026-09-22T06:56:55.689007+00:00,stable,3.86087,200,True,False
c772af8f,2026-09-22T06:56:55.722863+00:00,stable,4.159813,200,True,False
c772af8f,2026-09-22T06:56:55.757095+00:00,stable,5.258481,200,True,False
c772af8f,2026-09-22T06:56:55.789132+00:00,stable,3.515367,200,True,False
c772af8f,2026-09-22T06:56:55.823527+00:00,stable,4.59988,200,True,False
c772af8f,2026-09-22T06:56:55.854680+00:00,stable,3.518407,200,True,False
c772af8f,2026-09-22T06:56:55.888724+00:00,stable,3.786691,200,True,False
c772af8f,2026-09-22T06:56:55.922056+00:00,stable,3.552384,200,True,False
c772af8f,2026-09-22T06:56:55.955819+00:00,stable,4.122238,200,True,False
c772af8f,2026-09-22T06:56:55.988267+00:00,stable,3.592082,200,True,False
c772af8f,2026-09-22T06:56:56.021617+00:00,stable,3.602288,200,True,False
c772af8f,2026-09-22T06:56:56.055328+00:00,stable,3.60968,200,True,False
c772af8f,2026-09-22T06:56:56.089551+00:00,stable,5.074758,200,True,False
c772af8f,2026-09-22T06:56:56.123151+00:00,stable,4.849336,200,True,False
c772af8f,2026-09-22T06:56:56.156044+00:00,stable,4.145784,200,True,False
c772af8f,2026-09-22T06:56:56.191763+00:00,stable,6.322789,200,True,False
c772af8f,2026-09-22T06:56:56.222352+00:00,stable,4.042942,200,True,False
c772af8f,2026-09-22T06:56:56.255730+00:00,stable,4.192345,200,True,False
c772af8f,2026-09-22T06:56:56.288613+00:00,stable,3.677455,200,True,False
c772af8f,2026-09-22T06:56:56.321789+00:00,stable,3.568672,200,True,False
c772af8f,2026-09-22T06:56:56.355229+00:00,stable,3.740818,200,True,False
c772af8f,2026-09-22T06:56:56.388535+00:00,stable,3.36521,200,True,False
c772af8f,2026-09-22T06:56:56.421709+00:00,stable,3.109976,200,True,False
c772af8f,2026-09-22T06:56:56.455746+00:00,stable,4.291,200,True,False
c772af8f,2026-09-22T06:56:56.489642+00:00,stable,4.336221,200,True,False
c772af8f,2026-09-22T06:56:56.521633+00:00,stable,3.39727,200,True,False
c772af8f,2026-09-22T06:56:56.555274+00:00,stable,4.159582,200,True,False
c772af8f,2026-09-22T06:56:56.589352+00:00,stable,4.070983,200,True,False
c772af8f,2026-09-22T06:56:56.621322+00:00,stable,3.496507,200,True,False
c772af8f,2026-09-22T06:56:56.656185+00:00,stable,3.755596,200,True,False
c772af8f,2026-09-22T06:56:56.721351+00:00,stable,5.20635,200,True,False
c772af8f,2026-09-22T06:56:56.722912+00:00,stable,5.038491,200,True,False
c772af8f,2026-09-22T06:56:56.820629+00:00,stable,68.887516,200,True,False
c772af8f,2026-09-22T06:56:56.821509+00:00,stable,5.106414,200,True,False
c772af8f,2026-09-22T06:56:56.822168+00:00,stable,3.338768,200,True,False
c772af8f,2026-09-22T06:56:56.855415+00:00,stable,3.639936,200,True,False
c772af8f,2026-09-22T06:56:56.889657+00:00,stable,4.951476,200,True,False
c772af8f,2026-09-22T06:56:56.922101+00:00,stable,3.815023,200,True,False
c772af8f,2026-09-22T06:56:56.955177+00:00,stable,3.526222,200,True,False
c772af8f,2026-09-22T06:56:56.989167+00:00,stable,4.004495,200,True,False
c772af8f,2026-09-22T06:56:57.022340+00:00,stable,3.690416,200,True,False
c772af8f,2026-09-22T06:56:57.056238+00:00,stable,4.925894,200,True,False
c772af8f,2026-09-22T06:56:57.089591+00:00,stable,4.189522,200,True,False
c772af8f,2026-09-22T06:56:57.123774+00:00,stable,5.242534,200,True,False
c772af8f,2026-09-22T06:56:57.155726+00:00,stable,4.167818,200,True,False
c772af8f,2026-09-22T06:56:57.189363+00:00,stable,4.571939,200,True,False
c772af8f,2026-09-22T06:56:57.222436+00:00,stable,4.166145,200,True,False
c772af8f,2026-09-22T06:56:57.255811+00:00,stable,4.783817,200,True,False
c772af8f,2026-09-22T06:56:57.289390+00:00,stable,4.128498,200,True,False
c772af8f,2026-09-22T06:56:57.321829+00:00,stable,3.97371,200,True,False
c772af8f,2026-09-22T06:56:57.355843+00:00,stable,4.322624,200,True,False
c772af8f,2026-09-22T06:56:57.389281+00:00,stable,4.281871,200,True,False
c772af8f,2026-09-22T06:56:57.423385+00:00,stable,5.275944,200,True,False
c772af8f,2026-09-22T06:56:57.456039+00:00,stable,4.087164,200,True,False
c772af8f,2026-09-22T06:56:57.489108+00:00,stable,4.023086,200,True,False
c772af8f,2026-09-22T06:56:57.522937+00:00,stable,4.301393,200,True,False
c772af8f,2026-09-22T06:56:57.556868+00:00,stable,5.053642,200,True,False
c772af8f,2026-09-22T06:56:57.590988+00:00,stable,5.624433,200,True,False
c772af8f,2026-09-22T06:56:57.623585+00:00,stable,4.933996,200,True,False
c772af8f,2026-09-22T06:56:57.656177+00:00,stable,5.105599,200,True,False
c772af8f,2026-09-22T06:56:57.689617+00:00,stable,4.220448,200,True,False
c772af8f,2026-09-22T06:56:57.721313+00:00,stable,3.255736,200,True,False
c772af8f,2026-09-22T06:56:57.755420+00:00,stable,3.629553,200,True,False
c772af8f,2026-09-22T06:56:57.790843+00:00,stable,5.447948,200,True,False
c772af8f,2026-09-22T06:56:57.822560+00:00,stable,4.009559,200,True,False
c772af8f,2026-09-22T06:56:57.854624+00:00,stable,3.132256,200,True,False
c772af8f,2026-09-22T06:56:57.888156+00:00,stable,3.213362,200,True,False
c772af8f,2026-09-22T06:56:57.922423+00:00,stable,3.608868,200,True,False
c772af8f,2026-09-22T06:56:57.955308+00:00,stable,3.438301,200,True,False
c772af8f,2026-09-22T06:56:57.988632+00:00,stable,3.584694,200,True,False
c772af8f,2026-09-22T06:56:58.023246+00:00,stable,4.990325,200,True,False
c772af8f,2026-09-22T06:56:58.055388+00:00,stable,3.640937,200,True,False
c772af8f,2026-09-22T06:56:58.088501+00:00,stable,3.633608,200,True,False
c772af8f,2026-09-22T06:56:58.122578+00:00,stable,4.298966,200,True,False
c772af8f,2026-09-22T06:56:58.155431+00:00,stable,3.95304,200,True,False
c772af8f,2026-09-22T06:56:58.189121+00:00,stable,3.868777,200,True,False
c772af8f,2026-09-22T06:56:58.223107+00:00,stable,4.5345,200,True,False
c772af8f,2026-09-22T06:56:58.256691+00:00,stable,4.713162,200,True,False
c772af8f,2026-09-22T06:56:58.321793+00:00,stable,4.693102,200,True,False
c772af8f,2026-09-22T06:56:58.323283+00:00,stable,5.608132,200,True,False
c772af8f,2026-09-22T06:56:58.422814+00:00,stable,4.791869,200,True,False
c772af8f,2026-09-22T06:56:58.424462+00:00,stable,8.00397,200,True,False
c772af8f,2026-09-22T06:56:58.426818+00:00,stable,10.449485,200,True,False
c772af8f,2026-09-22T06:56:58.521414+00:00,stable,69.62941,200,True,False
c772af8f,2026-09-22T06:56:58.522568+00:00,stable,5.733675,200,True,False
c772af8f,2026-09-22T06:56:58.527092+00:00,stable,8.500761,200,True,False
c772af8f,2026-09-22T06:56:58.557551+00:00,stable,5.368618,200,True,False
c772af8f,2026-09-22T06:56:58.590458+00:00,stable,5.03176,200,True,False
c772af8f,2026-09-22T06:56:58.623834+00:00,stable,5.607929,200,True,False
c772af8f,2026-09-22T06:56:58.656830+00:00,stable,5.336356,200,True,False
c772af8f,2026-09-22T06:56:58.690472+00:00,stable,5.209529,200,True,False
c772af8f,2026-09-22T06:56:58.723605+00:00,stable,5.041431,200,True,False
c772af8f,2026-09-22T06:56:58.756232+00:00,stable,4.927515,200,True,False
c772af8f,2026-09-22T06:56:58.790390+00:00,stable,5.154404,200,True,False
c772af8f,2026-09-22T06:56:58.823488+00:00,stable,5.647895,200,True,False
c772af8f,2026-09-22T06:56:58.856144+00:00,stable,5.090222,200,True,False
c772af8f,2026-09-22T06:56:58.890215+00:00,stable,4.936675,200,True,False
c772af8f,2026-09-22T06:56:58.922998+00:00,stable,4.868718,200,True,False
c772af8f,2026-09-22T06:56:58.956555+00:00,stable,4.991425,200,True,False
c772af8f,2026-09-22T06:56:58.989888+00:00,stable,4.857636,200,True,False
c772af8f,2026-09-22T06:56:59.022463+00:00,stable,4.506084,200,True,False
c772af8f,2026-09-22T06:56:59.056244+00:00,stable,4.632016,200,True,False
c772af8f,2026-09-22T06:56:59.090017+00:00,stable,4.682697,200,True,False
c772af8f,2026-09-22T06:56:59.123426+00:00,stable,4.721358,200,True,False
c772af8f,2026-09-22T06:56:59.156394+00:00,stable,4.402793,200,True,False
c772af8f,2026-09-22T06:56:59.189012+00:00,stable,3.853258,200,True,False
c772af8f,2026-09-22T06:56:59.221757+00:00,stable,3.956531,200,True,False
c772af8f,2026-09-22T06:56:59.255473+00:00,stable,4.02307,200,True,False
c772af8f,2026-09-22T06:56:59.288583+00:00,stable,3.778803,200,True,False
c772af8f,2026-09-22T06:56:59.321930+00:00,stable,3.529938,200,True,False
c772af8f,2026-09-22T06:56:59.355420+00:00,stable,3.859787,200,True,False
c772af8f,2026-09-22T06:56:59.389058+00:00,stable,3.881882,200,True,False
c772af8f,2026-09-22T06:56:59.421967+00:00,stable,3.49605,200,True,False
c772af8f,2026-09-22T06:56:59.457334+00:00,stable,5.648042,200,True,False
c772af8f,2026-09-22T06:56:59.488995+00:00,stable,4.590384,200,True,False
c772af8f,2026-09-22T06:56:59.522818+00:00,stable,4.162119,200,True,False
c772af8f,2026-09-22T06:56:59.554850+00:00,stable,3.206425,200,True,False
c772af8f,2026-09-22T06:56:59.588265+00:00,stable,3.488828,200,True,False
c772af8f,2026-09-22T06:56:59.622980+00:00,stable,4.311692,200,True,False
c772af8f,2026-09-22T06:56:59.655514+00:00,stable,3.656831,200,True,False
c772af8f,2026-09-22T06:56:59.687759+00:00,stable,3.204989,200,True,False
c772af8f,2026-09-22T06:56:59.722255+00:00,stable,3.83261,200,True,False
c772af8f,2026-09-22T06:56:59.755103+00:00,stable,3.371416,200,True,False
c772af8f,2026-09-22T06:56:59.788108+00:00,stable,3.131813,200,True,False
c772af8f,2026-09-22T06:56:59.821694+00:00,stable,3.156406,200,True,False
c772af8f,2026-09-22T06:56:59.854472+00:00,stable,3.084804,200,True,False
c772af8f,2026-09-22T06:56:59.888254+00:00,stable,3.073752,200,True,False
c772af8f,2026-09-22T06:56:59.920810+00:00,stable,3.123423,200,True,False
c772af8f,2026-09-22T06:56:59.954804+00:00,stable,3.274211,200,True,False
c772af8f,2026-09-22T06:57:00.017712+00:00,stable,32.752611,200,True,False
c772af8f,2026-09-22T06:57:00.022120+00:00,stable,4.24829,200,True,False
c772af8f,2026-09-22T06:57:00.054907+00:00,stable,3.276453,200,True,False
c772af8f,2026-09-22T06:57:00.088021+00:00,stable,3.272167,200,True,False
c772af8f,2026-09-22T06:57:00.122577+00:00,stable,4.755234,200,True,False
c772af8f,2026-09-22T06:57:00.156110+00:00,stable,3.987156,200,True,False
c772af8f,2026-09-22T06:57:00.188907+00:00,stable,4.356156,200,True,False
c772af8f,2026-09-22T06:57:00.222983+00:00,stable,4.501331,200,True,False
c772af8f,2026-09-22T06:57:00.257513+00:00,stable,5.519043,200,True,False
c772af8f,2026-09-22T06:57:00.287384+00:00,stable,3.034858,200,True,False
c772af8f,2026-09-22T06:57:00.321458+00:00,stable,3.26118,200,True,False
c772af8f,2026-09-22T06:57:00.355833+00:00,stable,3.832987,200,True,False
c772af8f,2026-09-22T06:57:00.389229+00:00,stable,4.472978,200,True,False
c772af8f,2026-09-22T06:57:00.421336+00:00,stable,3.163105,200,True,False
c772af8f,2026-09-22T06:57:00.454587+00:00,stable,2.781513,200,True,False
c772af8f,2026-09-22T06:57:00.487650+00:00,stable,3.327072,200,True,False
c772af8f,2026-09-22T06:57:00.521801+00:00,stable,3.30641,200,True,False
c772af8f,2026-09-22T06:57:00.554575+00:00,stable,3.126816,200,True,False
c772af8f,2026-09-22T06:57:00.588355+00:00,stable,3.141569,200,True,False
c772af8f,2026-09-22T06:57:00.621514+00:00,stable,3.829848,200,True,False
c772af8f,2026-09-22T06:57:00.655673+00:00,stable,3.71955,200,True,False
c772af8f,2026-09-22T06:57:00.688674+00:00,stable,4.040515,200,True,False
c772af8f,2026-09-22T06:57:00.721225+00:00,stable,2.911447,200,True,False
c772af8f,2026-09-22T06:57:00.754879+00:00,stable,2.989369,200,True,False
c772af8f,2026-09-22T06:57:00.787647+00:00,stable,3.08663,200,True,False
c772af8f,2026-09-22T06:57:00.821499+00:00,stable,3.200886,200,True,False
c772af8f,2026-09-22T06:57:00.854281+00:00,stable,3.135126,200,True,False
c772af8f,2026-09-22T06:57:00.888400+00:00,stable,3.247932,200,True,False
c772af8f,2026-09-22T06:57:00.921066+00:00,stable,3.136779,200,True,False
c772af8f,2026-09-22T06:57:00.955264+00:00,stable,3.507838,200,True,False
c772af8f,2026-09-22T06:57:00.989959+00:00,stable,4.588813,200,True,False
c772af8f,2026-09-22T06:57:01.021731+00:00,stable,3.095656,200,True,False
c772af8f,2026-09-22T06:57:01.055606+00:00,stable,4.43853,200,True,False
c772af8f,2026-09-22T06:57:01.087504+00:00,stable,3.191542,200,True,False
c772af8f,2026-09-22T06:57:01.120698+00:00,stable,2.912562,200,True,False
c772af8f,2026-09-22T06:57:01.156642+00:00,stable,5.136857,200,True,False
c772af8f,2026-09-22T06:57:01.190045+00:00,stable,5.333451,200,True,False
c772af8f,2026-09-22T06:57:01.222326+00:00,stable,3.943115,200,True,False
c772af8f,2026-09-22T06:57:01.255122+00:00,stable,3.130624,200,True,False
c772af8f,2026-09-22T06:57:01.287864+00:00,stable,3.008127,200,True,False
c772af8f,2026-09-22T06:57:01.321291+00:00,stable,3.045159,200,True,False
c772af8f,2026-09-22T06:57:01.355233+00:00,stable,3.182595,200,True,False
c772af8f,2026-09-22T06:57:01.388208+00:00,stable,3.03848,200,True,False
c772af8f,2026-09-22T06:57:01.421479+00:00,stable,2.898506,200,True,False
c772af8f,2026-09-22T06:57:01.455858+00:00,stable,3.89254,200,True,False
c772af8f,2026-09-22T06:57:01.489767+00:00,stable,4.774554,200,True,False
c772af8f,2026-09-22T06:57:01.521557+00:00,stable,3.220118,200,True,False
c772af8f,2026-09-22T06:57:01.554900+00:00,stable,3.000497,200,True,False
c772af8f,2026-09-22T06:57:01.587574+00:00,stable,2.782041,200,True,False
c772af8f,2026-09-22T06:57:01.622676+00:00,stable,4.105898,200,True,False
c772af8f,2026-09-22T06:57:01.654216+00:00,stable,3.075677,200,True,False
c772af8f,2026-09-22T06:57:01.688750+00:00,stable,3.726112,200,True,False
c772af8f,2026-09-22T06:57:01.721776+00:00,stable,3.23546,200,True,False
c772af8f,2026-09-22T06:57:01.754478+00:00,stable,3.013197,200,True,False
c772af8f,2026-09-22T06:57:01.788202+00:00,stable,2.966323,200,True,False
c772af8f,2026-09-22T06:57:01.822032+00:00,stable,3.232903,200,True,False
c772af8f,2026-09-22T06:57:01.854886+00:00,stable,3.296416,200,True,False
c772af8f,2026-09-22T06:57:01.887925+00:00,stable,3.370424,200,True,False
c772af8f,2026-09-22T06:57:01.922738+00:00,stable,4.387626,200,True,False
c772af8f,2026-09-22T06:57:01.954849+00:00,stable,3.489324,200,True,False
c772af8f,2026-09-22T06:57:01.989246+00:00,stable,4.242515,200,True,False
c772af8f,2026-09-22T06:57:02.021990+00:00,stable,3.35781,200,True,False
c772af8f,2026-09-22T06:57:02.054977+00:00,stable,3.47428,200,True,False
c772af8f,2026-09-22T06:57:02.089010+00:00,stable,4.304182,200,True,False
c772af8f,2026-09-22T06:57:02.121222+00:00,stable,3.546273,200,True,False
c772af8f,2026-09-22T06:57:02.155236+00:00,stable,4.182781,200,True,False
c772af8f,2026-09-22T06:57:02.188625+00:00,stable,3.510904,200,True,False
c772af8f,2026-09-22T06:57:02.223004+00:00,stable,4.381818,200,True,False
c772af8f,2026-09-22T06:57:02.256431+00:00,stable,4.917405,200,True,False
c772af8f,2026-09-22T06:57:02.288633+00:00,stable,3.323941,200,True,False
c772af8f,2026-09-22T06:57:02.321943+00:00,stable,3.672389,200,True,False
c772af8f,2026-09-22T06:57:02.354857+00:00,stable,3.365289,200,True,False
c772af8f,2026-09-22T06:57:02.389214+00:00,stable,4.356202,200,True,False
c772af8f,2026-09-22T06:57:02.421281+00:00,stable,3.65234,200,True,False
c772af8f,2026-09-22T06:57:02.456492+00:00,stable,4.712421,200,True,False
c772af8f,2026-09-22T06:57:02.489210+00:00,stable,3.839493,200,True,False
c772af8f,2026-09-22T06:57:02.521676+00:00,stable,3.64469,200,True,False
c772af8f,2026-09-22T06:57:02.555039+00:00,stable,3.739741,200,True,False
c772af8f,2026-09-22T06:57:02.588466+00:00,stable,3.664325,200,True,False
c772af8f,2026-09-22T06:57:02.621902+00:00,stable,3.955906,200,True,False
c772af8f,2026-09-22T06:57:02.656262+00:00,stable,4.482958,200,True,False
c772af8f,2026-09-22T06:57:02.689496+00:00,stable,4.297513,200,True,False
c772af8f,2026-09-22T06:57:02.721966+00:00,stable,3.716228,200,True,False
c772af8f,2026-09-22T06:57:02.756941+00:00,stable,5.230685,200,True,False
c772af8f,2026-09-22T06:57:02.789395+00:00,stable,4.41938,200,True,False
c772af8f,2026-09-22T06:57:02.823401+00:00,stable,5.241151,200,True,False
c772af8f,2026-09-22T06:57:02.855976+00:00,stable,4.158501,200,True,False
c772af8f,2026-09-22T06:57:02.887755+00:00,stable,3.340075,200,True,False
c772af8f,2026-09-22T06:57:02.921760+00:00,stable,3.256391,200,True,False
c772af8f,2026-09-22T06:57:02.954425+00:00,stable,3.11448,200,True,False
c772af8f,2026-09-22T06:57:02.988991+00:00,stable,3.733758,200,True,False
c772af8f,2026-09-22T06:57:03.022499+00:00,stable,3.996222,200,True,False
c772af8f,2026-09-22T06:57:03.054285+00:00,stable,2.917381,200,True,False
c772af8f,2026-09-22T06:57:03.088478+00:00,stable,3.298288,200,True,False
c772af8f,2026-09-22T06:57:03.121091+00:00,stable,3.042896,200,True,False
c772af8f,2026-09-22T06:57:03.156021+00:00,stable,4.432044,200,True,False
c772af8f,2026-09-22T06:57:03.188556+00:00,stable,3.439553,200,True,False
c772af8f,2026-09-22T06:57:03.222542+00:00,stable,4.336144,200,True,False
c772af8f,2026-09-22T06:57:03.255340+00:00,stable,3.978143,200,True,False
c772af8f,2026-09-22T06:57:03.289150+00:00,stable,3.818294,200,True,False
c772af8f,2026-09-22T06:57:03.321459+00:00,stable,3.754426,200,True,False
c772af8f,2026-09-22T06:57:03.355508+00:00,stable,3.517543,200,True,False
c772af8f,2026-09-22T06:57:03.388319+00:00,stable,3.703908,200,True,False
c772af8f,2026-09-22T06:57:03.421624+00:00,stable,3.910861,200,True,False
c772af8f,2026-09-22T06:57:03.454929+00:00,stable,3.906555,200,True,False
c772af8f,2026-09-22T06:57:03.488861+00:00,stable,3.842726,200,True,False
c772af8f,2026-09-22T06:57:03.522422+00:00,stable,4.058213,200,True,False
c772af8f,2026-09-22T06:57:03.555428+00:00,stable,4.039026,200,True,False
c772af8f,2026-09-22T06:57:03.589538+00:00,stable,4.060612,200,True,False
c772af8f,2026-09-22T06:57:03.622033+00:00,stable,3.775056,200,True,False
c772af8f,2026-09-22T06:57:03.655502+00:00,stable,4.022041,200,True,False
c772af8f,2026-09-22T06:57:03.689339+00:00,stable,4.067847,200,True,False
c772af8f,2026-09-22T06:57:03.722010+00:00,stable,3.340603,200,True,False
c772af8f,2026-09-22T06:57:03.757986+00:00,stable,4.277056,200,True,False
c772af8f,2026-09-22T06:57:03.790579+00:00,stable,5.362893,200,True,False
c772af8f,2026-09-22T06:57:03.824201+00:00,stable,6.014781,200,True,False
c772af8f,2026-09-22T06:57:03.856718+00:00,stable,4.921029,200,True,False
c772af8f,2026-09-22T06:57:03.887779+00:00,stable,2.995703,200,True,False
c772af8f,2026-09-22T06:57:03.921702+00:00,stable,3.458712,200,True,False
c772af8f,2026-09-22T06:57:03.954539+00:00,stable,3.26523,200,True,False
c772af8f,2026-09-22T06:57:03.987996+00:00,stable,3.143678,200,True,False
c772af8f,2026-09-22T06:57:04.021506+00:00,stable,3.110668,200,True,False
c772af8f,2026-09-22T06:57:04.054736+00:00,stable,3.309919,200,True,False
c772af8f,2026-09-22T06:57:04.088985+00:00,stable,4.183894,200,True,False
c772af8f,2026-09-22T06:57:04.122851+00:00,stable,4.25822,200,True,False
c772af8f,2026-09-22T06:57:04.154376+00:00,stable,2.858104,200,True,False
c772af8f,2026-09-22T06:57:04.187280+00:00,stable,3.006417,200,True,False
c772af8f,2026-09-22T06:57:04.220720+00:00,stable,3.109344,200,True,False
c772af8f,2026-09-22T06:57:04.254676+00:00,stable,3.300137,200,True,False
c772af8f,2026-09-22T06:57:04.287777+00:00,stable,3.459953,200,True,False
c772af8f,2026-09-22T06:57:04.320836+00:00,stable,3.201055,200,True,False
c772af8f,2026-09-22T06:57:04.354452+00:00,stable,3.217295,200,True,False
c772af8f,2026-09-22T06:57:04.390437+00:00,stable,5.047935,200,True,False
c772af8f,2026-09-22T06:57:04.422939+00:00,stable,4.42656,200,True,False
c772af8f,2026-09-22T06:57:04.458026+00:00,stable,6.2044,200,True,False
c772af8f,2026-09-22T06:57:04.488874+00:00,stable,4.511839,200,True,False
c772af8f,2026-09-22T06:57:04.528128+00:00,stable,9.865324,200,True,False
c772af8f,2026-09-22T06:57:04.555891+00:00,stable,4.118067,200,True,False
c772af8f,2026-09-22T06:57:04.588331+00:00,stable,3.25659,200,True,False
c772af8f,2026-09-22T06:57:04.620853+00:00,stable,3.227007,200,True,False
c772af8f,2026-09-22T06:57:04.656278+00:00,stable,3.905189,200,True,False
c772af8f,2026-09-22T06:57:04.716879+00:00,stable,32.336178,200,True,False
c772af8f,2026-09-22T06:57:04.721763+00:00,stable,4.075377,200,True,False
c772af8f,2026-09-22T06:57:04.755175+00:00,stable,3.777294,200,True,False
c772af8f,2026-09-22T06:57:04.789205+00:00,stable,4.203359,200,True,False
c772af8f,2026-09-22T06:57:04.821713+00:00,stable,3.695576,200,True,False
c772af8f,2026-09-22T06:57:04.856207+00:00,stable,4.617832,200,True,False
c772af8f,2026-09-22T06:57:04.889098+00:00,stable,3.672548,200,True,False
c772af8f,2026-09-22T06:57:04.922132+00:00,stable,4.203186,200,True,False
c772af8f,2026-09-22T06:57:04.954918+00:00,stable,3.978418,200,True,False
c772af8f,2026-09-22T06:57:04.988316+00:00,stable,3.256644,200,True,False
c772af8f,2026-09-22T06:57:05.021248+00:00,stable,3.530406,200,True,False
c772af8f,2026-09-22T06:57:05.053971+00:00,stable,3.060417,200,True,False
c772af8f,2026-09-22T06:57:05.088079+00:00,stable,3.280072,200,True,False
c772af8f,2026-09-22T06:57:05.121975+00:00,stable,3.506049,200,True,False
c772af8f,2026-09-22T06:57:05.154767+00:00,stable,2.993161,200,True,False
c772af8f,2026-09-22T06:57:05.187940+00:00,stable,3.442019,200,True,False
c772af8f,2026-09-22T06:57:05.221912+00:00,stable,3.35475,200,True,False
c772af8f,2026-09-22T06:57:05.254720+00:00,stable,3.393024,200,True,False
c772af8f,2026-09-22T06:57:05.290651+00:00,stable,5.835515,200,True,False
c772af8f,2026-09-22T06:57:05.321864+00:00,stable,3.483659,200,True,False
c772af8f,2026-09-22T06:57:05.354976+00:00,stable,3.347426,200,True,False
c772af8f,2026-09-22T06:57:05.388998+00:00,stable,4.226714,200,True,False
c772af8f,2026-09-22T06:57:05.421562+00:00,stable,3.909502,200,True,False
c772af8f,2026-09-22T06:57:05.454785+00:00,stable,3.322678,200,True,False
c772af8f,2026-09-22T06:57:05.488320+00:00,stable,3.638215,200,True,False
c772af8f,2026-09-22T06:57:05.521971+00:00,stable,4.351198,200,True,False
c772af8f,2026-09-22T06:57:05.555063+00:00,stable,3.267057,200,True,False
c772af8f,2026-09-22T06:57:05.588338+00:00,stable,3.539774,200,True,False
c772af8f,2026-09-22T06:57:05.622490+00:00,stable,4.234127,200,True,False
c772af8f,2026-09-22T06:57:05.656848+00:00,stable,4.79674,200,True,False
c772af8f,2026-09-22T06:57:05.689261+00:00,stable,4.474558,200,True,False
c772af8f,2026-09-22T06:57:05.721420+00:00,stable,3.308391,200,True,False
c772af8f,2026-09-22T06:57:05.755272+00:00,stable,3.421299,200,True,False
c772af8f,2026-09-22T06:57:05.788457+00:00,stable,3.561274,200,True,False
c772af8f,2026-09-22T06:57:05.821617+00:00,stable,3.666885,200,True,False
c772af8f,2026-09-22T06:57:05.855487+00:00,stable,3.871154,200,True,False
c772af8f,2026-09-22T06:57:05.890012+00:00,stable,4.664771,200,True,False
c772af8f,2026-09-22T06:57:05.922323+00:00,stable,4.251659,200,True,False
c772af8f,2026-09-22T06:57:05.955249+00:00,stable,3.309263,200,True,False
c772af8f,2026-09-22T06:57:05.989249+00:00,stable,3.892425,200,True,False
c772af8f,2026-09-22T06:57:06.021396+00:00,stable,3.527992,200,True,False
c772af8f,2026-09-22T06:57:06.054456+00:00,stable,3.316785,200,True,False
c772af8f,2026-09-22T06:57:06.090109+00:00,stable,4.888605,200,True,False
c772af8f,2026-09-22T06:57:06.121705+00:00,stable,3.309313,200,True,False
c772af8f,2026-09-22T06:57:06.154702+00:00,stable,3.156031,200,True,False
c772af8f,2026-09-22T06:57:06.188619+00:00,stable,4.248808,200,True,False
c772af8f,2026-09-22T06:57:06.221721+00:00,stable,3.619491,200,True,False
c772af8f,2026-09-22T06:57:06.254313+00:00,stable,2.964082,200,True,False
c772af8f,2026-09-22T06:57:06.288993+00:00,stable,3.774894,200,True,False
c772af8f,2026-09-22T06:57:06.320895+00:00,stable,3.211129,200,True,False
c772af8f,2026-09-22T06:57:06.354614+00:00,stable,3.093033,200,True,False
c772af8f,2026-09-22T06:57:06.388255+00:00,stable,3.251525,200,True,False
c772af8f,2026-09-22T06:57:06.421423+00:00,stable,3.375425,200,True,False
c772af8f,2026-09-22T06:57:06.455430+00:00,stable,3.508007,200,True,False
c772af8f,2026-09-22T06:57:06.488720+00:00,stable,4.039038,200,True,False
c772af8f,2026-09-22T06:57:06.521486+00:00,stable,3.073152,200,True,False
c772af8f,2026-09-22T06:57:06.555732+00:00,stable,3.677615,200,True,False
c772af8f,2026-09-22T06:57:06.588917+00:00,stable,4.090345,200,True,False
c772af8f,2026-09-22T06:57:06.621427+00:00,stable,3.027591,200,True,False
c772af8f,2026-09-22T06:57:06.654821+00:00,stable,2.899028,200,True,False
c772af8f,2026-09-22T06:57:06.688060+00:00,stable,3.379189,200,True,False
c772af8f,2026-09-22T06:57:06.721798+00:00,stable,3.120066,200,True,False
c772af8f,2026-09-22T06:57:06.754593+00:00,stable,3.144838,200,True,False
c772af8f,2026-09-22T06:57:06.787704+00:00,stable,3.133665,200,True,False
c772af8f,2026-09-22T06:57:06.822736+00:00,stable,4.561693,200,True,False
c772af8f,2026-09-22T06:57:06.854874+00:00,stable,3.223981,200,True,False
c772af8f,2026-09-22T06:57:06.889645+00:00,stable,4.520797,200,True,False
c772af8f,2026-09-22T06:57:06.924599+00:00,stable,5.311236,200,True,False
c772af8f,2026-09-22T06:57:06.955242+00:00,stable,3.643153,200,True,False
c772af8f,2026-09-22T06:57:06.987952+00:00,stable,2.926537,200,True,False
c772af8f,2026-09-22T06:57:07.021694+00:00,stable,3.273903,200,True,False
c772af8f,2026-09-22T06:57:07.054340+00:00,stable,3.329259,200,True,False
c772af8f,2026-09-22T06:57:07.088394+00:00,stable,3.356785,200,True,False
c772af8f,2026-09-22T06:57:07.120487+00:00,stable,2.856138,200,True,False
c772af8f,2026-09-22T06:57:07.155243+00:00,stable,3.262386,200,True,False
c772af8f,2026-09-22T06:57:07.188578+00:00,stable,3.34941,200,True,False
c772af8f,2026-09-22T06:57:07.221218+00:00,stable,3.01064,200,True,False
c772af8f,2026-09-22T06:57:07.255052+00:00,stable,3.336898,200,True,False
c772af8f,2026-09-22T06:57:07.287393+00:00,stable,3.065784,200,True,False
c772af8f,2026-09-22T06:57:07.321113+00:00,stable,3.201373,200,True,False
c772af8f,2026-09-22T06:57:07.354672+00:00,stable,3.144604,200,True,False
c772af8f,2026-09-22T06:57:07.388384+00:00,stable,3.500384,200,True,False
c772af8f,2026-09-22T06:57:07.424203+00:00,stable,6.057033,200,True,False
c772af8f,2026-09-22T06:57:07.455996+00:00,stable,3.487223,200,True,False
c772af8f,2026-09-22T06:57:07.488489+00:00,stable,3.509351,200,True,False
c772af8f,2026-09-22T06:57:07.529610+00:00,stable,8.699525,200,True,False
c772af8f,2026-09-22T06:57:07.554450+00:00,stable,3.448911,200,True,False
c772af8f,2026-09-22T06:57:07.589096+00:00,stable,3.849906,200,True,False
c772af8f,2026-09-22T06:57:07.622226+00:00,stable,3.664329,200,True,False
c772af8f,2026-09-22T06:57:07.655411+00:00,stable,3.785726,200,True,False
c772af8f,2026-09-22T06:57:07.688778+00:00,stable,3.705507,200,True,False
c772af8f,2026-09-22T06:57:07.722901+00:00,stable,4.552729,200,True,False
c772af8f,2026-09-22T06:57:07.756097+00:00,stable,4.612446,200,True,False
c772af8f,2026-09-22T06:57:07.789768+00:00,stable,4.751233,200,True,False
c772af8f,2026-09-22T06:57:07.823096+00:00,stable,4.590232,200,True,False
c772af8f,2026-09-22T06:57:07.855621+00:00,stable,3.935037,200,True,False
c772af8f,2026-09-22T06:57:07.890221+00:00,stable,4.789064,200,True,False
c772af8f,2026-09-22T06:57:07.922278+00:00,stable,4.162112,200,True,False
c772af8f,2026-09-22T06:57:07.955946+00:00,stable,4.21061,200,True,False
c772af8f,2026-09-22T06:57:08.020883+00:00,stable,4.691746,200,True,False
c772af8f,2026-09-22T06:57:08.023554+00:00,stable,5.39581,200,True,False
c772af8f,2026-09-22T06:57:08.059537+00:00,stable,8.546752,200,True,False
c772af8f,2026-09-22T06:57:08.117302+00:00,stable,32.24947,200,True,False
c772af8f,2026-09-22T06:57:08.121627+00:00,stable,4.109443,200,True,False
c772af8f,2026-09-22T06:57:08.155775+00:00,stable,4.343892,200,True,False
c772af8f,2026-09-22T06:57:08.189040+00:00,stable,4.344053,200,True,False
c772af8f,2026-09-22T06:57:08.222119+00:00,stable,3.691756,200,True,False
c772af8f,2026-09-22T06:57:08.256217+00:00,stable,4.397121,200,True,False
c772af8f,2026-09-22T06:57:08.289239+00:00,stable,4.024452,200,True,False
c772af8f,2026-09-22T06:57:08.322235+00:00,stable,4.142995,200,True,False
c772af8f,2026-09-22T06:57:08.357459+00:00,stable,5.582014,200,True,False
c772af8f,2026-09-22T06:57:08.389690+00:00,stable,4.369263,200,True,False
c772af8f,2026-09-22T06:57:08.422479+00:00,stable,4.235056,200,True,False
c772af8f,2026-09-22T06:57:08.464295+00:00,stable,10.604637,200,True,False
c772af8f,2026-09-22T06:57:08.488851+00:00,stable,3.899575,200,True,False
c772af8f,2026-09-22T06:57:08.522508+00:00,stable,4.107892,200,True,False
c772af8f,2026-09-22T06:57:08.557710+00:00,stable,5.705021,200,True,False
c772af8f,2026-09-22T06:57:08.621580+00:00,stable,5.255873,200,True,False
c772af8f,2026-09-22T06:57:08.622532+00:00,stable,3.765185,200,True,False
c772af8f,2026-09-22T06:57:08.655206+00:00,stable,4.221593,200,True,False
c772af8f,2026-09-22T06:57:08.690459+00:00,stable,5.444116,200,True,False
c772af8f,2026-09-22T06:57:08.721811+00:00,stable,3.929652,200,True,False
c772af8f,2026-09-22T06:57:08.755864+00:00,stable,4.400712,200,True,False
c772af8f,2026-09-22T06:57:08.790563+00:00,stable,5.752387,200,True,False
c772af8f,2026-09-22T06:57:08.824382+00:00,stable,6.117013,200,True,False
c772af8f,2026-09-22T06:57:08.856956+00:00,stable,5.847387,200,True,False
c772af8f,2026-09-22T06:57:08.889202+00:00,stable,4.129348,200,True,False
c772af8f,2026-09-22T06:57:08.921934+00:00,stable,3.708556,200,True,False
c772af8f,2026-09-22T06:57:08.954651+00:00,stable,3.177466,200,True,False
c772af8f,2026-09-22T06:57:08.987962+00:00,stable,3.159465,200,True,False
c772af8f,2026-09-22T06:57:09.021825+00:00,stable,3.342187,200,True,False
c772af8f,2026-09-22T06:57:09.054619+00:00,stable,3.189859,200,True,False
c772af8f,2026-09-22T06:57:09.088446+00:00,stable,3.413283,200,True,False
c772af8f,2026-09-22T06:57:09.122855+00:00,stable,4.38444,200,True,False
c772af8f,2026-09-22T06:57:09.155697+00:00,stable,4.012917,200,True,False
c772af8f,2026-09-22T06:57:09.188986+00:00,stable,3.979563,200,True,False
c772af8f,2026-09-22T06:57:09.221688+00:00,stable,3.247513,200,True,False
c772af8f,2026-09-22T06:57:09.255094+00:00,stable,4.120143,200,True,False
c772af8f,2026-09-22T06:57:09.290311+00:00,stable,5.207183,200,True,False
c772af8f,2026-09-22T06:57:09.325729+00:00,stable,6.644591,200,True,False
c772af8f,2026-09-22T06:57:09.354693+00:00,stable,3.430177,200,True,False
c772af8f,2026-09-22T06:57:09.389002+00:00,stable,3.587098,200,True,False
c772af8f,2026-09-22T06:57:09.421748+00:00,stable,3.317228,200,True,False
c772af8f,2026-09-22T06:57:09.455283+00:00,stable,4.009131,200,True,False
c772af8f,2026-09-22T06:57:09.487563+00:00,stable,3.291179,200,True,False
c772af8f,2026-09-22T06:57:09.522289+00:00,stable,3.863253,200,True,False
c772af8f,2026-09-22T06:57:09.554265+00:00,stable,3.102956,200,True,False
c772af8f,2026-09-22T06:57:09.589455+00:00,stable,4.163932,200,True,False
c772af8f,2026-09-22T06:57:09.623375+00:00,stable,5.107399,200,True,False
c772af8f,2026-09-22T06:57:09.654910+00:00,stable,3.460283,200,True,False
c772af8f,2026-09-22T06:57:09.689311+00:00,stable,4.35887,200,True,False
c772af8f,2026-09-22T06:57:09.721336+00:00,stable,3.230908,200,True,False
c772af8f,2026-09-22T06:57:09.754893+00:00,stable,3.063226,200,True,False
c772af8f,2026-09-22T06:57:09.787720+00:00,stable,3.044356,200,True,False
c772af8f,2026-09-22T06:57:09.821821+00:00,stable,3.60112,200,True,False
c772af8f,2026-09-22T06:57:09.855319+00:00,stable,3.797462,200,True,False
c772af8f,2026-09-22T06:57:09.889387+00:00,stable,4.047334,200,True,False
c772af8f,2026-09-22T06:57:09.922311+00:00,stable,4.129169,200,True,False
c772af8f,2026-09-22T06:57:09.954094+00:00,stable,2.815673,200,True,False
c772af8f,2026-09-22T06:57:09.988211+00:00,stable,2.839909,200,True,False
c772af8f,2026-09-22T06:57:10.021518+00:00,stable,2.931274,200,True,False
c772af8f,2026-09-22T06:57:10.054603+00:00,stable,3.462217,200,True,False
c772af8f,2026-09-22T06:57:10.089418+00:00,stable,4.054504,200,True,False
c772af8f,2026-09-22T06:57:10.121070+00:00,stable,3.104225,200,True,False
c772af8f,2026-09-22T06:57:10.154662+00:00,stable,2.898959,200,True,False
c772af8f,2026-09-22T06:57:10.189404+00:00,stable,3.910332,200,True,False
c772af8f,2026-09-22T06:57:10.220950+00:00,stable,2.861004,200,True,False
c772af8f,2026-09-22T06:57:10.254399+00:00,stable,2.8362,200,True,False
c772af8f,2026-09-22T06:57:10.287631+00:00,stable,3.266261,200,True,False
c772af8f,2026-09-22T06:57:10.321456+00:00,stable,3.206312,200,True,False
c772af8f,2026-09-22T06:57:10.355290+00:00,stable,3.211284,200,True,False
c772af8f,2026-09-22T06:57:10.388254+00:00,stable,3.167486,200,True,False
c772af8f,2026-09-22T06:57:10.420748+00:00,stable,3.09893,200,True,False
c772af8f,2026-09-22T06:57:10.454451+00:00,stable,3.137418,200,True,False
c772af8f,2026-09-22T06:57:10.488431+00:00,stable,3.205663,200,True,False
c772af8f,2026-09-22T06:57:10.521198+00:00,stable,3.160168,200,True,False
c772af8f,2026-09-22T06:57:10.554808+00:00,stable,3.065253,200,True,False
c772af8f,2026-09-22T06:57:10.587676+00:00,stable,2.904889,200,True,False
c772af8f,2026-09-22T06:57:10.621256+00:00,stable,3.074562,200,True,False
c772af8f,2026-09-22T06:57:10.654774+00:00,stable,3.050281,200,True,False
c772af8f,2026-09-22T06:57:10.688302+00:00,stable,3.346905,200,True,False
c772af8f,2026-09-22T06:57:10.721078+00:00,stable,3.357656,200,True,False
c772af8f,2026-09-22T06:57:10.755434+00:00,stable,3.65459,200,True,False
c772af8f,2026-09-22T06:57:10.788301+00:00,stable,3.137601,200,True,False
c772af8f,2026-09-22T06:57:10.821782+00:00,stable,3.580535,200,True,False
c772af8f,2026-09-22T06:57:10.854215+00:00,stable,3.197174,200,True,False
c772af8f,2026-09-22T06:57:10.888457+00:00,stable,3.476677,200,True,False
c772af8f,2026-09-22T06:57:10.922322+00:00,stable,4.6496,200,True,False
c772af8f,2026-09-22T06:57:10.956831+00:00,stable,5.000225,200,True,False
c772af8f,2026-09-22T06:57:10.990750+00:00,stable,5.43209,200,True,False
c772af8f,2026-09-22T06:57:11.022886+00:00,stable,3.803187,200,True,False
c772af8f,2026-09-22T06:57:11.054884+00:00,stable,3.498723,200,True,False
c772af8f,2026-09-22T06:57:11.088357+00:00,stable,3.847634,200,True,False
c772af8f,2026-09-22T06:57:11.120866+00:00,stable,3.257637,200,True,False
c772af8f,2026-09-22T06:57:11.154613+00:00,stable,3.259062,200,True,False
c772af8f,2026-09-22T06:57:11.187673+00:00,stable,3.380107,200,True,False
c772af8f,2026-09-22T06:57:11.222193+00:00,stable,4.095638,200,True,False
c772af8f,2026-09-22T06:57:11.254938+00:00,stable,3.03671,200,True,False
c772af8f,2026-09-22T06:57:11.287675+00:00,stable,2.865327,200,True,False
c772af8f,2026-09-22T06:57:11.321478+00:00,stable,3.307644,200,True,False
c772af8f,2026-09-22T06:57:11.354195+00:00,stable,3.025214,200,True,False
c772af8f,2026-09-22T06:57:11.389163+00:00,stable,4.111778,200,True,False
c772af8f,2026-09-22T06:57:11.422286+00:00,stable,3.47571,200,True,False
c772af8f,2026-09-22T06:57:11.456180+00:00,stable,4.160098,200,True,False
c772af8f,2026-09-22T06:57:11.488573+00:00,stable,3.350924,200,True,False
c772af8f,2026-09-22T06:57:11.521738+00:00,stable,3.391156,200,True,False
c772af8f,2026-09-22T06:57:11.554849+00:00,stable,3.723008,200,True,False
c772af8f,2026-09-22T06:57:11.588022+00:00,stable,3.194565,200,True,False
c772af8f,2026-09-22T06:57:11.622431+00:00,stable,3.643805,200,True,False
c772af8f,2026-09-22T06:57:11.655980+00:00,stable,3.999965,200,True,False
c772af8f,2026-09-22T06:57:11.688152+00:00,stable,3.401137,200,True,False
c772af8f,2026-09-22T06:57:11.721498+00:00,stable,3.728417,200,True,False
c772af8f,2026-09-22T06:57:11.754644+00:00,stable,3.16828,200,True,False
c772af8f,2026-09-22T06:57:11.788930+00:00,stable,4.455162,200,True,False
c772af8f,2026-09-22T06:57:11.821573+00:00,stable,3.285477,200,True,False
c772af8f,2026-09-22T06:57:11.854031+00:00,stable,3.089742,200,True,False
c772af8f,2026-09-22T06:57:11.887915+00:00,stable,3.066411,200,True,False
c772af8f,2026-09-22T06:57:11.921736+00:00,stable,3.236186,200,True,False
c772af8f,2026-09-22T06:57:11.954326+00:00,stable,3.070065,200,True,False
c772af8f,2026-09-22T06:57:11.988643+00:00,stable,3.402116,200,True,False
c772af8f,2026-09-22T06:57:12.021373+00:00,stable,3.318233,200,True,False
c772af8f,2026-09-22T06:57:12.054832+00:00,stable,3.013172,200,True,False
c772af8f,2026-09-22T06:57:12.088232+00:00,stable,3.355604,200,True,False
c772af8f,2026-09-22T06:57:12.121214+00:00,stable,3.608861,200,True,False
c772af8f,2026-09-22T06:57:12.155308+00:00,stable,3.556333,200,True,False
c772af8f,2026-09-22T06:57:12.188969+00:00,stable,4.252647,200,True,False
c772af8f,2026-09-22T06:57:12.221836+00:00,stable,4.123292,200,True,False
c772af8f,2026-09-22T06:57:12.255988+00:00,stable,4.581382,200,True,False
c772af8f,2026-09-22T06:57:12.289946+00:00,stable,4.772889,200,True,False
c772af8f,2026-09-22T06:57:12.322220+00:00,stable,4.58589,200,True,False
c772af8f,2026-09-22T06:57:12.356537+00:00,stable,4.870309,200,True,False
c772af8f,2026-09-22T06:57:12.390300+00:00,stable,5.009385,200,True,False
c772af8f,2026-09-22T06:57:12.421996+00:00,stable,4.131936,200,True,False
c772af8f,2026-09-22T06:57:12.455748+00:00,stable,4.222452,200,True,False
c772af8f,2026-09-22T06:57:12.488679+00:00,stable,3.881527,200,True,False
c772af8f,2026-09-22T06:57:12.523243+00:00,stable,5.05393,200,True,False
c772af8f,2026-09-22T06:57:12.556754+00:00,stable,4.718725,200,True,False
c772af8f,2026-09-22T06:57:12.590065+00:00,stable,5.16391,200,True,False
c772af8f,2026-09-22T06:57:12.623030+00:00,stable,5.209512,200,True,False
c772af8f,2026-09-22T06:57:12.656151+00:00,stable,4.411943,200,True,False
c772af8f,2026-09-22T06:57:12.689545+00:00,stable,4.577216,200,True,False
c772af8f,2026-09-22T06:57:12.722709+00:00,stable,4.225182,200,True,False
c772af8f,2026-09-22T06:57:12.755237+00:00,stable,4.063307,200,True,False
c772af8f,2026-09-22T06:57:12.790123+00:00,stable,4.965024,200,True,False
c772af8f,2026-09-22T06:57:12.822049+00:00,stable,4.115566,200,True,False
c772af8f,2026-09-22T06:57:12.857224+00:00,stable,5.292014,200,True,False
c772af8f,2026-09-22T06:57:12.890020+00:00,stable,4.89581,200,True,False
c772af8f,2026-09-22T06:57:12.921975+00:00,stable,3.852709,200,True,False
c772af8f,2026-09-22T06:57:12.956104+00:00,stable,4.067383,200,True,False
c772af8f,2026-09-22T06:57:12.988276+00:00,stable,3.432339,200,True,False
c772af8f,2026-09-22T06:57:13.023355+00:00,stable,5.193809,200,True,False
c772af8f,2026-09-22T06:57:13.054958+00:00,stable,3.438716,200,True,False
c772af8f,2026-09-22T06:57:13.088653+00:00,stable,3.619506,200,True,False
c772af8f,2026-09-22T06:57:13.121811+00:00,stable,3.66998,200,True,False
c772af8f,2026-09-22T06:57:13.155565+00:00,stable,4.131524,200,True,False
c772af8f,2026-09-22T06:57:13.188563+00:00,stable,3.49431,200,True,False
c772af8f,2026-09-22T06:57:13.223717+00:00,stable,5.171167,200,True,False
c772af8f,2026-09-22T06:57:13.256661+00:00,stable,5.499382,200,True,False
c772af8f,2026-09-22T06:57:13.288505+00:00,stable,3.890488,200,True,False
c772af8f,2026-09-22T06:57:13.321782+00:00,stable,3.610229,200,True,False
c772af8f,2026-09-22T06:57:13.354658+00:00,stable,3.529783,200,True,False
c772af8f,2026-09-22T06:57:13.388804+00:00,stable,3.789838,200,True,False
c772af8f,2026-09-22T06:57:13.421680+00:00,stable,3.483027,200,True,False
c772af8f,2026-09-22T06:57:13.454269+00:00,stable,3.106921,200,True,False
c772af8f,2026-09-22T06:57:13.488364+00:00,stable,3.350599,200,True,False
c772af8f,2026-09-22T06:57:13.521314+00:00,stable,3.409033,200,True,False
c772af8f,2026-09-22T06:57:13.555815+00:00,stable,4.712758,200,True,False
c772af8f,2026-09-22T06:57:13.588315+00:00,stable,3.725568,200,True,False
c772af8f,2026-09-22T06:57:13.621037+00:00,stable,3.304685,200,True,False
c772af8f,2026-09-22T06:57:13.654623+00:00,stable,3.346553,200,True,False
c772af8f,2026-09-22T06:57:13.687482+00:00,stable,3.120788,200,True,False
c772af8f,2026-09-22T06:57:13.722887+00:00,stable,4.725301,200,True,False
c772af8f,2026-09-22T06:57:13.754820+00:00,stable,3.262059,200,True,False
c772af8f,2026-09-22T06:57:13.788072+00:00,stable,3.373785,200,True,False
c772af8f,2026-09-22T06:57:13.825001+00:00,stable,6.339183,200,True,False
c772af8f,2026-09-22T06:57:13.856423+00:00,stable,4.801263,200,True,False
c772af8f,2026-09-22T06:57:13.890282+00:00,stable,5.761701,200,True,False
c772af8f,2026-09-22T06:57:13.921915+00:00,stable,4.202098,200,True,False
c772af8f,2026-09-22T06:57:13.954571+00:00,stable,2.948092,200,True,False
c772af8f,2026-09-22T06:57:13.988700+00:00,stable,3.54283,200,True,False
c772af8f,2026-09-22T06:57:14.021764+00:00,stable,3.085041,200,True,False
c772af8f,2026-09-22T06:57:14.054562+00:00,stable,3.100417,200,True,False
c772af8f,2026-09-22T06:57:14.088157+00:00,stable,3.115937,200,True,False
c772af8f,2026-09-22T06:57:14.122770+00:00,stable,4.84826,200,True,False
c772af8f,2026-09-22T06:57:14.155015+00:00,stable,3.229978,200,True,False
c772af8f,2026-09-22T06:57:14.189293+00:00,stable,4.516172,200,True,False
c772af8f,2026-09-22T06:57:14.221835+00:00,stable,4.101844,200,True,False
c772af8f,2026-09-22T06:57:14.254282+00:00,stable,2.946912,200,True,False
c772af8f,2026-09-22T06:57:14.288501+00:00,stable,3.363158,200,True,False
c772af8f,2026-09-22T06:57:14.321719+00:00,stable,3.749679,200,True,False
c772af8f,2026-09-22T06:57:14.354519+00:00,stable,3.44843,200,True,False
c772af8f,2026-09-22T06:57:14.388780+00:00,stable,3.562767,200,True,False
c772af8f,2026-09-22T06:57:14.421696+00:00,stable,3.309242,200,True,False
c772af8f,2026-09-22T06:57:14.456241+00:00,stable,4.594669,200,True,False
c772af8f,2026-09-22T06:57:14.490331+00:00,stable,4.849478,200,True,False
c772af8f,2026-09-22T06:57:14.522399+00:00,stable,4.670662,200,True,False
c772af8f,2026-09-22T06:57:14.555051+00:00,stable,3.22018,200,True,False
c772af8f,2026-09-22T06:57:14.588055+00:00,stable,2.898558,200,True,False
c772af8f,2026-09-22T06:57:14.621612+00:00,stable,3.167594,200,True,False
c772af8f,2026-09-22T06:57:14.654728+00:00,stable,3.812774,200,True,False
c772af8f,2026-09-22T06:57:14.690403+00:00,stable,5.844409,200,True,False
c772af8f,2026-09-22T06:57:14.722727+00:00,stable,4.981615,200,True,False
c772af8f,2026-09-22T06:57:14.755135+00:00,stable,3.560431,200,True,False
c772af8f,2026-09-22T06:57:14.788481+00:00,stable,3.48312,200,True,False
c772af8f,2026-09-22T06:57:14.821534+00:00,stable,3.565098,200,True,False
c772af8f,2026-09-22T06:57:14.855599+00:00,stable,4.113661,200,True,False
c772af8f,2026-09-22T06:57:14.887991+00:00,stable,3.365236,200,True,False
c772af8f,2026-09-22T06:57:14.922064+00:00,stable,3.516678,200,True,False
c772af8f,2026-09-22T06:57:14.954913+00:00,stable,3.23997,200,True,False
c772af8f,2026-09-22T06:57:14.988725+00:00,stable,3.559118,200,True,False
c772af8f,2026-09-22T06:57:15.021931+00:00,stable,3.744404,200,True,False
c772af8f,2026-09-22T06:57:15.055856+00:00,stable,3.971026,200,True,False
c772af8f,2026-09-22T06:57:15.087879+00:00,stable,3.297377,200,True,False
c772af8f,2026-09-22T06:57:15.123139+00:00,stable,4.427148,200,True,False
c772af8f,2026-09-22T06:57:15.156262+00:00,stable,4.157322,200,True,False
c772af8f,2026-09-22T06:57:15.189258+00:00,stable,4.213242,200,True,False
c772af8f,2026-09-22T06:57:15.223848+00:00,stable,5.13478,200,True,False
c772af8f,2026-09-22T06:57:15.254857+00:00,stable,3.457279,200,True,False
c772af8f,2026-09-22T06:57:15.288857+00:00,stable,4.078328,200,True,False
c772af8f,2026-09-22T06:57:15.323248+00:00,stable,4.852129,200,True,False
c772af8f,2026-09-22T06:57:15.354821+00:00,stable,3.213608,200,True,False
c772af8f,2026-09-22T06:57:15.387974+00:00,stable,3.464518,200,True,False
c772af8f,2026-09-22T06:57:15.420916+00:00,stable,3.215484,200,True,False
c772af8f,2026-09-22T06:57:15.454721+00:00,stable,3.27909,200,True,False
c772af8f,2026-09-22T06:57:15.488927+00:00,stable,4.492215,200,True,False
c772af8f,2026-09-22T06:57:15.523098+00:00,stable,5.241392,200,True,False
c772af8f,2026-09-22T06:57:15.554840+00:00,stable,3.318473,200,True,False
c772af8f,2026-09-22T06:57:15.588861+00:00,stable,4.137031,200,True,False
c772af8f,2026-09-22T06:57:15.623361+00:00,stable,5.023658,200,True,False
c772af8f,2026-09-22T06:57:15.656411+00:00,stable,4.64375,200,True,False
c772af8f,2026-09-22T06:57:15.688765+00:00,stable,3.434446,200,True,False
c772af8f,2026-09-22T06:57:15.721541+00:00,stable,3.357607,200,True,False
c772af8f,2026-09-22T06:57:15.755367+00:00,stable,3.484915,200,True,False
c772af8f,2026-09-22T06:57:15.787561+00:00,stable,2.95827,200,True,False
c772af8f,2026-09-22T06:57:15.821172+00:00,stable,3.245988,200,True,False
c772af8f,2026-09-22T06:57:15.854809+00:00,stable,3.079518,200,True,False
c772af8f,2026-09-22T06:57:15.888497+00:00,stable,3.861413,200,True,False
c772af8f,2026-09-22T06:57:15.922405+00:00,stable,4.401785,200,True,False
c772af8f,2026-09-22T06:57:15.956207+00:00,stable,4.237103,200,True,False
c772af8f,2026-09-22T06:57:15.988337+00:00,stable,3.184556,200,True,False
c772af8f,2026-09-22T06:57:16.022322+00:00,stable,4.328058,200,True,False
c772af8f,2026-09-22T06:57:16.054597+00:00,stable,3.566189,200,True,False
c772af8f,2026-09-22T06:57:16.089270+00:00,stable,4.411658,200,True,False
c772af8f,2026-09-22T06:57:16.122430+00:00,stable,3.712638,200,True,False
c772af8f,2026-09-22T06:57:16.155729+00:00,stable,3.740125,200,True,False
c772af8f,2026-09-22T06:57:16.188440+00:00,stable,3.898335,200,True,False
c772af8f,2026-09-22T06:57:16.221591+00:00,stable,3.573302,200,True,False
c772af8f,2026-09-22T06:57:16.254383+00:00,stable,3.402357,200,True,False
c772af8f,2026-09-22T06:57:16.288556+00:00,stable,3.383145,200,True,False
c772af8f,2026-09-22T06:57:16.322719+00:00,stable,4.683709,200,True,False
c772af8f,2026-09-22T06:57:16.354114+00:00,stable,3.191514,200,True,False
c772af8f,2026-09-22T06:57:16.388609+00:00,stable,3.309274,200,True,False
c772af8f,2026-09-22T06:57:16.421569+00:00,stable,3.332137,200,True,False
c772af8f,2026-09-22T06:57:16.454748+00:00,stable,3.366034,200,True,False
c772af8f,2026-09-22T06:57:16.488102+00:00,stable,3.351208,200,True,False
c772af8f,2026-09-22T06:57:16.522798+00:00,stable,4.176846,200,True,False
c772af8f,2026-09-22T06:57:16.557164+00:00,stable,5.579221,200,True,False
c772af8f,2026-09-22T06:57:16.588134+00:00,stable,3.232458,200,True,False
c772af8f,2026-09-22T06:57:16.621572+00:00,stable,3.018562,200,True,False
c772af8f,2026-09-22T06:57:16.654638+00:00,stable,3.608102,200,True,False
c772af8f,2026-09-22T06:57:16.688987+00:00,stable,3.526826,200,True,False
c772af8f,2026-09-22T06:57:16.721919+00:00,stable,3.406594,200,True,False
c772af8f,2026-09-22T06:57:16.756036+00:00,stable,4.451107,200,True,False
c772af8f,2026-09-22T06:57:16.788611+00:00,stable,3.697426,200,True,False
c772af8f,2026-09-22T06:57:16.822160+00:00,stable,3.922653,200,True,False
c772af8f,2026-09-22T06:57:16.856265+00:00,stable,4.596841,200,True,False
c772af8f,2026-09-22T06:57:16.888863+00:00,stable,4.527172,200,True,False
c772af8f,2026-09-22T06:57:16.922711+00:00,stable,4.120537,200,True,False
c772af8f,2026-09-22T06:57:16.955399+00:00,stable,4.026239,200,True,False
c772af8f,2026-09-22T06:57:16.989088+00:00,stable,4.716071,200,True,False
c772af8f,2026-09-22T06:57:17.022829+00:00,stable,4.15299,200,True,False
c772af8f,2026-09-22T06:57:17.056545+00:00,stable,4.581373,200,True,False
c772af8f,2026-09-22T06:57:17.089715+00:00,stable,4.933689,200,True,False
c772af8f,2026-09-22T06:57:17.122169+00:00,stable,4.011011,200,True,False
c772af8f,2026-09-22T06:57:17.156306+00:00,stable,4.213809,200,True,False
c772af8f,2026-09-22T06:57:17.190106+00:00,stable,4.723734,200,True,False
c772af8f,2026-09-22T06:57:17.222866+00:00,stable,4.216111,200,True,False
c772af8f,2026-09-22T06:57:17.255445+00:00,stable,4.008759,200,True,False
c772af8f,2026-09-22T06:57:17.289211+00:00,stable,4.008437,200,True,False
c772af8f,2026-09-22T06:57:17.321541+00:00,stable,3.802763,200,True,False
c772af8f,2026-09-22T06:57:17.356337+00:00,stable,4.226071,200,True,False
c772af8f,2026-09-22T06:57:17.390307+00:00,stable,4.114591,200,True,False
c772af8f,2026-09-22T06:57:17.421506+00:00,stable,3.779493,200,True,False
c772af8f,2026-09-22T06:57:17.455444+00:00,stable,4.05873,200,True,False
c772af8f,2026-09-22T06:57:17.489455+00:00,stable,4.03297,200,True,False
c772af8f,2026-09-22T06:57:17.522742+00:00,stable,4.373119,200,True,False
c772af8f,2026-09-22T06:57:17.555427+00:00,stable,3.949327,200,True,False
c772af8f,2026-09-22T06:57:17.588727+00:00,stable,3.659911,200,True,False
c772af8f,2026-09-22T06:57:17.623044+00:00,stable,4.602363,200,True,False
c772af8f,2026-09-22T06:57:17.655702+00:00,stable,3.584227,200,True,False
c772af8f,2026-09-22T06:57:17.687739+00:00,stable,3.42406,200,True,False
c772af8f,2026-09-22T06:57:17.721987+00:00,stable,3.722253,200,True,False
c772af8f,2026-09-22T06:57:17.754899+00:00,stable,3.428402,200,True,False
c772af8f,2026-09-22T06:57:17.788547+00:00,stable,3.709358,200,True,False
c772af8f,2026-09-22T06:57:17.822024+00:00,stable,3.972093,200,True,False
c772af8f,2026-09-22T06:57:17.855385+00:00,stable,3.461578,200,True,False
c772af8f,2026-09-22T06:57:17.888836+00:00,stable,3.457352,200,True,False
c772af8f,2026-09-22T06:57:17.923905+00:00,stable,5.448672,200,True,False
c772af8f,2026-09-22T06:57:17.955480+00:00,stable,3.502093,200,True,False
c772af8f,2026-09-22T06:57:17.988941+00:00,stable,3.42627,200,True,False
c772af8f,2026-09-22T06:57:18.021233+00:00,stable,3.526607,200,True,False
c772af8f,2026-09-22T06:57:18.055616+00:00,stable,3.878992,200,True,False
c772af8f,2026-09-22T06:57:18.088472+00:00,stable,3.731685,200,True,False
c772af8f,2026-09-22T06:57:18.122100+00:00,stable,4.12607,200,True,False
c772af8f,2026-09-22T06:57:18.155864+00:00,stable,4.049595,200,True,False
c772af8f,2026-09-22T06:57:18.188554+00:00,stable,3.634164,200,True,False
c772af8f,2026-09-22T06:57:18.222020+00:00,stable,3.596357,200,True,False
c772af8f,2026-09-22T06:57:18.255754+00:00,stable,3.726133,200,True,False
c772af8f,2026-09-22T06:57:18.288942+00:00,stable,4.158591,200,True,False
c772af8f,2026-09-22T06:57:18.322974+00:00,stable,4.971983,200,True,False
c772af8f,2026-09-22T06:57:18.355610+00:00,stable,4.048263,200,True,False
c772af8f,2026-09-22T06:57:18.389339+00:00,stable,3.920941,200,True,False
c772af8f,2026-09-22T06:57:18.422374+00:00,stable,4.062604,200,True,False
c772af8f,2026-09-22T06:57:18.459120+00:00,stable,7.697154,200,True,False
c772af8f,2026-09-22T06:57:18.489323+00:00,stable,4.180123,200,True,False
c772af8f,2026-09-22T06:57:18.522679+00:00,stable,4.951669,200,True,False
c772af8f,2026-09-22T06:57:18.556330+00:00,stable,5.217819,200,True,False
c772af8f,2026-09-22T06:57:18.589351+00:00,stable,4.087587,200,True,False
c772af8f,2026-09-22T06:57:18.622304+00:00,stable,4.494857,200,True,False
c772af8f,2026-09-22T06:57:18.656612+00:00,stable,5.468822,200,True,False
c772af8f,2026-09-22T06:57:18.688559+00:00,stable,4.039621,200,True,False
c772af8f,2026-09-22T06:57:18.722110+00:00,stable,3.899806,200,True,False
c772af8f,2026-09-22T06:57:18.756500+00:00,stable,4.442917,200,True,False
c772af8f,2026-09-22T06:57:18.790470+00:00,stable,6.050501,200,True,False
c772af8f,2026-09-22T06:57:18.821920+00:00,stable,3.879998,200,True,False
c772af8f,2026-09-22T06:57:18.855320+00:00,stable,3.702966,200,True,False
c772af8f,2026-09-22T06:57:18.889814+00:00,stable,4.645953,200,True,False
c772af8f,2026-09-22T06:57:18.923924+00:00,stable,4.405151,200,True,False
c772af8f,2026-09-22T06:57:18.955384+00:00,stable,3.550998,200,True,False
c772af8f,2026-09-22T06:57:18.990175+00:00,stable,4.811368,200,True,False
c772af8f,2026-09-22T06:57:19.022387+00:00,stable,3.60551,200,True,False
c772af8f,2026-09-22T06:57:19.055967+00:00,stable,3.832506,200,True,False
c772af8f,2026-09-22T06:57:19.088042+00:00,stable,3.31027,200,True,False
c772af8f,2026-09-22T06:57:19.121067+00:00,stable,3.340277,200,True,False
c772af8f,2026-09-22T06:57:19.155901+00:00,stable,4.150185,200,True,False
c772af8f,2026-09-22T06:57:19.188826+00:00,stable,3.79675,200,True,False
c772af8f,2026-09-22T06:57:19.223420+00:00,stable,4.820167,200,True,False
c772af8f,2026-09-22T06:57:19.255149+00:00,stable,3.379442,200,True,False
c772af8f,2026-09-22T06:57:19.288791+00:00,stable,3.417624,200,True,False
c772af8f,2026-09-22T06:57:19.321792+00:00,stable,3.463626,200,True,False
c772af8f,2026-09-22T06:57:19.354711+00:00,stable,3.336361,200,True,False
c772af8f,2026-09-22T06:57:19.389444+00:00,stable,4.448683,200,True,False
c772af8f,2026-09-22T06:57:19.422925+00:00,stable,4.304274,200,True,False
c772af8f,2026-09-22T06:57:19.455122+00:00,stable,3.58257,200,True,False
c772af8f,2026-09-22T06:57:19.488305+00:00,stable,3.430652,200,True,False
c772af8f,2026-09-22T06:57:19.524105+00:00,stable,6.242448,200,True,False
c772af8f,2026-09-22T06:57:19.554954+00:00,stable,3.198916,200,True,False
c772af8f,2026-09-22T06:57:19.588791+00:00,stable,3.705703,200,True,False
c772af8f,2026-09-22T06:57:19.622421+00:00,stable,4.166753,200,True,False
c772af8f,2026-09-22T06:57:19.655695+00:00,stable,4.328094,200,True,False
c772af8f,2026-09-22T06:57:19.688709+00:00,stable,4.036044,200,True,False
c772af8f,2026-09-22T06:57:19.721871+00:00,stable,3.608577,200,True,False
c772af8f,2026-09-22T06:57:19.754429+00:00,stable,3.068105,200,True,False
c772af8f,2026-09-22T06:57:19.790535+00:00,stable,5.926577,200,True,False
c772af8f,2026-09-22T06:57:19.824735+00:00,stable,6.85578,200,True,False
c772af8f,2026-09-22T06:57:19.854559+00:00,stable,3.021099,200,True,False
c772af8f,2026-09-22T06:57:19.889604+00:00,stable,4.232385,200,True,False
c772af8f,2026-09-22T06:57:19.921348+00:00,stable,3.166703,200,True,False
c772af8f,2026-09-22T06:57:19.955303+00:00,stable,3.390678,200,True,False
c772af8f,2026-09-22T06:57:19.987572+00:00,stable,3.272082,200,True,False
c772af8f,2026-09-22T06:57:20.021490+00:00,stable,3.51388,200,True,False
c772af8f,2026-09-22T06:57:20.055339+00:00,stable,3.388347,200,True,False
c772af8f,2026-09-22T06:57:20.089253+00:00,stable,3.976006,200,True,False
c772af8f,2026-09-22T06:57:20.122965+00:00,stable,4.869485,200,True,False
c772af8f,2026-09-22T06:57:20.154743+00:00,stable,3.28449,200,True,False
c772af8f,2026-09-22T06:57:20.189683+00:00,stable,4.943536,200,True,False
c772af8f,2026-09-22T06:57:20.221200+00:00,stable,2.994337,200,True,False
c772af8f,2026-09-22T06:57:20.255166+00:00,stable,3.48066,200,True,False
c772af8f,2026-09-22T06:57:20.288329+00:00,stable,3.183457,200,True,False
c772af8f,2026-09-22T06:57:20.321904+00:00,stable,4.143968,200,True,False
c772af8f,2026-09-22T06:57:20.355089+00:00,stable,3.60035,200,True,False
c772af8f,2026-09-22T06:57:20.388363+00:00,stable,3.410078,200,True,False
c772af8f,2026-09-22T06:57:20.420994+00:00,stable,3.245774,200,True,False
c772af8f,2026-09-22T06:57:20.454716+00:00,stable,3.18074,200,True,False
c772af8f,2026-09-22T06:57:20.488298+00:00,stable,3.430404,200,True,False
c772af8f,2026-09-22T06:57:20.523058+00:00,stable,4.289023,200,True,False
c772af8f,2026-09-22T06:57:20.555162+00:00,stable,3.574111,200,True,False
c772af8f,2026-09-22T06:57:20.588449+00:00,stable,3.446008,200,True,False
c772af8f,2026-09-22T06:57:20.621290+00:00,stable,3.438531,200,True,False
c772af8f,2026-09-22T06:57:20.656854+00:00,stable,4.946731,200,True,False
c772af8f,2026-09-22T06:57:20.689994+00:00,stable,4.956605,200,True,False
c772af8f,2026-09-22T06:57:20.721542+00:00,stable,3.156861,200,True,False
c772af8f,2026-09-22T06:57:20.755647+00:00,stable,4.575645,200,True,False
c772af8f,2026-09-22T06:57:20.788631+00:00,stable,3.109945,200,True,False
c772af8f,2026-09-22T06:57:20.821322+00:00,stable,3.249502,200,True,False
c772af8f,2026-09-22T06:57:20.855024+00:00,stable,3.284213,200,True,False
c772af8f,2026-09-22T06:57:20.888091+00:00,stable,3.324907,200,True,False
c772af8f,2026-09-22T06:57:20.921489+00:00,stable,3.077556,200,True,False
c772af8f,2026-09-22T06:57:20.955074+00:00,stable,3.083988,200,True,False
c772af8f,2026-09-22T06:57:20.988305+00:00,stable,3.264076,200,True,False
c772af8f,2026-09-22T06:57:21.021983+00:00,stable,3.261457,200,True,False
c772af8f,2026-09-22T06:57:21.055426+00:00,stable,3.815058,200,True,False
c772af8f,2026-09-22T06:57:21.087608+00:00,stable,3.333311,200,True,False
c772af8f,2026-09-22T06:57:21.122051+00:00,stable,3.507269,200,True,False
c772af8f,2026-09-22T06:57:21.155574+00:00,stable,3.676458,200,True,False
c772af8f,2026-09-22T06:57:21.188253+00:00,stable,3.621865,200,True,False
c772af8f,2026-09-22T06:57:21.222086+00:00,stable,4.089261,200,True,False
c772af8f,2026-09-22T06:57:21.256643+00:00,stable,4.850467,200,True,False
c772af8f,2026-09-22T06:57:21.294956+00:00,stable,10.666646,200,True,False
c772af8f,2026-09-22T06:57:21.325381+00:00,stable,4.976583,200,True,False
c772af8f,2026-09-22T06:57:21.356720+00:00,stable,5.706546,200,True,False
c772af8f,2026-09-22T06:57:21.388574+00:00,stable,3.944704,200,True,False
c772af8f,2026-09-22T06:57:21.422626+00:00,stable,4.361217,200,True,False
c772af8f,2026-09-22T06:57:21.455930+00:00,stable,3.8811,200,True,False
c772af8f,2026-09-22T06:57:21.489519+00:00,stable,4.20159,200,True,False
c772af8f,2026-09-22T06:57:21.521722+00:00,stable,3.833211,200,True,False
c772af8f,2026-09-22T06:57:21.556238+00:00,stable,4.650338,200,True,False
c772af8f,2026-09-22T06:57:21.590748+00:00,stable,5.379792,200,True,False
c772af8f,2026-09-22T06:57:21.622125+00:00,stable,3.860786,200,True,False
c772af8f,2026-09-22T06:57:21.657575+00:00,stable,5.496703,200,True,False
c772af8f,2026-09-22T06:57:21.688581+00:00,stable,3.652682,200,True,False
c772af8f,2026-09-22T06:57:21.722609+00:00,stable,4.336626,200,True,False
c772af8f,2026-09-22T06:57:21.755099+00:00,stable,3.754539,200,True,False
c772af8f,2026-09-22T06:57:21.788432+00:00,stable,3.393432,200,True,False
c772af8f,2026-09-22T06:57:21.820951+00:00,stable,3.34295,200,True,False
c772af8f,2026-09-22T06:57:21.854613+00:00,stable,3.176982,200,True,False
c772af8f,2026-09-22T06:57:21.888181+00:00,stable,3.230845,200,True,False
c772af8f,2026-09-22T06:57:21.921718+00:00,stable,3.157501,200,True,False
c772af8f,2026-09-22T06:57:21.954729+00:00,stable,3.18319,200,True,False
c772af8f,2026-09-22T06:57:21.989042+00:00,stable,4.719618,200,True,False
c772af8f,2026-09-22T06:57:22.022321+00:00,stable,3.712061,200,True,False
c772af8f,2026-09-22T06:57:22.054799+00:00,stable,3.100267,200,True,False
c772af8f,2026-09-22T06:57:22.089433+00:00,stable,4.201233,200,True,False
c772af8f,2026-09-22T06:57:22.122406+00:00,stable,4.315276,200,True,False
c772af8f,2026-09-22T06:57:22.157253+00:00,stable,5.314256,200,True,False
c772af8f,2026-09-22T06:57:22.190857+00:00,stable,5.477701,200,True,False
c772af8f,2026-09-22T06:57:22.224167+00:00,stable,5.395103,200,True,False
c772af8f,2026-09-22T06:57:22.255104+00:00,stable,3.178957,200,True,False
c772af8f,2026-09-22T06:57:22.289214+00:00,stable,4.078403,200,True,False
c772af8f,2026-09-22T06:57:22.320594+00:00,stable,3.0199,200,True,False
c772af8f,2026-09-22T06:57:22.354183+00:00,stable,2.86351,200,True,False
c772af8f,2026-09-22T06:57:22.388297+00:00,stable,3.011335,200,True,False
c772af8f,2026-09-22T06:57:22.420781+00:00,stable,2.872529,200,True,False
c772af8f,2026-09-22T06:57:22.454236+00:00,stable,2.985275,200,True,False
c772af8f,2026-09-22T06:57:22.488363+00:00,stable,3.132504,200,True,False
c772af8f,2026-09-22T06:57:22.521211+00:00,stable,3.284121,200,True,False
c772af8f,2026-09-22T06:57:22.554505+00:00,stable,2.722036,200,True,False
c772af8f,2026-09-22T06:57:22.589079+00:00,stable,3.299027,200,True,False
c772af8f,2026-09-22T06:57:22.620884+00:00,stable,3.015107,200,True,False
c772af8f,2026-09-22T06:57:22.654710+00:00,stable,3.283314,200,True,False
c772af8f,2026-09-22T06:57:22.686198+00:00,stable,3.274533,200,True,False
c772af8f,2026-09-22T06:57:22.720189+00:00,stable,3.358253,200,True,False
c772af8f,2026-09-22T06:57:22.753198+00:00,stable,3.514205,200,True,False
c772af8f,2026-09-22T06:57:22.786289+00:00,stable,3.316984,200,True,False
c772af8f,2026-09-22T06:57:22.820344+00:00,stable,3.503625,200,True,False
c772af8f,2026-09-22T06:57:22.853275+00:00,stable,3.374134,200,True,False
c772af8f,2026-09-22T06:57:22.886914+00:00,stable,3.452158,200,True,False
c772af8f,2026-09-22T06:57:22.919730+00:00,stable,3.400969,200,True,False
c772af8f,2026-09-22T06:57:22.952503+00:00,stable,3.368994,200,True,False
c772af8f,2026-09-22T06:57:22.985730+00:00,stable,3.283443,200,True,False
c772af8f,2026-09-22T06:57:23.019548+00:00,stable,3.377751,200,True,False
c772af8f,2026-09-22T06:57:23.052500+00:00,stable,3.373672,200,True,False
c772af8f,2026-09-22T06:57:23.086547+00:00,stable,4.085686,200,True,False
c772af8f,2026-09-22T06:57:23.119694+00:00,stable,3.440374,200,True,False
c772af8f,2026-09-22T06:57:23.152148+00:00,stable,3.102622,200,True,False
c772af8f,2026-09-22T06:57:23.188007+00:00,stable,4.89961,200,True,False
c772af8f,2026-09-22T06:57:23.220159+00:00,stable,3.518581,200,True,False
c772af8f,2026-09-22T06:57:23.252867+00:00,stable,3.196062,200,True,False
c772af8f,2026-09-22T06:57:23.289066+00:00,stable,5.855992,200,True,False
c772af8f,2026-09-22T06:57:23.320582+00:00,stable,3.938689,200,True,False
c772af8f,2026-09-22T06:57:23.352523+00:00,stable,2.890321,200,True,False
c772af8f,2026-09-22T06:57:23.385247+00:00,stable,2.851423,200,True,False
c772af8f,2026-09-22T06:57:23.418836+00:00,stable,3.086642,200,True,False
c772af8f,2026-09-22T06:57:23.453425+00:00,stable,3.477142,200,True,False
c772af8f,2026-09-22T06:57:23.487273+00:00,stable,3.95456,200,True,False
c772af8f,2026-09-22T06:57:23.519990+00:00,stable,3.357149,200,True,False
c772af8f,2026-09-22T06:57:23.554479+00:00,stable,4.899951,200,True,False
c772af8f,2026-09-22T06:57:23.586719+00:00,stable,3.304599,200,True,False
c772af8f,2026-09-22T06:57:23.619712+00:00,stable,3.167898,200,True,False
c772af8f,2026-09-22T06:57:23.653585+00:00,stable,3.307499,200,True,False
c772af8f,2026-09-22T06:57:23.685977+00:00,stable,2.742209,200,True,False
c772af8f,2026-09-22T06:57:23.719617+00:00,stable,3.067756,200,True,False
c772af8f,2026-09-22T06:57:23.752785+00:00,stable,2.770032,200,True,False
c772af8f,2026-09-22T06:57:23.785662+00:00,stable,3.126553,200,True,False
c772af8f,2026-09-22T06:57:23.819731+00:00,stable,3.18475,200,True,False
c772af8f,2026-09-22T06:57:23.852977+00:00,stable,3.565296,200,True,False
c772af8f,2026-09-22T06:57:23.886057+00:00,stable,3.066606,200,True,False
c772af8f,2026-09-22T06:57:23.919651+00:00,stable,2.925047,200,True,False
c772af8f,2026-09-22T06:57:23.953485+00:00,stable,3.343719,200,True,False
c772af8f,2026-09-22T06:57:23.985388+00:00,stable,2.810154,200,True,False
c772af8f,2026-09-22T06:57:24.018980+00:00,stable,3.185069,200,True,False
c772af8f,2026-09-22T06:57:24.052571+00:00,stable,2.998839,200,True,False
c772af8f,2026-09-22T06:57:24.086611+00:00,stable,3.245788,200,True,False
c772af8f,2026-09-22T06:57:24.120037+00:00,stable,3.348321,200,True,False
c772af8f,2026-09-22T06:57:24.153208+00:00,stable,3.400525,200,True,False
c772af8f,2026-09-22T06:57:24.186347+00:00,stable,3.250745,200,True,False
c772af8f,2026-09-22T06:57:24.220294+00:00,stable,3.448792,200,True,False
c772af8f,2026-09-22T06:57:24.252698+00:00,stable,2.992503,200,True,False
c772af8f,2026-09-22T06:57:24.285397+00:00,stable,2.988285,200,True,False
c772af8f,2026-09-22T06:57:24.318790+00:00,stable,3.079024,200,True,False
c772af8f,2026-09-22T06:57:24.353166+00:00,stable,3.241756,200,True,False
c772af8f,2026-09-22T06:57:24.386206+00:00,stable,3.158653,200,True,False
c772af8f,2026-09-22T06:57:24.419023+00:00,stable,3.192901,200,True,False
c772af8f,2026-09-22T06:57:24.452747+00:00,stable,3.196423,200,True,False
c772af8f,2026-09-22T06:57:24.485549+00:00,stable,3.110657,200,True,False
c772af8f,2026-09-22T06:57:24.519088+00:00,stable,2.96311,200,True,False
c772af8f,2026-09-22T06:57:24.552765+00:00,stable,3.107612,200,True,False
c772af8f,2026-09-22T06:57:24.585806+00:00,stable,3.000454,200,True,False
c772af8f,2026-09-22T06:57:24.619150+00:00,stable,2.97054,200,True,False
c772af8f,2026-09-22T06:57:24.652870+00:00,stable,3.163236,200,True,False
c772af8f,2026-09-22T06:57:24.687361+00:00,stable,3.998289,200,True,False
c772af8f,2026-09-22T06:57:24.719788+00:00,stable,3.429484,200,True,False
c772af8f,2026-09-22T06:57:24.752532+00:00,stable,3.346558,200,True,False
c772af8f,2026-09-22T06:57:24.787107+00:00,stable,3.669106,200,True,False
c772af8f,2026-09-22T06:57:24.819460+00:00,stable,3.041672,200,True,False
c772af8f,2026-09-22T06:57:24.853631+00:00,stable,3.57342,200,True,False
c772af8f,2026-09-22T06:57:24.887428+00:00,stable,4.083453,200,True,False
c772af8f,2026-09-22T06:57:24.920803+00:00,stable,4.323307,200,True,False
c772af8f,2026-09-22T06:57:24.952608+00:00,stable,3.310898,200,True,False
c772af8f,2026-09-22T06:57:24.986609+00:00,stable,3.2527,200,True,False
c772af8f,2026-09-22T06:57:25.019045+00:00,stable,3.073412,200,True,False
c772af8f,2026-09-22T06:57:25.053074+00:00,stable,3.462362,200,True,False
c772af8f,2026-09-22T06:57:25.086796+00:00,stable,4.258388,200,True,False
c772af8f,2026-09-22T06:57:25.119659+00:00,stable,3.456174,200,True,False
c772af8f,2026-09-22T06:57:25.153667+00:00,stable,3.503375,200,True,False
c772af8f,2026-09-22T06:57:25.186609+00:00,stable,3.330505,200,True,False
c772af8f,2026-09-22T06:57:25.219314+00:00,stable,3.330068,200,True,False
c772af8f,2026-09-22T06:57:25.253104+00:00,stable,3.300012,200,True,False
c772af8f,2026-09-22T06:57:25.286781+00:00,stable,3.537656,200,True,False
c772af8f,2026-09-22T06:57:25.319703+00:00,stable,3.381441,200,True,False
c772af8f,2026-09-22T06:57:25.352698+00:00,stable,3.584804,200,True,False
c772af8f,2026-09-22T06:57:25.386586+00:00,stable,3.10569,200,True,False
c772af8f,2026-09-22T06:57:25.419264+00:00,stable,3.233322,200,True,False
c772af8f,2026-09-22T06:57:25.452826+00:00,stable,3.139063,200,True,False
c772af8f,2026-09-22T06:57:25.485603+00:00,stable,3.158865,200,True,False
c772af8f,2026-09-22T06:57:25.519519+00:00,stable,3.431794,200,True,False
c772af8f,2026-09-22T06:57:25.552400+00:00,stable,3.191343,200,True,False
c772af8f,2026-09-22T06:57:25.586006+00:00,stable,3.553792,200,True,False
c772af8f,2026-09-22T06:57:25.620401+00:00,stable,3.819061,200,True,False
c772af8f,2026-09-22T06:57:25.653616+00:00,stable,3.626298,200,True,False
c772af8f,2026-09-22T06:57:25.686492+00:00,stable,4.033535,200,True,False
c772af8f,2026-09-22T06:57:25.720114+00:00,stable,4.194955,200,True,False
c772af8f,2026-09-22T06:57:25.753423+00:00,stable,3.606942,200,True,False
c772af8f,2026-09-22T06:57:25.787686+00:00,stable,5.2686,200,True,False
c772af8f,2026-09-22T06:57:25.820689+00:00,stable,4.085006,200,True,False
c772af8f,2026-09-22T06:57:25.853129+00:00,stable,3.947379,200,True,False
c772af8f,2026-09-22T06:57:25.887807+00:00,stable,4.267676,200,True,False
c772af8f,2026-09-22T06:57:25.920723+00:00,stable,4.03237,200,True,False
c772af8f,2026-09-22T06:57:25.952962+00:00,stable,3.827108,200,True,False
c772af8f,2026-09-22T06:57:25.986738+00:00,stable,3.892469,200,True,False
c772af8f,2026-09-22T06:57:26.020171+00:00,stable,3.818178,200,True,False
c772af8f,2026-09-22T06:57:26.053731+00:00,stable,3.689465,200,True,False
c772af8f,2026-09-22T06:57:26.087637+00:00,stable,4.157293,200,True,False
c772af8f,2026-09-22T06:57:26.119959+00:00,stable,3.645814,200,True,False
c772af8f,2026-09-22T06:57:26.153132+00:00,stable,3.625747,200,True,False
c772af8f,2026-09-22T06:57:26.187115+00:00,stable,3.764028,200,True,False
c772af8f,2026-09-22T06:57:26.220603+00:00,stable,3.728926,200,True,False
c772af8f,2026-09-22T06:57:26.253598+00:00,stable,3.521441,200,True,False
c772af8f,2026-09-22T06:57:26.287118+00:00,stable,3.744659,200,True,False
c772af8f,2026-09-22T06:57:26.320285+00:00,stable,3.65317,200,True,False
c772af8f,2026-09-22T06:57:26.353289+00:00,stable,3.429434,200,True,False
c772af8f,2026-09-22T06:57:26.387169+00:00,stable,3.841134,200,True,False
c772af8f,2026-09-22T06:57:26.420838+00:00,stable,4.137473,200,True,False
c772af8f,2026-09-22T06:57:26.452870+00:00,stable,3.287441,200,True,False
c772af8f,2026-09-22T06:57:26.486316+00:00,stable,3.558194,200,True,False
c772af8f,2026-09-22T06:57:26.520712+00:00,stable,4.629276,200,True,False
c772af8f,2026-09-22T06:57:26.553078+00:00,stable,3.997407,200,True,False
c772af8f,2026-09-22T06:57:26.587658+00:00,stable,4.406767,200,True,False
c772af8f,2026-09-22T06:57:26.619251+00:00,stable,3.150349,200,True,False
c772af8f,2026-09-22T06:57:26.654055+00:00,stable,4.234544,200,True,False
c772af8f,2026-09-22T06:57:26.726268+00:00,stable,7.727648,200,True,False
c772af8f,2026-09-22T06:57:26.726276+00:00,stable,7.735531,200,True,False
c772af8f,2026-09-22T06:57:26.756800+00:00,stable,7.191516,200,True,False
c772af8f,2026-09-22T06:57:27.016424+00:00,stable,202.050699,200,True,True
c772af8f,2026-09-22T06:57:27.021378+00:00,stable,205.570492,200,True,True
c772af8f,2026-09-22T06:57:27.021717+00:00,stable,93.423697,200,True,False
c772af8f,2026-09-22T06:57:27.023000+00:00,stable,6.716484,200,True,False
c772af8f,2026-09-22T06:57:27.024061+00:00,stable,95.383685,200,True,False
c772af8f,2026-09-22T06:57:27.024865+00:00,stable,96.302282,200,True,False
c772af8f,2026-09-22T06:57:27.024935+00:00,stable,8.585144,200,True,False
c772af8f,2026-09-22T06:57:27.026290+00:00,stable,10.181866,200,True,False
c772af8f,2026-09-22T06:57:27.052551+00:00,stable,3.375918,200,True,False
c772af8f,2026-09-22T06:57:27.118294+00:00,stable,4.076924,200,True,False
c772af8f,2026-09-22T06:57:27.120608+00:00,stable,3.057505,200,True,False
c772af8f,2026-09-22T06:57:27.152691+00:00,stable,3.633707,200,True,False
c772af8f,2026-09-22T06:57:27.186029+00:00,stable,3.35402,200,True,False
c772af8f,2026-09-22T06:57:27.220386+00:00,stable,3.679995,200,True,False
c772af8f,2026-09-22T06:57:27.253885+00:00,stable,3.860157,200,True,False
c772af8f,2026-09-22T06:57:27.288305+00:00,stable,4.90875,200,True,False
c772af8f,2026-09-22T06:57:27.323251+00:00,stable,4.819885,200,True,False
c772af8f,2026-09-22T06:57:27.354168+00:00,stable,4.369705,200,True,False
c772af8f,2026-09-22T06:57:27.386503+00:00,stable,3.778283,200,True,False
c772af8f,2026-09-22T06:57:27.420379+00:00,stable,4.294594,200,True,False
c772af8f,2026-09-22T06:57:27.454131+00:00,stable,4.220756,200,True,False
c772af8f,2026-09-22T06:57:27.486703+00:00,stable,3.75047,200,True,False
c772af8f,2026-09-22T06:57:27.520519+00:00,stable,4.350412,200,True,False
c772af8f,2026-09-22T06:57:27.554174+00:00,stable,4.224567,200,True,False
c772af8f,2026-09-22T06:57:27.587517+00:00,stable,4.424531,200,True,False
c772af8f,2026-09-22T06:57:27.621032+00:00,stable,3.938678,200,True,False
c772af8f,2026-09-22T06:57:27.653658+00:00,stable,3.86647,200,True,False
c772af8f,2026-09-22T06:57:27.686754+00:00,stable,4.156965,200,True,False
c772af8f,2026-09-22T06:57:27.720879+00:00,stable,4.375619,200,True,False
c772af8f,2026-09-22T06:57:27.753565+00:00,stable,4.152834,200,True,False
c772af8f,2026-09-22T06:57:27.786980+00:00,stable,3.642484,200,True,False
c772af8f,2026-09-22T06:57:27.821140+00:00,stable,4.523205,200,True,False
c772af8f,2026-09-22T06:57:27.853232+00:00,stable,3.369273,200,True,False
c772af8f,2026-09-22T06:57:27.886879+00:00,stable,3.281038,200,True,False
c772af8f,2026-09-22T06:57:27.919949+00:00,stable,3.353693,200,True,False
c772af8f,2026-09-22T06:57:27.952727+00:00,stable,3.150249,200,True,False
c772af8f,2026-09-22T06:57:27.986673+00:00,stable,3.322528,200,True,False
c772af8f,2026-09-22T06:57:28.019781+00:00,stable,3.631682,200,True,False
c772af8f,2026-09-22T06:57:28.053902+00:00,stable,4.162477,200,True,False
c772af8f,2026-09-22T06:57:28.086251+00:00,stable,3.558192,200,True,False
c772af8f,2026-09-22T06:57:28.119336+00:00,stable,3.465897,200,True,False
c772af8f,2026-09-22T06:57:28.153715+00:00,stable,3.849541,200,True,False
c772af8f,2026-09-22T06:57:28.186592+00:00,stable,4.002638,200,True,False
c772af8f,2026-09-22T06:57:28.219353+00:00,stable,3.140404,200,True,False
c772af8f,2026-09-22T06:57:28.253072+00:00,stable,3.32365,200,True,False
c772af8f,2026-09-22T06:57:28.286476+00:00,stable,3.320395,200,True,False
c772af8f,2026-09-22T06:57:28.320187+00:00,stable,4.194064,200,True,False
c772af8f,2026-09-22T06:57:28.354180+00:00,stable,4.496479,200,True,False
c772af8f,2026-09-22T06:57:28.387761+00:00,stable,4.492413,200,True,False
c772af8f,2026-09-22T06:57:28.420895+00:00,stable,4.736014,200,True,False
c772af8f,2026-09-22T06:57:28.454238+00:00,stable,4.692706,200,True,False
c772af8f,2026-09-22T06:57:28.488128+00:00,stable,4.764961,200,True,False
c772af8f,2026-09-22T06:57:28.521020+00:00,stable,4.387301,200,True,False
c772af8f,2026-09-22T06:57:28.553498+00:00,stable,4.017895,200,True,False
c772af8f,2026-09-22T06:57:28.587502+00:00,stable,4.253881,200,True,False
c772af8f,2026-09-22T06:57:28.623511+00:00,stable,6.564574,200,True,False
c772af8f,2026-09-22T06:57:28.655059+00:00,stable,4.659698,200,True,False
c772af8f,2026-09-22T06:57:28.687279+00:00,stable,4.359247,200,True,False
c772af8f,2026-09-22T06:57:28.722454+00:00,stable,5.71525,200,True,False
c772af8f,2026-09-22T06:57:28.814457+00:00,stable,61.633111,200,True,False
c772af8f,2026-09-22T06:57:28.822003+00:00,stable,7.087038,200,True,False
c772af8f,2026-09-22T06:57:28.823999+00:00,stable,8.090815,200,True,False
c772af8f,2026-09-22T06:57:28.859305+00:00,stable,6.537292,200,True,False
c772af8f,2026-09-22T06:57:28.886425+00:00,stable,3.586506,200,True,False
c772af8f,2026-09-22T06:57:28.923059+00:00,stable,6.433351,200,True,False
c772af8f,2026-09-22T06:57:28.954136+00:00,stable,4.209025,200,True,False
c772af8f,2026-09-22T06:57:28.986397+00:00,stable,3.88955,200,True,False
c772af8f,2026-09-22T06:57:29.020494+00:00,stable,4.537376,200,True,False
c772af8f,2026-09-22T06:57:29.052137+00:00,stable,3.054476,200,True,False
c772af8f,2026-09-22T06:57:29.085954+00:00,stable,2.959151,200,True,False
c772af8f,2026-09-22T06:57:29.119771+00:00,stable,3.246813,200,True,False
c772af8f,2026-09-22T06:57:29.152518+00:00,stable,3.312249,200,True,False
c772af8f,2026-09-22T06:57:29.186315+00:00,stable,3.470231,200,True,False
c772af8f,2026-09-22T06:57:29.220423+00:00,stable,4.325945,200,True,False
c772af8f,2026-09-22T06:57:29.254300+00:00,stable,4.384105,200,True,False
c772af8f,2026-09-22T06:57:29.288046+00:00,stable,4.713733,200,True,False
c772af8f,2026-09-22T06:57:29.320839+00:00,stable,4.084493,200,True,False
c772af8f,2026-09-22T06:57:29.354531+00:00,stable,4.815888,200,True,False
c772af8f,2026-09-22T06:57:29.386543+00:00,stable,4.169796,200,True,False
c772af8f,2026-09-22T06:57:29.420633+00:00,stable,4.72752,200,True,False
c772af8f,2026-09-22T06:57:29.457504+00:00,stable,7.144696,200,True,False
c772af8f,2026-09-22T06:57:29.488433+00:00,stable,5.845276,200,True,False
c772af8f,2026-09-22T06:57:29.520608+00:00,stable,4.55001,200,True,False
c772af8f,2026-09-22T06:57:29.554339+00:00,stable,4.924493,200,True,False
c772af8f,2026-09-22T06:57:29.587435+00:00,stable,3.700949,200,True,False
c772af8f,2026-09-22T06:57:29.619484+00:00,stable,3.545688,200,True,False
c772af8f,2026-09-22T06:57:29.653080+00:00,stable,3.111716,200,True,False
c772af8f,2026-09-22T06:57:29.686765+00:00,stable,3.642382,200,True,False
c772af8f,2026-09-22T06:57:29.720639+00:00,stable,4.270345,200,True,False
c772af8f,2026-09-22T06:57:29.754362+00:00,stable,4.274848,200,True,False
c772af8f,2026-09-22T06:57:29.787568+00:00,stable,3.935135,200,True,False
c772af8f,2026-09-22T06:57:29.819600+00:00,stable,3.566762,200,True,False
c772af8f,2026-09-22T06:57:29.854465+00:00,stable,4.118583,200,True,False
c772af8f,2026-09-22T06:57:29.888161+00:00,stable,4.711957,200,True,False
c772af8f,2026-09-22T06:57:29.919557+00:00,stable,3.633996,200,True,False
c772af8f,2026-09-22T06:57:29.953238+00:00,stable,3.34442,200,True,False
c772af8f,2026-09-22T06:57:29.988665+00:00,stable,3.940355,200,True,False
c772af8f,2026-09-22T06:57:30.020460+00:00,stable,4.332072,200,True,False
c772af8f,2026-09-22T06:57:30.053891+00:00,stable,3.906732,200,True,False
c772af8f,2026-09-22T06:57:30.088165+00:00,stable,5.037234,200,True,False
c772af8f,2026-09-22T06:57:30.122036+00:00,stable,5.813671,200,True,False
c772af8f,2026-09-22T06:57:30.154051+00:00,stable,4.255466,200,True,False
c772af8f,2026-09-22T06:57:30.187037+00:00,stable,3.868838,200,True,False
c772af8f,2026-09-22T06:57:30.220441+00:00,stable,4.016743,200,True,False
c772af8f,2026-09-22T06:57:30.254048+00:00,stable,4.166049,200,True,False
c772af8f,2026-09-22T06:57:30.286827+00:00,stable,3.835393,200,True,False
c772af8f,2026-09-22T06:57:30.320521+00:00,stable,4.095387,200,True,False
c772af8f,2026-09-22T06:57:30.354152+00:00,stable,4.102377,200,True,False
c772af8f,2026-09-22T06:57:30.387294+00:00,stable,4.103804,200,True,False
c772af8f,2026-09-22T06:57:30.419868+00:00,stable,4.083677,200,True,False
c772af8f,2026-09-22T06:57:30.453501+00:00,stable,4.047971,200,True,False
c772af8f,2026-09-22T06:57:30.487629+00:00,stable,4.255505,200,True,False
c772af8f,2026-09-22T06:57:30.520506+00:00,stable,4.063992,200,True,False
c772af8f,2026-09-22T06:57:30.553287+00:00,stable,3.75124,200,True,False
c772af8f,2026-09-22T06:57:30.587332+00:00,stable,4.259459,200,True,False
c772af8f,2026-09-22T06:57:30.620417+00:00,stable,3.69786,200,True,False
c772af8f,2026-09-22T06:57:30.652918+00:00,stable,3.728774,200,True,False
c772af8f,2026-09-22T06:57:30.686259+00:00,stable,3.504693,200,True,False
c772af8f,2026-09-22T06:57:30.723742+00:00,stable,3.905374,200,True,False
c772af8f,2026-09-22T06:57:30.752831+00:00,stable,3.619327,200,True,False
c772af8f,2026-09-22T06:57:30.785900+00:00,stable,3.384885,200,True,False
c772af8f,2026-09-22T06:57:30.820138+00:00,stable,3.48456,200,True,False
c772af8f,2026-09-22T06:57:30.853257+00:00,stable,3.579993,200,True,False
c772af8f,2026-09-22T06:57:30.887157+00:00,stable,3.729804,200,True,False
c772af8f,2026-09-22T06:57:30.920193+00:00,stable,3.496954,200,True,False
c772af8f,2026-09-22T06:57:30.953020+00:00,stable,3.364156,200,True,False
c772af8f,2026-09-22T06:57:30.986791+00:00,stable,3.648771,200,True,False
c772af8f,2026-09-22T06:57:31.020229+00:00,stable,3.363693,200,True,False
c772af8f,2026-09-22T06:57:31.052876+00:00,stable,3.191781,200,True,False
c772af8f,2026-09-22T06:57:31.087031+00:00,stable,4.143475,200,True,False
c772af8f,2026-09-22T06:57:31.119941+00:00,stable,3.249432,200,True,False
c772af8f,2026-09-22T06:57:31.152433+00:00,stable,2.947168,200,True,False
c772af8f,2026-09-22T06:57:31.186619+00:00,stable,3.287155,200,True,False
c772af8f,2026-09-22T06:57:31.219744+00:00,stable,3.300635,200,True,False
c772af8f,2026-09-22T06:57:31.252434+00:00,stable,3.326174,200,True,False
c772af8f,2026-09-22T06:57:31.286766+00:00,stable,3.304659,200,True,False
c772af8f,2026-09-22T06:57:31.319861+00:00,stable,3.304035,200,True,False
c772af8f,2026-09-22T06:57:31.352921+00:00,stable,3.199182,200,True,False
c772af8f,2026-09-22T06:57:31.386180+00:00,stable,3.277897,200,True,False
c772af8f,2026-09-22T06:57:31.420525+00:00,stable,3.770764,200,True,False
c772af8f,2026-09-22T06:57:31.453453+00:00,stable,4.012242,200,True,False
c772af8f,2026-09-22T06:57:31.488721+00:00,stable,5.9096,200,True,False
c772af8f,2026-09-22T06:57:31.520173+00:00,stable,3.761606,200,True,False
c772af8f,2026-09-22T06:57:31.554176+00:00,stable,3.953246,200,True,False
c772af8f,2026-09-22T06:57:31.586893+00:00,stable,3.870207,200,True,False
c772af8f,2026-09-22T06:57:31.620798+00:00,stable,4.388872,200,True,False
c772af8f,2026-09-22T06:57:31.653781+00:00,stable,4.297432,200,True,False
c772af8f,2026-09-22T06:57:31.686818+00:00,stable,3.736968,200,True,False
c772af8f,2026-09-22T06:57:31.720986+00:00,stable,4.690931,200,True,False
c772af8f,2026-09-22T06:57:31.753100+00:00,stable,3.699894,200,True,False
c772af8f,2026-09-22T06:57:31.787089+00:00,stable,4.150981,200,True,False
c772af8f,2026-09-22T06:57:31.820609+00:00,stable,3.847887,200,True,False
c772af8f,2026-09-22T06:57:31.853113+00:00,stable,3.61595,200,True,False
c772af8f,2026-09-22T06:57:31.886612+00:00,stable,3.812024,200,True,False
c772af8f,2026-09-22T06:57:31.920389+00:00,stable,4.234863,200,True,False
c772af8f,2026-09-22T06:57:31.953114+00:00,stable,3.26528,200,True,False
c772af8f,2026-09-22T06:57:31.988141+00:00,stable,4.743432,200,True,False
c772af8f,2026-09-22T06:57:32.020918+00:00,stable,3.435804,200,True,False
c772af8f,2026-09-22T06:57:32.053471+00:00,stable,3.837663,200,True,False
c772af8f,2026-09-22T06:57:32.087274+00:00,stable,3.929999,200,True,False
c772af8f,2026-09-22T06:57:32.120741+00:00,stable,3.905275,200,True,False
c772af8f,2026-09-22T06:57:32.153163+00:00,stable,3.50218,200,True,False
c772af8f,2026-09-22T06:57:32.187069+00:00,stable,4.040635,200,True,False
c772af8f,2026-09-22T06:57:32.220307+00:00,stable,3.433264,200,True,False
c772af8f,2026-09-22T06:57:32.254279+00:00,stable,4.431979,200,True,False
c772af8f,2026-09-22T06:57:32.287949+00:00,stable,4.613362,200,True,False
c772af8f,2026-09-22T06:57:32.319256+00:00,stable,3.504538,200,True,False
c772af8f,2026-09-22T06:57:32.353492+00:00,stable,3.709545,200,True,False
c772af8f,2026-09-22T06:57:32.387857+00:00,stable,4.340817,200,True,False
c772af8f,2026-09-22T06:57:32.420718+00:00,stable,3.974766,200,True,False
c772af8f,2026-09-22T06:57:32.453346+00:00,stable,3.551839,200,True,False
c772af8f,2026-09-22T06:57:32.487173+00:00,stable,3.826321,200,True,False
c772af8f,2026-09-22T06:57:32.521261+00:00,stable,4.463122,200,True,False
c772af8f,2026-09-22T06:57:32.553251+00:00,stable,4.050511,200,True,False
c772af8f,2026-09-22T06:57:32.586810+00:00,stable,3.845063,200,True,False
c772af8f,2026-09-22T06:57:32.619938+00:00,stable,3.629829,200,True,False
c772af8f,2026-09-22T06:57:32.653490+00:00,stable,3.71767,200,True,False
c772af8f,2026-09-22T06:57:32.687380+00:00,stable,4.097935,200,True,False
c772af8f,2026-09-22T06:57:32.720174+00:00,stable,4.36823,200,True,False
c772af8f,2026-09-22T06:57:32.754030+00:00,stable,4.099369,200,True,False
c772af8f,2026-09-22T06:57:32.786400+00:00,stable,3.613562,200,True,False
c772af8f,2026-09-22T06:57:32.820567+00:00,stable,3.686206,200,True,False
c772af8f,2026-09-22T06:57:32.853421+00:00,stable,3.418433,200,True,False
c772af8f,2026-09-22T06:57:32.885809+00:00,stable,3.374601,200,True,False
c772af8f,2026-09-22T06:57:32.919689+00:00,stable,3.571556,200,True,False
c772af8f,2026-09-22T06:57:32.952533+00:00,stable,3.283638,200,True,False
c772af8f,2026-09-22T06:57:32.986937+00:00,stable,3.319608,200,True,False
c772af8f,2026-09-22T06:57:33.019884+00:00,stable,3.509276,200,True,False
c772af8f,2026-09-22T06:57:33.052913+00:00,stable,3.350113,200,True,False
c772af8f,2026-09-22T06:57:33.086108+00:00,stable,3.111563,200,True,False
c772af8f,2026-09-22T06:57:33.121145+00:00,stable,4.547388,200,True,False
c772af8f,2026-09-22T06:57:33.153474+00:00,stable,3.700513,200,True,False
c772af8f,2026-09-22T06:57:33.185776+00:00,stable,3.350661,200,True,False
c772af8f,2026-09-22T06:57:33.221085+00:00,stable,4.401682,200,True,False
c772af8f,2026-09-22T06:57:33.253990+00:00,stable,4.418417,200,True,False
c772af8f,2026-09-22T06:57:33.286825+00:00,stable,3.923326,200,True,False
c772af8f,2026-09-22T06:57:33.320974+00:00,stable,4.577301,200,True,False
c772af8f,2026-09-22T06:57:33.352913+00:00,stable,3.14593,200,True,False
c772af8f,2026-09-22T06:57:33.387681+00:00,stable,4.463442,200,True,False
c772af8f,2026-09-22T06:57:33.421257+00:00,stable,4.627747,200,True,False
c772af8f,2026-09-22T06:57:33.453167+00:00,stable,3.507519,200,True,False
c772af8f,2026-09-22T06:57:33.487680+00:00,stable,4.65541,200,True,False
c772af8f,2026-09-22T06:57:33.519870+00:00,stable,3.213366,200,True,False
c772af8f,2026-09-22T06:57:33.552915+00:00,stable,3.192347,200,True,False
c772af8f,2026-09-22T06:57:33.586194+00:00,stable,3.501664,200,True,False
c772af8f,2026-09-22T06:57:33.619721+00:00,stable,3.567875,200,True,False
c772af8f,2026-09-22T06:57:33.653613+00:00,stable,3.439547,200,True,False
c772af8f,2026-09-22T06:57:33.687157+00:00,stable,3.858507,200,True,False
c772af8f,2026-09-22T06:57:33.719929+00:00,stable,3.300157,200,True,False
c772af8f,2026-09-22T06:57:33.753703+00:00,stable,4.169675,200,True,False
c772af8f,2026-09-22T06:57:33.785374+00:00,stable,3.001486,200,True,False
c772af8f,2026-09-22T06:57:33.821748+00:00,stable,5.853283,200,True,False
c772af8f,2026-09-22T06:57:33.852472+00:00,stable,3.332927,200,True,False
c772af8f,2026-09-22T06:57:33.886080+00:00,stable,3.195304,200,True,False
c772af8f,2026-09-22T06:57:33.919795+00:00,stable,3.331952,200,True,False
c772af8f,2026-09-22T06:57:33.952487+00:00,stable,3.034373,200,True,False
c772af8f,2026-09-22T06:57:33.986448+00:00,stable,3.254507,200,True,False
c772af8f,2026-09-22T06:57:34.019600+00:00,stable,3.837073,200,True,False
c772af8f,2026-09-22T06:57:34.052533+00:00,stable,2.975762,200,True,False
c772af8f,2026-09-22T06:57:34.086479+00:00,stable,3.194259,200,True,False
c772af8f,2026-09-22T06:57:34.120759+00:00,stable,4.435391,200,True,False
c772af8f,2026-09-22T06:57:34.153254+00:00,stable,4.005054,200,True,False
c772af8f,2026-09-22T06:57:34.186545+00:00,stable,3.446473,200,True,False
c772af8f,2026-09-22T06:57:34.219597+00:00,stable,3.24622,200,True,False
c772af8f,2026-09-22T06:57:34.252987+00:00,stable,2.894155,200,True,False
c772af8f,2026-09-22T06:57:34.285851+00:00,stable,3.019646,200,True,False
c772af8f,2026-09-22T06:57:34.319356+00:00,stable,3.014822,200,True,False
c772af8f,2026-09-22T06:57:34.353189+00:00,stable,3.302027,200,True,False
c772af8f,2026-09-22T06:57:34.386332+00:00,stable,3.074689,200,True,False
c772af8f,2026-09-22T06:57:34.419896+00:00,stable,3.203991,200,True,False
c772af8f,2026-09-22T06:57:34.452779+00:00,stable,3.325717,200,True,False
c772af8f,2026-09-22T06:57:34.486620+00:00,stable,4.224634,200,True,False
c772af8f,2026-09-22T06:57:34.521044+00:00,stable,4.496489,200,True,False
c772af8f,2026-09-22T06:57:34.553606+00:00,stable,3.90036,200,True,False
c772af8f,2026-09-22T06:57:34.587230+00:00,stable,3.981644,200,True,False
c772af8f,2026-09-22T06:57:34.620817+00:00,stable,3.972629,200,True,False
c772af8f,2026-09-22T06:57:34.653162+00:00,stable,4.131464,200,True,False
c772af8f,2026-09-22T06:57:34.687725+00:00,stable,4.365438,200,True,False
c772af8f,2026-09-22T06:57:34.720934+00:00,stable,4.30499,200,True,False
c772af8f,2026-09-22T06:57:34.753674+00:00,stable,4.20494,200,True,False
c772af8f,2026-09-22T06:57:34.786821+00:00,stable,4.314352,200,True,False
c772af8f,2026-09-22T06:57:34.821364+00:00,stable,4.886748,200,True,False
c772af8f,2026-09-22T06:57:34.854598+00:00,stable,4.588266,200,True,False
c772af8f,2026-09-22T06:57:34.886346+00:00,stable,3.847386,200,True,False
c772af8f,2026-09-22T06:57:34.921202+00:00,stable,4.285907,200,True,False
c772af8f,2026-09-22T06:57:34.953431+00:00,stable,3.705328,200,True,False
c772af8f,2026-09-22T06:57:34.988513+00:00,stable,5.10888,200,True,False
c772af8f,2026-09-22T06:57:35.019682+00:00,stable,3.436328,200,True,False
c772af8f,2026-09-22T06:57:35.053085+00:00,stable,4.011578,200,True,False
c772af8f,2026-09-22T06:57:35.086517+00:00,stable,3.692372,200,True,False
c772af8f,2026-09-22T06:57:35.121727+00:00,stable,5.664222,200,True,False
c772af8f,2026-09-22T06:57:35.153328+00:00,stable,3.285655,200,True,False
c772af8f,2026-09-22T06:57:35.186929+00:00,stable,3.690681,200,True,False
c772af8f,2026-09-22T06:57:35.220063+00:00,stable,3.70837,200,True,False
c772af8f,2026-09-22T06:57:35.253527+00:00,stable,3.862912,200,True,False
c772af8f,2026-09-22T06:57:35.286502+00:00,stable,3.280417,200,True,False
c772af8f,2026-09-22T06:57:35.321134+00:00,stable,5.210577,200,True,False
c772af8f,2026-09-22T06:57:35.353298+00:00,stable,3.661847,200,True,False
c772af8f,2026-09-22T06:57:35.386654+00:00,stable,3.642578,200,True,False
c772af8f,2026-09-22T06:57:35.419230+00:00,stable,3.227612,200,True,False
c772af8f,2026-09-22T06:57:35.454928+00:00,stable,5.014886,200,True,False
c772af8f,2026-09-22T06:57:35.488092+00:00,stable,4.788343,200,True,False
c772af8f,2026-09-22T06:57:35.520298+00:00,stable,3.82888,200,True,False
c772af8f,2026-09-22T06:57:35.553357+00:00,stable,3.127759,200,True,False
c772af8f,2026-09-22T06:57:35.586187+00:00,stable,3.04752,200,True,False
c772af8f,2026-09-22T06:57:35.619825+00:00,stable,3.030802,200,True,False
c772af8f,2026-09-22T06:57:35.652468+00:00,stable,3.365148,200,True,False
c772af8f,2026-09-22T06:57:35.686713+00:00,stable,3.355998,200,True,False
c772af8f,2026-09-22T06:57:35.719757+00:00,stable,3.02412,200,True,False
c772af8f,2026-09-22T06:57:35.752110+00:00,stable,3.103787,200,True,False
c772af8f,2026-09-22T06:57:35.786103+00:00,stable,3.230344,200,True,False
c772af8f,2026-09-22T06:57:35.819881+00:00,stable,3.326967,200,True,False
c772af8f,2026-09-22T06:57:35.853034+00:00,stable,3.56603,200,True,False
c772af8f,2026-09-22T06:57:35.886236+00:00,stable,3.41023,200,True,False
c772af8f,2026-09-22T06:57:35.921683+00:00,stable,5.025984,200,True,False
c772af8f,2026-09-22T06:57:35.953166+00:00,stable,3.008576,200,True,False
c772af8f,2026-09-22T06:57:35.986566+00:00,stable,3.279535,200,True,False
c772af8f,2026-09-22T06:57:36.019646+00:00,stable,3.585888,200,True,False
c772af8f,2026-09-22T06:57:36.053266+00:00,stable,3.508422,200,True,False
c772af8f,2026-09-22T06:57:36.086829+00:00,stable,3.471473,200,True,False
c772af8f,2026-09-22T06:57:36.119451+00:00,stable,3.079033,200,True,False
c772af8f,2026-09-22T06:57:36.152773+00:00,stable,3.279974,200,True,False
c772af8f,2026-09-22T06:57:36.186050+00:00,stable,3.261313,200,True,False
c772af8f,2026-09-22T06:57:36.220472+00:00,stable,4.632423,200,True,False
c772af8f,2026-09-22T06:57:36.252669+00:00,stable,2.999004,200,True,False
c772af8f,2026-09-22T06:57:36.286757+00:00,stable,3.490114,200,True,False
c772af8f,2026-09-22T06:57:36.319698+00:00,stable,3.519566,200,True,False
c772af8f,2026-09-22T06:57:36.353046+00:00,stable,3.377782,200,True,False
c772af8f,2026-09-22T06:57:36.386135+00:00,stable,3.284015,200,True,False
c772af8f,2026-09-22T06:57:36.418957+00:00,stable,3.135689,200,True,False
c772af8f,2026-09-22T06:57:36.452955+00:00,stable,3.177468,200,True,False
c772af8f,2026-09-22T06:57:36.487580+00:00,stable,4.186171,200,True,False
c772af8f,2026-09-22T06:57:36.519850+00:00,stable,3.398069,200,True,False
c772af8f,2026-09-22T06:57:36.554145+00:00,stable,5.085601,200,True,False
c772af8f,2026-09-22T06:57:36.586245+00:00,stable,3.233716,200,True,False
c772af8f,2026-09-22T06:57:36.620561+00:00,stable,3.851832,200,True,False
c772af8f,2026-09-22T06:57:36.654831+00:00,stable,4.708114,200,True,False
c772af8f,2026-09-22T06:57:36.686268+00:00,stable,3.739621,200,True,False
c772af8f,2026-09-22T06:57:36.720791+00:00,stable,4.010133,200,True,False
c772af8f,2026-09-22T06:57:36.752199+00:00,stable,3.026141,200,True,False
c772af8f,2026-09-22T06:57:36.787484+00:00,stable,4.105071,200,True,False
c772af8f,2026-09-22T06:57:36.819793+00:00,stable,3.653534,200,True,False
c772af8f,2026-09-22T06:57:36.853087+00:00,stable,3.688853,200,True,False
c772af8f,2026-09-22T06:57:36.886153+00:00,stable,3.337425,200,True,False
c772af8f,2026-09-22T06:57:36.920516+00:00,stable,3.657293,200,True,False
c772af8f,2026-09-22T06:57:36.952567+00:00,stable,2.975763,200,True,False
c772af8f,2026-09-22T06:57:36.987011+00:00,stable,3.581919,200,True,False
c772af8f,2026-09-22T06:57:37.020361+00:00,stable,3.594883,200,True,False
c772af8f,2026-09-22T06:57:37.053048+00:00,stable,3.211903,200,True,False
c772af8f,2026-09-22T06:57:37.088829+00:00,stable,5.844211,200,True,False
c772af8f,2026-09-22T06:57:37.120733+00:00,stable,4.326061,200,True,False
c772af8f,2026-09-22T06:57:37.153946+00:00,stable,3.825203,200,True,False
c772af8f,2026-09-22T06:57:37.185980+00:00,stable,3.266112,200,True,False
c772af8f,2026-09-22T06:57:37.220525+00:00,stable,4.21717,200,True,False
c772af8f,2026-09-22T06:57:37.253707+00:00,stable,3.661985,200,True,False
c772af8f,2026-09-22T06:57:37.286795+00:00,stable,4.084678,200,True,False
c772af8f,2026-09-22T06:57:37.319954+00:00,stable,3.706121,200,True,False
c772af8f,2026-09-22T06:57:37.352965+00:00,stable,3.504728,200,True,False
c772af8f,2026-09-22T06:57:37.386836+00:00,stable,3.893169,200,True,False
c772af8f,2026-09-22T06:57:37.420950+00:00,stable,4.554451,200,True,False
c772af8f,2026-09-22T06:57:37.456176+00:00,stable,4.540732,200,True,False
c772af8f,2026-09-22T06:57:37.486211+00:00,stable,3.381006,200,True,False
c772af8f,2026-09-22T06:57:37.523225+00:00,stable,7.211406,200,True,False
c772af8f,2026-09-22T06:57:37.553537+00:00,stable,3.948873,200,True,False
c772af8f,2026-09-22T06:57:37.586737+00:00,stable,3.474369,200,True,False
c772af8f,2026-09-22T06:57:37.619916+00:00,stable,3.546005,200,True,False
c772af8f,2026-09-22T06:57:37.654756+00:00,stable,4.754202,200,True,False
c772af8f,2026-09-22T06:57:37.688672+00:00,stable,5.316484,200,True,False
c772af8f,2026-09-22T06:57:37.720516+00:00,stable,3.892325,200,True,False
c772af8f,2026-09-22T06:57:37.753825+00:00,stable,3.39933,200,True,False
c772af8f,2026-09-22T06:57:37.787495+00:00,stable,4.421272,200,True,False
c772af8f,2026-09-22T06:57:37.819831+00:00,stable,3.846873,200,True,False
c772af8f,2026-09-22T06:57:37.852564+00:00,stable,3.392982,200,True,False
c772af8f,2026-09-22T06:57:37.887490+00:00,stable,4.040055,200,True,False
c772af8f,2026-09-22T06:57:37.919754+00:00,stable,3.531575,200,True,False
c772af8f,2026-09-22T06:57:37.952678+00:00,stable,3.505292,200,True,False
c772af8f,2026-09-22T06:57:37.986685+00:00,stable,3.459803,200,True,False
c772af8f,2026-09-22T06:57:38.021676+00:00,stable,5.34336,200,True,False
c772af8f,2026-09-22T06:57:38.055369+00:00,stable,5.152144,200,True,False
c772af8f,2026-09-22T06:57:38.087091+00:00,stable,3.63781,200,True,False
c772af8f,2026-09-22T06:57:38.120341+00:00,stable,3.851726,200,True,False
c772af8f,2026-09-22T06:57:38.153426+00:00,stable,3.56397,200,True,False
c772af8f,2026-09-22T06:57:38.187011+00:00,stable,3.514654,200,True,False
c772af8f,2026-09-22T06:57:38.220429+00:00,stable,3.871045,200,True,False
c772af8f,2026-09-22T06:57:38.253445+00:00,stable,3.540158,200,True,False
c772af8f,2026-09-22T06:57:38.286990+00:00,stable,3.734308,200,True,False
c772af8f,2026-09-22T06:57:38.320058+00:00,stable,3.481245,200,True,False
c772af8f,2026-09-22T06:57:38.354793+00:00,stable,4.865391,200,True,False
c772af8f,2026-09-22T06:57:38.386897+00:00,stable,4.348377,200,True,False
c772af8f,2026-09-22T06:57:38.421657+00:00,stable,4.944455,200,True,False
c772af8f,2026-09-22T06:57:38.454352+00:00,stable,4.89023,200,True,False
c772af8f,2026-09-22T06:57:38.486937+00:00,stable,3.809966,200,True,False
c772af8f,2026-09-22T06:57:38.520327+00:00,stable,3.759875,200,True,False
c772af8f,2026-09-22T06:57:38.553064+00:00,stable,3.975329,200,True,False
c772af8f,2026-09-22T06:57:38.586583+00:00,stable,3.611831,200,True,False
c772af8f,2026-09-22T06:57:38.620701+00:00,stable,4.595647,200,True,False
c772af8f,2026-09-22T06:57:38.654008+00:00,stable,3.841879,200,True,False
c772af8f,2026-09-22T06:57:38.687066+00:00,stable,3.675518,200,True,False
c772af8f,2026-09-22T06:57:38.720993+00:00,stable,4.211343,200,True,False
c772af8f,2026-09-22T06:57:38.754124+00:00,stable,4.255903,200,True,False
c772af8f,2026-09-22T06:57:38.786865+00:00,stable,3.686866,200,True,False
c772af8f,2026-09-22T06:57:38.819836+00:00,stable,3.508629,200,True,False
c772af8f,2026-09-22T06:57:38.853096+00:00,stable,3.923042,200,True,False
c772af8f,2026-09-22T06:57:38.886679+00:00,stable,3.547412,200,True,False
c772af8f,2026-09-22T06:57:38.920215+00:00,stable,3.705846,200,True,False
c772af8f,2026-09-22T06:57:38.953544+00:00,stable,3.662218,200,True,False
c772af8f,2026-09-22T06:57:38.986375+00:00,stable,3.722595,200,True,False
c772af8f,2026-09-22T06:57:39.020660+00:00,stable,3.776736,200,True,False
c772af8f,2026-09-22T06:57:39.054527+00:00,stable,4.771745,200,True,False
c772af8f,2026-09-22T06:57:39.087174+00:00,stable,4.336859,200,True,False
c772af8f,2026-09-22T06:57:39.121221+00:00,stable,4.268824,200,True,False
c772af8f,2026-09-22T06:57:39.154924+00:00,stable,4.940038,200,True,False
c772af8f,2026-09-22T06:57:39.189189+00:00,stable,4.38009,200,True,False
c772af8f,2026-09-22T06:57:39.220942+00:00,stable,5.014813,200,True,False
c772af8f,2026-09-22T06:57:39.254028+00:00,stable,4.299171,200,True,False
c772af8f,2026-09-22T06:57:39.288111+00:00,stable,5.09284,200,True,False
c772af8f,2026-09-22T06:57:39.321843+00:00,stable,5.080243,200,True,False
c772af8f,2026-09-22T06:57:39.354797+00:00,stable,4.968399,200,True,False
c772af8f,2026-09-22T06:57:39.387597+00:00,stable,4.642022,200,True,False
c772af8f,2026-09-22T06:57:39.421186+00:00,stable,5.087919,200,True,False
c772af8f,2026-09-22T06:57:39.454635+00:00,stable,4.534244,200,True,False
c772af8f,2026-09-22T06:57:39.489246+00:00,stable,5.62784,200,True,False
c772af8f,2026-09-22T06:57:39.520656+00:00,stable,4.643046,200,True,False
c772af8f,2026-09-22T06:57:39.555234+00:00,stable,4.982002,200,True,False
c772af8f,2026-09-22T06:57:39.589101+00:00,stable,5.492656,200,True,False
c772af8f,2026-09-22T06:57:39.621928+00:00,stable,5.297762,200,True,False
c772af8f,2026-09-22T06:57:39.654963+00:00,stable,5.083945,200,True,False
c772af8f,2026-09-22T06:57:39.687809+00:00,stable,4.788582,200,True,False
c772af8f,2026-09-22T06:57:39.723059+00:00,stable,6.46036,200,True,False
c772af8f,2026-09-22T06:57:39.755349+00:00,stable,5.827602,200,True,False
c772af8f,2026-09-22T06:57:39.789777+00:00,stable,6.073615,200,True,False
c772af8f,2026-09-22T06:57:39.822129+00:00,stable,5.671722,200,True,False
c772af8f,2026-09-22T06:57:39.854972+00:00,stable,5.187089,200,True,False
c772af8f,2026-09-22T06:57:39.888419+00:00,stable,5.378819,200,True,False
c772af8f,2026-09-22T06:57:39.921582+00:00,stable,5.223024,200,True,False
c772af8f,2026-09-22T06:57:39.961669+00:00,stable,5.114871,200,True,False
c772af8f,2026-09-22T06:57:40.019649+00:00,stable,5.331528,200,True,False
c772af8f,2026-09-22T06:57:40.021606+00:00,stable,4.728339,200,True,False
c772af8f,2026-09-22T06:57:40.116923+00:00,stable,66.596346,200,True,False
c772af8f,2026-09-22T06:57:40.119931+00:00,stable,5.130475,200,True,False
c772af8f,2026-09-22T06:57:40.122106+00:00,stable,5.989719,200,True,False
c772af8f,2026-09-22T06:57:40.156112+00:00,stable,5.959153,200,True,False
c772af8f,2026-09-22T06:57:40.189399+00:00,stable,5.888353,200,True,False
c772af8f,2026-09-22T06:57:40.221561+00:00,stable,5.167472,200,True,False
c772af8f,2026-09-22T06:57:40.254521+00:00,stable,5.161647,200,True,False
c772af8f,2026-09-22T06:57:40.289977+00:00,stable,5.977758,200,True,False
c772af8f,2026-09-22T06:57:40.322659+00:00,stable,5.956355,200,True,False
c772af8f,2026-09-22T06:57:40.355863+00:00,stable,5.448101,200,True,False
c772af8f,2026-09-22T06:57:40.390262+00:00,stable,6.802456,200,True,False
c772af8f,2026-09-22T06:57:40.423312+00:00,stable,7.262379,200,True,False
c772af8f,2026-09-22T06:57:40.457164+00:00,stable,6.909367,200,True,False
c772af8f,2026-09-22T06:57:40.491212+00:00,stable,7.566996,200,True,False
c772af8f,2026-09-22T06:57:40.525722+00:00,stable,8.735447,200,True,False
c772af8f,2026-09-22T06:57:40.557506+00:00,stable,7.406053,200,True,False
c772af8f,2026-09-22T06:57:40.588658+00:00,stable,5.160991,200,True,False
c772af8f,2026-09-22T06:57:40.626464+00:00,stable,9.686677,200,True,False
c772af8f,2026-09-22T06:57:40.654295+00:00,stable,4.288165,200,True,False
c772af8f,2026-09-22T06:57:40.687198+00:00,stable,3.756359,200,True,False
c772af8f,2026-09-22T06:57:40.719678+00:00,stable,3.893524,200,True,False
c772af8f,2026-09-22T06:57:40.753047+00:00,stable,3.511838,200,True,False
c772af8f,2026-09-22T06:57:40.787874+00:00,stable,4.594185,200,True,False
c772af8f,2026-09-22T06:57:40.820530+00:00,stable,4.07584,200,True,False
c772af8f,2026-09-22T06:57:40.854138+00:00,stable,3.958762,200,True,False
c772af8f,2026-09-22T06:57:40.887270+00:00,stable,3.938477,200,True,False
c772af8f,2026-09-22T06:57:40.922795+00:00,stable,6.534629,200,True,False
c772af8f,2026-09-22T06:57:40.953254+00:00,stable,3.553582,200,True,False
c772af8f,2026-09-22T06:57:41.020568+00:00,stable,3.737008,200,True,False
c772af8f,2026-09-22T06:57:41.020577+00:00,stable,38.079077,200,True,False
c772af8f,2026-09-22T06:57:41.053730+00:00,stable,3.657531,200,True,False
c772af8f,2026-09-22T06:57:41.087205+00:00,stable,4.513772,200,True,False
c772af8f,2026-09-22T06:57:41.120531+00:00,stable,3.768365,200,True,False
c772af8f,2026-09-22T06:57:41.153599+00:00,stable,3.475306,200,True,False
c772af8f,2026-09-22T06:57:41.187042+00:00,stable,4.61027,200,True,False
c772af8f,2026-09-22T06:57:41.221264+00:00,stable,4.485291,200,True,False
c772af8f,2026-09-22T06:57:41.254021+00:00,stable,4.229952,200,True,False
c772af8f,2026-09-22T06:57:41.287026+00:00,stable,3.596657,200,True,False
c772af8f,2026-09-22T06:57:41.319746+00:00,stable,3.983785,200,True,False
c772af8f,2026-09-22T06:57:41.353599+00:00,stable,4.240566,200,True,False
c772af8f,2026-09-22T06:57:41.387426+00:00,stable,4.279702,200,True,False
c772af8f,2026-09-22T06:57:41.420032+00:00,stable,3.953766,200,True,False
c772af8f,2026-09-22T06:57:41.453467+00:00,stable,3.856138,200,True,False
c772af8f,2026-09-22T06:57:41.487216+00:00,stable,3.874259,200,True,False
c772af8f,2026-09-22T06:57:41.522753+00:00,stable,5.783362,200,True,False
c772af8f,2026-09-22T06:57:41.552962+00:00,stable,3.315204,200,True,False
c772af8f,2026-09-22T06:57:41.586480+00:00,stable,3.442833,200,True,False
c772af8f,2026-09-22T06:57:41.621336+00:00,stable,5.165013,200,True,False
c772af8f,2026-09-22T06:57:41.653543+00:00,stable,3.48576,200,True,False
c772af8f,2026-09-22T06:57:41.687728+00:00,stable,5.22149,200,True,False
c772af8f,2026-09-22T06:57:41.721499+00:00,stable,4.602983,200,True,False
c772af8f,2026-09-22T06:57:41.753888+00:00,stable,3.679579,200,True,False
c772af8f,2026-09-22T06:57:41.785977+00:00,stable,3.259372,200,True,False
c772af8f,2026-09-22T06:57:41.819672+00:00,stable,3.247133,200,True,False
c772af8f,2026-09-22T06:57:41.855133+00:00,stable,4.483887,200,True,False
c772af8f,2026-09-22T06:57:41.886347+00:00,stable,3.306508,200,True,False
c772af8f,2026-09-22T06:57:41.920900+00:00,stable,3.698238,200,True,False
c772af8f,2026-09-22T06:57:41.953006+00:00,stable,3.261512,200,True,False
c772af8f,2026-09-22T06:57:41.986745+00:00,stable,3.834191,200,True,False
c772af8f,2026-09-22T06:57:42.019529+00:00,stable,3.195446,200,True,False
c772af8f,2026-09-22T06:57:42.052827+00:00,stable,3.198121,200,True,False
c772af8f,2026-09-22T06:57:42.086457+00:00,stable,3.219591,200,True,False
c772af8f,2026-09-22T06:57:42.119687+00:00,stable,3.377452,200,True,False
c772af8f,2026-09-22T06:57:42.153834+00:00,stable,4.202265,200,True,False
c772af8f,2026-09-22T06:57:42.186704+00:00,stable,3.82695,200,True,False
c772af8f,2026-09-22T06:57:42.220477+00:00,stable,4.05568,200,True,False
c772af8f,2026-09-22T06:57:42.252993+00:00,stable,3.611389,200,True,False
c772af8f,2026-09-22T06:57:42.285794+00:00,stable,3.257683,200,True,False
c772af8f,2026-09-22T06:57:42.320034+00:00,stable,4.253506,200,True,False
c772af8f,2026-09-22T06:57:42.353157+00:00,stable,3.338604,200,True,False
c772af8f,2026-09-22T06:57:42.386633+00:00,stable,3.610077,200,True,False
c772af8f,2026-09-22T06:57:42.422277+00:00,stable,5.994264,200,True,False
c772af8f,2026-09-22T06:57:42.453838+00:00,stable,3.692791,200,True,False
c772af8f,2026-09-22T06:57:42.486466+00:00,stable,3.394092,200,True,False
c772af8f,2026-09-22T06:57:42.519376+00:00,stable,3.48655,200,True,False
c772af8f,2026-09-22T06:57:42.553478+00:00,stable,3.50858,200,True,False
c772af8f,2026-09-22T06:57:42.586841+00:00,stable,3.567808,200,True,False
c772af8f,2026-09-22T06:57:42.620002+00:00,stable,3.553932,200,True,False
c772af8f,2026-09-22T06:57:42.653050+00:00,stable,3.586214,200,True,False
c772af8f,2026-09-22T06:57:42.686796+00:00,stable,3.898513,200,True,False
c772af8f,2026-09-22T06:57:42.719926+00:00,stable,3.43614,200,True,False
c772af8f,2026-09-22T06:57:42.752897+00:00,stable,3.022411,200,True,False
c772af8f,2026-09-22T06:57:42.786792+00:00,stable,3.943106,200,True,False
c772af8f,2026-09-22T06:57:42.820072+00:00,stable,3.400471,200,True,False
c772af8f,2026-09-22T06:57:42.853830+00:00,stable,3.817311,200,True,False
c772af8f,2026-09-22T06:57:42.888114+00:00,stable,5.081049,200,True,False
c772af8f,2026-09-22T06:57:42.921602+00:00,stable,4.922767,200,True,False
c772af8f,2026-09-22T06:57:42.953518+00:00,stable,3.341232,200,True,False
c772af8f,2026-09-22T06:57:42.985677+00:00,stable,3.237117,200,True,False
c772af8f,2026-09-22T06:57:43.022896+00:00,stable,6.796428,200,True,False
c772af8f,2026-09-22T06:57:43.052540+00:00,stable,3.119967,200,True,False
c772af8f,2026-09-22T06:57:43.085855+00:00,stable,3.397314,200,True,False
c772af8f,2026-09-22T06:57:43.120651+00:00,stable,4.06254,200,True,False
c772af8f,2026-09-22T06:57:43.152741+00:00,stable,3.105875,200,True,False
c772af8f,2026-09-22T06:57:43.187622+00:00,stable,5.09462,200,True,False
c772af8f,2026-09-22T06:57:43.219397+00:00,stable,3.228759,200,True,False
c772af8f,2026-09-22T06:57:43.252896+00:00,stable,3.411563,200,True,False
c772af8f,2026-09-22T06:57:43.286823+00:00,stable,3.751496,200,True,False
c772af8f,2026-09-22T06:57:43.320118+00:00,stable,3.537729,200,True,False
c772af8f,2026-09-22T06:57:43.353474+00:00,stable,3.555313,200,True,False
c772af8f,2026-09-22T06:57:43.387279+00:00,stable,4.724789,200,True,False
c772af8f,2026-09-22T06:57:43.422690+00:00,stable,5.245601,200,True,False
c772af8f,2026-09-22T06:57:43.454180+00:00,stable,4.117595,200,True,False
c772af8f,2026-09-22T06:57:43.486728+00:00,stable,4.199215,200,True,False
c772af8f,2026-09-22T06:57:43.520277+00:00,stable,4.026848,200,True,False
c772af8f,2026-09-22T06:57:43.554030+00:00,stable,3.874559,200,True,False
c772af8f,2026-09-22T06:57:43.587064+00:00,stable,4.064487,200,True,False
c772af8f,2026-09-22T06:57:43.620601+00:00,stable,4.07713,200,True,False
c772af8f,2026-09-22T06:57:43.654967+00:00,stable,4.883613,200,True,False
c772af8f,2026-09-22T06:57:43.720927+00:00,stable,4.560684,200,True,False
c772af8f,2026-09-22T06:57:43.743994+00:00,stable,61.120167,200,True,False
c772af8f,2026-09-22T06:57:43.753991+00:00,stable,4.435418,200,True,False
c772af8f,2026-09-22T06:57:43.787936+00:00,stable,4.911145,200,True,False
c772af8f,2026-09-22T06:57:43.821705+00:00,stable,5.140944,200,True,False
c772af8f,2026-09-22T06:57:43.853514+00:00,stable,4.33701,200,True,False
c772af8f,2026-09-22T06:57:43.886679+00:00,stable,4.117059,200,True,False
c772af8f,2026-09-22T06:57:43.920717+00:00,stable,4.752365,200,True,False
c772af8f,2026-09-22T06:57:43.955501+00:00,stable,5.911669,200,True,False
c772af8f,2026-09-22T06:57:43.987710+00:00,stable,4.744051,200,True,False
c772af8f,2026-09-22T06:57:44.020409+00:00,stable,4.262386,200,True,False
c772af8f,2026-09-22T06:57:44.054025+00:00,stable,4.108783,200,True,False
c772af8f,2026-09-22T06:57:44.087788+00:00,stable,4.719923,200,True,False
c772af8f,2026-09-22T06:57:44.120403+00:00,stable,3.754413,200,True,False
c772af8f,2026-09-22T06:57:44.154150+00:00,stable,4.255818,200,True,False
c772af8f,2026-09-22T06:57:44.186972+00:00,stable,3.979142,200,True,False
c772af8f,2026-09-22T06:57:44.219979+00:00,stable,3.602467,200,True,False
c772af8f,2026-09-22T06:57:44.258680+00:00,stable,6.004362,200,True,False
c772af8f,2026-09-22T06:57:44.287563+00:00,stable,4.808054,200,True,False
c772af8f,2026-09-22T06:57:44.320596+00:00,stable,3.881383,200,True,False
c772af8f,2026-09-22T06:57:44.353985+00:00,stable,3.953816,200,True,False
c772af8f,2026-09-22T06:57:44.386607+00:00,stable,3.739932,200,True,False
c772af8f,2026-09-22T06:57:44.419653+00:00,stable,3.755559,200,True,False
c772af8f,2026-09-22T06:57:44.454334+00:00,stable,4.672551,200,True,False
c772af8f,2026-09-22T06:57:44.487485+00:00,stable,4.368558,200,True,False
c772af8f,2026-09-22T06:57:44.519064+00:00,stable,3.315508,200,True,False
c772af8f,2026-09-22T06:57:44.552821+00:00,stable,2.926992,200,True,False
c772af8f,2026-09-22T06:57:44.586424+00:00,stable,3.527936,200,True,False
c772af8f,2026-09-22T06:57:44.619407+00:00,stable,3.54117,200,True,False
c772af8f,2026-09-22T06:57:44.652547+00:00,stable,3.335088,200,True,False
c772af8f,2026-09-22T06:57:44.685830+00:00,stable,3.448228,200,True,False
c772af8f,2026-09-22T06:57:44.719869+00:00,stable,3.618884,200,True,False
c772af8f,2026-09-22T06:57:44.752939+00:00,stable,3.540195,200,True,False
c772af8f,2026-09-22T06:57:44.786285+00:00,stable,3.584815,200,True,False
c772af8f,2026-09-22T06:57:44.820188+00:00,stable,3.380527,200,True,False
c772af8f,2026-09-22T06:57:44.852919+00:00,stable,3.012437,200,True,False
c772af8f,2026-09-22T06:57:44.886013+00:00,stable,3.274546,200,True,False
c772af8f,2026-09-22T06:57:44.921221+00:00,stable,4.515991,200,True,False
c772af8f,2026-09-22T06:57:44.953772+00:00,stable,3.275854,200,True,False
c772af8f,2026-09-22T06:57:44.986016+00:00,stable,3.390473,200,True,False
c772af8f,2026-09-22T06:57:45.020090+00:00,stable,3.462986,200,True,False
c772af8f,2026-09-22T06:57:45.053085+00:00,stable,3.30926,200,True,False
c772af8f,2026-09-22T06:57:45.085973+00:00,stable,3.10552,200,True,False
c772af8f,2026-09-22T06:57:45.121119+00:00,stable,3.239696,200,True,False
c772af8f,2026-09-22T06:57:45.153138+00:00,stable,3.456959,200,True,False
c772af8f,2026-09-22T06:57:45.186260+00:00,stable,3.058166,200,True,False
c772af8f,2026-09-22T06:57:45.220086+00:00,stable,3.311253,200,True,False
c772af8f,2026-09-22T06:57:45.253004+00:00,stable,3.299842,200,True,False
c772af8f,2026-09-22T06:57:45.288331+00:00,stable,3.425573,200,True,False
c772af8f,2026-09-22T06:57:45.319972+00:00,stable,3.834229,200,True,False
c772af8f,2026-09-22T06:57:45.353134+00:00,stable,3.358038,200,True,False
c772af8f,2026-09-22T06:57:45.386319+00:00,stable,3.185215,200,True,False
c772af8f,2026-09-22T06:57:45.422104+00:00,stable,5.132399,200,True,False
c772af8f,2026-09-22T06:57:45.453571+00:00,stable,3.836012,200,True,False
c772af8f,2026-09-22T06:57:45.488114+00:00,stable,5.590609,200,True,False
c772af8f,2026-09-22T06:57:45.521356+00:00,stable,4.53506,200,True,False
c772af8f,2026-09-22T06:57:45.554246+00:00,stable,4.259537,200,True,False
c772af8f,2026-09-22T06:57:45.586309+00:00,stable,3.003673,200,True,False
c772af8f,2026-09-22T06:57:45.619982+00:00,stable,3.237134,200,True,False
c772af8f,2026-09-22T06:57:45.652439+00:00,stable,2.821807,200,True,False
c772af8f,2026-09-22T06:57:45.686118+00:00,stable,2.9526,200,True,False
c772af8f,2026-09-22T06:57:45.719684+00:00,stable,2.911776,200,True,False
c772af8f,2026-09-22T06:57:45.752294+00:00,stable,3.2284,200,True,False
c772af8f,2026-09-22T06:57:45.786323+00:00,stable,3.010606,200,True,False
c772af8f,2026-09-22T06:57:45.819225+00:00,stable,3.156241,200,True,False
c772af8f,2026-09-22T06:57:45.853613+00:00,stable,3.668804,200,True,False
c772af8f,2026-09-22T06:57:45.887043+00:00,stable,3.782923,200,True,False
c772af8f,2026-09-22T06:57:45.920723+00:00,stable,3.751919,200,True,False
c772af8f,2026-09-22T06:57:45.952769+00:00,stable,3.530519,200,True,False
c772af8f,2026-09-22T06:57:45.985378+00:00,stable,2.878434,200,True,False
c772af8f,2026-09-22T06:57:46.018906+00:00,stable,3.042933,200,True,False
c772af8f,2026-09-22T06:57:46.052588+00:00,stable,2.999061,200,True,False
c772af8f,2026-09-22T06:57:46.085619+00:00,stable,3.029573,200,True,False
c772af8f,2026-09-22T06:57:46.119167+00:00,stable,3.030542,200,True,False
c772af8f,2026-09-22T06:57:46.153076+00:00,stable,3.04292,200,True,False
c772af8f,2026-09-22T06:57:46.186172+00:00,stable,3.132936,200,True,False
c772af8f,2026-09-22T06:57:46.218971+00:00,stable,3.155313,200,True,False
c772af8f,2026-09-22T06:57:46.252961+00:00,stable,3.132767,200,True,False
c772af8f,2026-09-22T06:57:46.286010+00:00,stable,3.069986,200,True,False
c772af8f,2026-09-22T06:57:46.319768+00:00,stable,3.207159,200,True,False
c772af8f,2026-09-22T06:57:46.352936+00:00,stable,3.280431,200,True,False
c772af8f,2026-09-22T06:57:46.385733+00:00,stable,3.136239,200,True,False
c772af8f,2026-09-22T06:57:46.419398+00:00,stable,3.112994,200,True,False
c772af8f,2026-09-22T06:57:46.453177+00:00,stable,3.243347,200,True,False
c772af8f,2026-09-22T06:57:46.487971+00:00,stable,3.318032,200,True,False
c772af8f,2026-09-22T06:57:46.519811+00:00,stable,3.219226,200,True,False
c772af8f,2026-09-22T06:57:46.553051+00:00,stable,3.201396,200,True,False
c772af8f,2026-09-22T06:57:46.585668+00:00,stable,2.899356,200,True,False
c772af8f,2026-09-22T06:57:46.619834+00:00,stable,3.522981,200,True,False
c772af8f,2026-09-22T06:57:46.652929+00:00,stable,3.541752,200,True,False
c772af8f,2026-09-22T06:57:46.686088+00:00,stable,3.126639,200,True,False
c772af8f,2026-09-22T06:57:46.719528+00:00,stable,2.951779,200,True,False
c772af8f,2026-09-22T06:57:46.752921+00:00,stable,2.89475,200,True,False
c772af8f,2026-09-22T06:57:46.786873+00:00,stable,3.142283,200,True,False
c772af8f,2026-09-22T06:57:46.819681+00:00,stable,3.272242,200,True,False
c772af8f,2026-09-22T06:57:46.852524+00:00,stable,3.243867,200,True,False
c772af8f,2026-09-22T06:57:46.886619+00:00,stable,3.373417,200,True,False
c772af8f,2026-09-22T06:57:46.919893+00:00,stable,3.333721,200,True,False
c772af8f,2026-09-22T06:57:46.952752+00:00,stable,3.33103,200,True,False
c772af8f,2026-09-22T06:57:46.985719+00:00,stable,3.168147,200,True,False
c772af8f,2026-09-22T06:57:47.019637+00:00,stable,3.189568,200,True,False
c772af8f,2026-09-22T06:57:47.052592+00:00,stable,3.02315,200,True,False
c772af8f,2026-09-22T06:57:47.086659+00:00,stable,3.294501,200,True,False
c772af8f,2026-09-22T06:57:47.122678+00:00,stable,4.181855,200,True,False
c772af8f,2026-09-22T06:57:47.152722+00:00,stable,3.578508,200,True,False
c772af8f,2026-09-22T06:57:47.185750+00:00,stable,3.340327,200,True,False
c772af8f,2026-09-22T06:57:47.219970+00:00,stable,3.433812,200,True,False
c772af8f,2026-09-22T06:57:47.253549+00:00,stable,3.631512,200,True,False
c772af8f,2026-09-22T06:57:47.286671+00:00,stable,3.726351,200,True,False
c772af8f,2026-09-22T06:57:47.320157+00:00,stable,3.597068,200,True,False
c772af8f,2026-09-22T06:57:47.353142+00:00,stable,3.419358,200,True,False
c772af8f,2026-09-22T06:57:47.386350+00:00,stable,3.449787,200,True,False
c772af8f,2026-09-22T06:57:47.420235+00:00,stable,3.539984,200,True,False
c772af8f,2026-09-22T06:57:47.454565+00:00,stable,4.543787,200,True,False
c772af8f,2026-09-22T06:57:47.487080+00:00,stable,3.555421,200,True,False
c772af8f,2026-09-22T06:57:47.519967+00:00,stable,3.367185,200,True,False
c772af8f,2026-09-22T06:57:47.553515+00:00,stable,3.542081,200,True,False
c772af8f,2026-09-22T06:57:47.586979+00:00,stable,3.722948,200,True,False
c772af8f,2026-09-22T06:57:47.619780+00:00,stable,3.286232,200,True,False
c772af8f,2026-09-22T06:57:47.652939+00:00,stable,3.358038,200,True,False
c772af8f,2026-09-22T06:57:47.686272+00:00,stable,3.683633,200,True,False
c772af8f,2026-09-22T06:57:47.720302+00:00,stable,3.505936,200,True,False
c772af8f,2026-09-22T06:57:47.752934+00:00,stable,3.175214,200,True,False
c772af8f,2026-09-22T06:57:47.785912+00:00,stable,3.297354,200,True,False
c772af8f,2026-09-22T06:57:47.819863+00:00,stable,3.466505,200,True,False
c772af8f,2026-09-22T06:57:47.852784+00:00,stable,3.293258,200,True,False
c772af8f,2026-09-22T06:57:47.885962+00:00,stable,3.342881,200,True,False
c772af8f,2026-09-22T06:57:47.920080+00:00,stable,3.376965,200,True,False
c772af8f,2026-09-22T06:57:47.953252+00:00,stable,3.520035,200,True,False
c772af8f,2026-09-22T06:57:47.986853+00:00,stable,3.500343,200,True,False
c772af8f,2026-09-22T06:57:48.020003+00:00,stable,3.725859,200,True,False
c772af8f,2026-09-22T06:57:48.053853+00:00,stable,3.977584,200,True,False
c772af8f,2026-09-22T06:57:48.086905+00:00,stable,3.84527,200,True,False
c772af8f,2026-09-22T06:57:48.120071+00:00,stable,3.789159,200,True,False
c772af8f,2026-09-22T06:57:48.153181+00:00,stable,3.563549,200,True,False
c772af8f,2026-09-22T06:57:48.188087+00:00,stable,4.703838,200,True,False
c772af8f,2026-09-22T06:57:48.219874+00:00,stable,4.11099,200,True,False
c772af8f,2026-09-22T06:57:48.253185+00:00,stable,3.823877,200,True,False
c772af8f,2026-09-22T06:57:48.287616+00:00,stable,4.159441,200,True,False
c772af8f,2026-09-22T06:57:48.320511+00:00,stable,4.250288,200,True,False
c772af8f,2026-09-22T06:57:48.355483+00:00,stable,5.9267,200,True,False
c772af8f,2026-09-22T06:57:48.392088+00:00,stable,4.69996,200,True,False
c772af8f,2026-09-22T06:57:48.425538+00:00,stable,8.67884,200,True,False
c772af8f,2026-09-22T06:57:48.454320+00:00,stable,4.213539,200,True,False
c772af8f,2026-09-22T06:57:48.488486+00:00,stable,4.8491,200,True,False
c772af8f,2026-09-22T06:57:48.520610+00:00,stable,4.544416,200,True,False
c772af8f,2026-09-22T06:57:48.554114+00:00,stable,4.061667,200,True,False
c772af8f,2026-09-22T06:57:48.588485+00:00,stable,5.402657,200,True,False
c772af8f,2026-09-22T06:57:48.619931+00:00,stable,4.037449,200,True,False
c772af8f,2026-09-22T06:57:48.653510+00:00,stable,3.969632,200,True,False
c772af8f,2026-09-22T06:57:48.688384+00:00,stable,4.855227,200,True,False
c772af8f,2026-09-22T06:57:48.720431+00:00,stable,4.189463,200,True,False
c772af8f,2026-09-22T06:57:48.754416+00:00,stable,4.478795,200,True,False
c772af8f,2026-09-22T06:57:48.787055+00:00,stable,4.296554,200,True,False
c772af8f,2026-09-22T06:57:48.821273+00:00,stable,4.844015,200,True,False
c772af8f,2026-09-22T06:57:48.855765+00:00,stable,6.545956,200,True,False
c772af8f,2026-09-22T06:57:48.887733+00:00,stable,4.966798,200,True,False
c772af8f,2026-09-22T06:57:48.920293+00:00,stable,3.711244,200,True,False
c772af8f,2026-09-22T06:57:48.952685+00:00,stable,3.484212,200,True,False
c772af8f,2026-09-22T06:57:48.986428+00:00,stable,3.671183,200,True,False
c772af8f,2026-09-22T06:57:49.019589+00:00,stable,3.791922,200,True,False
c772af8f,2026-09-22T06:57:49.053369+00:00,stable,3.366627,200,True,False
c772af8f,2026-09-22T06:57:49.087895+00:00,stable,4.621311,200,True,False
c772af8f,2026-09-22T06:57:49.119657+00:00,stable,3.694836,200,True,False
c772af8f,2026-09-22T06:57:49.152498+00:00,stable,3.130825,200,True,False
c772af8f,2026-09-22T06:57:49.186938+00:00,stable,3.726389,200,True,False
c772af8f,2026-09-22T06:57:49.220055+00:00,stable,3.736517,200,True,False
c772af8f,2026-09-22T06:57:49.253074+00:00,stable,3.340998,200,True,False
c772af8f,2026-09-22T06:57:49.286031+00:00,stable,3.145924,200,True,False
c772af8f,2026-09-22T06:57:49.319897+00:00,stable,3.416493,200,True,False
c772af8f,2026-09-22T06:57:49.352260+00:00,stable,3.058554,200,True,False
c772af8f,2026-09-22T06:57:49.386208+00:00,stable,3.241454,200,True,False
c772af8f,2026-09-22T06:57:49.420277+00:00,stable,3.658642,200,True,False
c772af8f,2026-09-22T06:57:49.452916+00:00,stable,3.252036,200,True,False
c772af8f,2026-09-22T06:57:49.486071+00:00,stable,3.532771,200,True,False
c772af8f,2026-09-22T06:57:49.519675+00:00,stable,3.225823,200,True,False
c772af8f,2026-09-22T06:57:49.552856+00:00,stable,3.285113,200,True,False
c772af8f,2026-09-22T06:57:49.587487+00:00,stable,4.687245,200,True,False
c772af8f,2026-09-22T06:57:49.619563+00:00,stable,3.784711,200,True,False
c772af8f,2026-09-22T06:57:49.653240+00:00,stable,3.181238,200,True,False
c772af8f,2026-09-22T06:57:49.686692+00:00,stable,3.388212,200,True,False
c772af8f,2026-09-22T06:57:49.719494+00:00,stable,3.311797,200,True,False
c772af8f,2026-09-22T06:57:49.752559+00:00,stable,3.438175,200,True,False
c772af8f,2026-09-22T06:57:49.786114+00:00,stable,3.093548,200,True,False
c772af8f,2026-09-22T06:57:49.819872+00:00,stable,3.361227,200,True,False
c772af8f,2026-09-22T06:57:49.852826+00:00,stable,3.763435,200,True,False
c772af8f,2026-09-22T06:57:49.887384+00:00,stable,4.405131,200,True,False
c772af8f,2026-09-22T06:57:49.919977+00:00,stable,3.319797,200,True,False
c772af8f,2026-09-22T06:57:49.952351+00:00,stable,3.067305,200,True,False
c772af8f,2026-09-22T06:57:49.986507+00:00,stable,3.27964,200,True,False
c772af8f,2026-09-22T06:57:50.019283+00:00,stable,3.284099,200,True,False
c772af8f,2026-09-22T06:57:50.052135+00:00,stable,3.109911,200,True,False
c772af8f,2026-09-22T06:57:50.087443+00:00,stable,4.194016,200,True,False
c772af8f,2026-09-22T06:57:50.119599+00:00,stable,3.288755,200,True,False
c772af8f,2026-09-22T06:57:50.156795+00:00,stable,6.726754,200,True,False
c772af8f,2026-09-22T06:57:50.186444+00:00,stable,3.497168,200,True,False
c772af8f,2026-09-22T06:57:50.220443+00:00,stable,3.608133,200,True,False
c772af8f,2026-09-22T06:57:50.253316+00:00,stable,3.37159,200,True,False
c772af8f,2026-09-22T06:57:50.286481+00:00,stable,3.282817,200,True,False
c772af8f,2026-09-22T06:57:50.319752+00:00,stable,3.700704,200,True,False
c772af8f,2026-09-22T06:57:50.353601+00:00,stable,3.435335,200,True,False
c772af8f,2026-09-22T06:57:50.385948+00:00,stable,3.568033,200,True,False
c772af8f,2026-09-22T06:57:50.420830+00:00,stable,4.421385,200,True,False
c772af8f,2026-09-22T06:57:50.454803+00:00,stable,5.257728,200,True,False
c772af8f,2026-09-22T06:57:50.487957+00:00,stable,4.809693,200,True,False
c772af8f,2026-09-22T06:57:50.519476+00:00,stable,3.738515,200,True,False
c772af8f,2026-09-22T06:57:50.554332+00:00,stable,4.135619,200,True,False
c772af8f,2026-09-22T06:57:50.586497+00:00,stable,3.578702,200,True,False
c772af8f,2026-09-22T06:57:50.619242+00:00,stable,3.489557,200,True,False
c772af8f,2026-09-22T06:57:50.653598+00:00,stable,3.90239,200,True,False
c772af8f,2026-09-22T06:57:50.686721+00:00,stable,3.409092,200,True,False
c772af8f,2026-09-22T06:57:50.719658+00:00,stable,3.39546,200,True,False
c772af8f,2026-09-22T06:57:50.753593+00:00,stable,3.541179,200,True,False
c772af8f,2026-09-22T06:57:50.786865+00:00,stable,3.441194,200,True,False
c772af8f,2026-09-22T06:57:50.819998+00:00,stable,3.794843,200,True,False
c772af8f,2026-09-22T06:57:50.854770+00:00,stable,4.615479,200,True,False
c772af8f,2026-09-22T06:57:50.886212+00:00,stable,3.472599,200,True,False
c772af8f,2026-09-22T06:57:50.919671+00:00,stable,3.560179,200,True,False
c772af8f,2026-09-22T06:57:50.953284+00:00,stable,3.157749,200,True,False
c772af8f,2026-09-22T06:57:50.987031+00:00,stable,3.875286,200,True,False
c772af8f,2026-09-22T06:57:51.020007+00:00,stable,4.248893,200,True,False
c772af8f,2026-09-22T06:57:51.053687+00:00,stable,3.874959,200,True,False
c772af8f,2026-09-22T06:57:51.087119+00:00,stable,3.749347,200,True,False
c772af8f,2026-09-22T06:57:51.119888+00:00,stable,3.290564,200,True,False
c772af8f,2026-09-22T06:57:51.153229+00:00,stable,3.609672,200,True,False
c772af8f,2026-09-22T06:57:51.187143+00:00,stable,3.827331,200,True,False
c772af8f,2026-09-22T06:57:51.220912+00:00,stable,4.33698,200,True,False
c772af8f,2026-09-22T06:57:51.252980+00:00,stable,3.926468,200,True,False
c772af8f,2026-09-22T06:57:51.286469+00:00,stable,3.269002,200,True,False
c772af8f,2026-09-22T06:57:51.321225+00:00,stable,3.649637,200,True,False
c772af8f,2026-09-22T06:57:51.352776+00:00,stable,3.075744,200,True,False
c772af8f,2026-09-22T06:57:51.385943+00:00,stable,3.16279,200,True,False
c772af8f,2026-09-22T06:57:51.420807+00:00,stable,4.227227,200,True,False
c772af8f,2026-09-22T06:57:51.453032+00:00,stable,3.671773,200,True,False
c772af8f,2026-09-22T06:57:51.488089+00:00,stable,4.734893,200,True,False
c772af8f,2026-09-22T06:57:51.521051+00:00,stable,4.39588,200,True,False
c772af8f,2026-09-22T06:57:51.553174+00:00,stable,3.218392,200,True,False
c772af8f,2026-09-22T06:57:51.586178+00:00,stable,2.961811,200,True,False
c772af8f,2026-09-22T06:57:51.619983+00:00,stable,3.232402,200,True,False
c772af8f,2026-09-22T06:57:51.652258+00:00,stable,2.929437,200,True,False
c772af8f,2026-09-22T06:57:51.686610+00:00,stable,3.590034,200,True,False
c772af8f,2026-09-22T06:57:51.719372+00:00,stable,3.179197,200,True,False
c772af8f,2026-09-22T06:57:51.753029+00:00,stable,3.000217,200,True,False
c772af8f,2026-09-22T06:57:51.786211+00:00,stable,3.142988,200,True,False
c772af8f,2026-09-22T06:57:51.819736+00:00,stable,2.962855,200,True,False
c772af8f,2026-09-22T06:57:51.852235+00:00,stable,3.167242,200,True,False
c772af8f,2026-09-22T06:57:51.886378+00:00,stable,3.182805,200,True,False
c772af8f,2026-09-22T06:57:51.918858+00:00,stable,3.152372,200,True,False
c772af8f,2026-09-22T06:57:51.952388+00:00,stable,2.913567,200,True,False
c772af8f,2026-09-22T06:57:51.986382+00:00,stable,3.176284,200,True,False
c772af8f,2026-09-22T06:57:52.018688+00:00,stable,2.919055,200,True,False
c772af8f,2026-09-22T06:57:52.052205+00:00,stable,3.00008,200,True,False
c772af8f,2026-09-22T06:57:52.086793+00:00,stable,3.335932,200,True,False
c772af8f,2026-09-22T06:57:52.121946+00:00,stable,4.423777,200,True,False
c772af8f,2026-09-22T06:57:52.152456+00:00,stable,3.00037,200,True,False
c772af8f,2026-09-22T06:57:52.186401+00:00,stable,3.085989,200,True,False
c772af8f,2026-09-22T06:57:52.219170+00:00,stable,3.046817,200,True,False
c772af8f,2026-09-22T06:57:52.253642+00:00,stable,3.437605,200,True,False
c772af8f,2026-09-22T06:57:52.285991+00:00,stable,3.44234,200,True,False
c772af8f,2026-09-22T06:57:52.319830+00:00,stable,3.264743,200,True,False
c772af8f,2026-09-22T06:57:52.352405+00:00,stable,2.992311,200,True,False
c772af8f,2026-09-22T06:57:52.386534+00:00,stable,3.26171,200,True,False
c772af8f,2026-09-22T06:57:52.419561+00:00,stable,3.356485,200,True,False
c772af8f,2026-09-22T06:57:52.453808+00:00,stable,3.660988,200,True,False
c772af8f,2026-09-22T06:57:52.486559+00:00,stable,3.494247,200,True,False
c772af8f,2026-09-22T06:57:52.521210+00:00,stable,4.538496,200,True,False
c772af8f,2026-09-22T06:57:52.563284+00:00,stable,13.559688,200,True,False
c772af8f,2026-09-22T06:57:52.616835+00:00,stable,31.379929,200,True,False
c772af8f,2026-09-22T06:57:52.622164+00:00,stable,4.926185,200,True,False
c772af8f,2026-09-22T06:57:52.654171+00:00,stable,4.249863,200,True,False
c772af8f,2026-09-22T06:57:52.715824+00:00,stable,5.116173,200,True,False
c772af8f,2026-09-22T06:57:52.716937+00:00,stable,3.979046,200,True,False
c772af8f,2026-09-22T06:57:52.751146+00:00,stable,5.316806,200,True,False
c772af8f,2026-09-22T06:57:52.815993+00:00,stable,4.780694,200,True,False
c772af8f,2026-09-22T06:57:52.817392+00:00,stable,6.005895,200,True,False
c772af8f,2026-09-22T06:57:52.850018+00:00,stable,5.259253,200,True,False
c772af8f,2026-09-22T06:57:52.883328+00:00,stable,4.338264,200,True,False
c772af8f,2026-09-22T06:57:52.917118+00:00,stable,4.996564,200,True,False
c772af8f,2026-09-22T06:57:52.949482+00:00,stable,3.896534,200,True,False
c772af8f,2026-09-22T06:57:52.983438+00:00,stable,4.892996,200,True,False
c772af8f,2026-09-22T06:57:53.016786+00:00,stable,4.373983,200,True,False
c772af8f,2026-09-22T06:57:53.049608+00:00,stable,4.325902,200,True,False
c772af8f,2026-09-22T06:57:53.085551+00:00,stable,6.655551,200,True,False
c772af8f,2026-09-22T06:57:53.117168+00:00,stable,5.437722,200,True,False
c772af8f,2026-09-22T06:57:53.150762+00:00,stable,5.398799,200,True,False
c772af8f,2026-09-22T06:57:53.183087+00:00,stable,4.302852,200,True,False
c772af8f,2026-09-22T06:57:53.229385+00:00,stable,17.812312,200,True,False
c772af8f,2026-09-22T06:57:53.248729+00:00,stable,4.022511,200,True,False
c772af8f,2026-09-22T06:57:53.311971+00:00,stable,32.903247,200,True,False
c772af8f,2026-09-22T06:57:53.316296+00:00,stable,4.925981,200,True,False
c772af8f,2026-09-22T06:57:53.350391+00:00,stable,5.003766,200,True,False
c772af8f,2026-09-22T06:57:53.409789+00:00,stable,31.134328,200,True,False
c772af8f,2026-09-22T06:57:53.418722+00:00,stable,5.639374,200,True,False
c772af8f,2026-09-22T06:57:53.449683+00:00,stable,4.080442,200,True,False
c772af8f,2026-09-22T06:57:53.483594+00:00,stable,4.742735,200,True,False
c772af8f,2026-09-22T06:57:53.516608+00:00,stable,5.197485,200,True,False
c772af8f,2026-09-22T06:57:53.550128+00:00,stable,4.973538,200,True,False
c772af8f,2026-09-22T06:57:53.582774+00:00,stable,4.707893,200,True,False
c772af8f,2026-09-22T06:57:53.622220+00:00,stable,9.808823,200,True,False
c772af8f,2026-09-22T06:57:53.650737+00:00,stable,5.229359,200,True,False
c772af8f,2026-09-22T06:57:53.714505+00:00,stable,36.235448,200,True,False
c772af8f,2026-09-22T06:57:53.717620+00:00,stable,5.768846,200,True,False
c772af8f,2026-09-22T06:57:53.754548+00:00,stable,9.233728,200,True,False
c772af8f,2026-09-22T06:57:53.783621+00:00,stable,4.794756,200,True,False
c772af8f,2026-09-22T06:57:53.817101+00:00,stable,4.853155,200,True,False
c772af8f,2026-09-22T06:57:53.850559+00:00,stable,4.905436,200,True,False
c772af8f,2026-09-22T06:57:53.882938+00:00,stable,4.36472,200,True,False
c772af8f,2026-09-22T06:57:53.931858+00:00,stable,19.035354,200,True,False
c772af8f,2026-09-22T06:57:53.950700+00:00,stable,5.717716,200,True,False
c772af8f,2026-09-22T06:57:53.981980+00:00,stable,4.03998,200,True,False
c772af8f,2026-09-22T06:57:54.016517+00:00,stable,4.964198,200,True,False
c772af8f,2026-09-22T06:57:54.049578+00:00,stable,4.364714,200,True,False
c772af8f,2026-09-22T06:57:54.088497+00:00,stable,9.53314,200,True,False
c772af8f,2026-09-22T06:57:54.116546+00:00,stable,4.425074,200,True,False
c772af8f,2026-09-22T06:57:54.149295+00:00,stable,4.088259,200,True,False
c772af8f,2026-09-22T06:57:54.182273+00:00,stable,3.785357,200,True,False
c772af8f,2026-09-22T06:57:54.217066+00:00,stable,5.006209,200,True,False
c772af8f,2026-09-22T06:57:54.249037+00:00,stable,4.112908,200,True,False
c772af8f,2026-09-22T06:57:54.282613+00:00,stable,3.782376,200,True,False
c772af8f,2026-09-22T06:57:54.316245+00:00,stable,3.912884,200,True,False
c772af8f,2026-09-22T06:57:54.348457+00:00,stable,3.832906,200,True,False
c772af8f,2026-09-22T06:57:54.382168+00:00,stable,3.559053,200,True,False
c772af8f,2026-09-22T06:57:54.415629+00:00,stable,3.788545,200,True,False
c772af8f,2026-09-22T06:57:54.449181+00:00,stable,3.799046,200,True,False
c772af8f,2026-09-22T06:57:54.482874+00:00,stable,3.678358,200,True,False
c772af8f,2026-09-22T06:57:54.516527+00:00,stable,4.202222,200,True,False
c772af8f,2026-09-22T06:57:54.551387+00:00,stable,4.032661,200,True,False
c772af8f,2026-09-22T06:57:54.613954+00:00,stable,35.012514,200,True,False
c772af8f,2026-09-22T06:57:54.615991+00:00,stable,4.704319,200,True,False
c772af8f,2026-09-22T06:57:54.649018+00:00,stable,4.293755,200,True,False
c772af8f,2026-09-22T06:57:54.713964+00:00,stable,34.99127,200,True,False
c772af8f,2026-09-22T06:57:54.718145+00:00,stable,3.775834,200,True,False
c772af8f,2026-09-22T06:57:54.813261+00:00,stable,68.234761,200,True,False
c772af8f,2026-09-22T06:57:54.816993+00:00,stable,4.924919,200,True,False
c772af8f,2026-09-22T06:57:54.827556+00:00,stable,17.03543,200,True,False
c772af8f,2026-09-22T06:57:54.852571+00:00,stable,3.654198,200,True,False
c772af8f,2026-09-22T06:57:54.913808+00:00,stable,3.97244,200,True,False
c772af8f,2026-09-22T06:57:54.914511+00:00,stable,3.182247,200,True,False
c772af8f,2026-09-22T06:57:54.949585+00:00,stable,3.891261,200,True,False
c772af8f,2026-09-22T06:57:54.982035+00:00,stable,4.037335,200,True,False
c772af8f,2026-09-22T06:57:55.016131+00:00,stable,4.779112,200,True,False
c772af8f,2026-09-22T06:57:55.049213+00:00,stable,4.180703,200,True,False
c772af8f,2026-09-22T06:57:55.082347+00:00,stable,3.598964,200,True,False
c772af8f,2026-09-22T06:57:55.116411+00:00,stable,4.12651,200,True,False
c772af8f,2026-09-22T06:57:55.148342+00:00,stable,3.444265,200,True,False
c772af8f,2026-09-22T06:57:55.181418+00:00,stable,3.409932,200,True,False
c772af8f,2026-09-22T06:57:55.217360+00:00,stable,5.203688,200,True,False
c772af8f,2026-09-22T06:57:55.248541+00:00,stable,3.507134,200,True,False
c772af8f,2026-09-22T06:57:55.282559+00:00,stable,3.522685,200,True,False
c772af8f,2026-09-22T06:57:55.314788+00:00,stable,3.425887,200,True,False
c772af8f,2026-09-22T06:57:55.348800+00:00,stable,3.563689,200,True,False
c772af8f,2026-09-22T06:57:55.382368+00:00,stable,3.639626,200,True,False
c772af8f,2026-09-22T06:57:55.416110+00:00,stable,4.214072,200,True,False
c772af8f,2026-09-22T06:57:55.448699+00:00,stable,3.955147,200,True,False
c772af8f,2026-09-22T06:57:55.482158+00:00,stable,3.650237,200,True,False
c772af8f,2026-09-22T06:57:55.515618+00:00,stable,3.640246,200,True,False
c772af8f,2026-09-22T06:57:55.548734+00:00,stable,3.412632,200,True,False
c772af8f,2026-09-22T06:57:55.581957+00:00,stable,3.693419,200,True,False
c772af8f,2026-09-22T06:57:55.614899+00:00,stable,3.537382,200,True,False
c772af8f,2026-09-22T06:57:55.648537+00:00,stable,3.351026,200,True,False
c772af8f,2026-09-22T06:57:55.681748+00:00,stable,3.458607,200,True,False
c772af8f,2026-09-22T06:57:55.715066+00:00,stable,3.784734,200,True,False
c772af8f,2026-09-22T06:57:55.749776+00:00,stable,4.254827,200,True,False
c772af8f,2026-09-22T06:57:55.782147+00:00,stable,3.29751,200,True,False
c772af8f,2026-09-22T06:57:55.815194+00:00,stable,3.668724,200,True,False
c772af8f,2026-09-22T06:57:55.848659+00:00,stable,3.656249,200,True,False
c772af8f,2026-09-22T06:57:55.882440+00:00,stable,3.983757,200,True,False
c772af8f,2026-09-22T06:57:55.918207+00:00,stable,6.387236,200,True,False
c772af8f,2026-09-22T06:57:55.949395+00:00,stable,4.184792,200,True,False
c772af8f,2026-09-22T06:57:55.981534+00:00,stable,3.249461,200,True,False
c772af8f,2026-09-22T06:57:56.018072+00:00,stable,6.109452,200,True,False
c772af8f,2026-09-22T06:57:56.048650+00:00,stable,3.451078,200,True,False
c772af8f,2026-09-22T06:57:56.081567+00:00,stable,3.223551,200,True,False
c772af8f,2026-09-22T06:57:56.117033+00:00,stable,4.933583,200,True,False
c772af8f,2026-09-22T06:57:56.148915+00:00,stable,3.360785,200,True,False
c772af8f,2026-09-22T06:57:56.181902+00:00,stable,3.312619,200,True,False
c772af8f,2026-09-22T06:57:56.215693+00:00,stable,4.378891,200,True,False
c772af8f,2026-09-22T06:57:56.249137+00:00,stable,3.591525,200,True,False
c772af8f,2026-09-22T06:57:56.282179+00:00,stable,3.28402,200,True,False
c772af8f,2026-09-22T06:57:56.316594+00:00,stable,4.530903,200,True,False
c772af8f,2026-09-22T06:57:56.347785+00:00,stable,3.248187,200,True,False
c772af8f,2026-09-22T06:57:56.382109+00:00,stable,3.456545,200,True,False
c772af8f,2026-09-22T06:57:56.416202+00:00,stable,4.393054,200,True,False
c772af8f,2026-09-22T06:57:56.449469+00:00,stable,3.845057,200,True,False
c772af8f,2026-09-22T06:57:56.481796+00:00,stable,3.639849,200,True,False
c772af8f,2026-09-22T06:57:56.515741+00:00,stable,3.485249,200,True,False
c772af8f,2026-09-22T06:57:56.548363+00:00,stable,3.41428,200,True,False
c772af8f,2026-09-22T06:57:56.581422+00:00,stable,3.352279,200,True,False
c772af8f,2026-09-22T06:57:56.615802+00:00,stable,3.904452,200,True,False
c772af8f,2026-09-22T06:57:56.650959+00:00,stable,5.789497,200,True,False
c772af8f,2026-09-22T06:57:56.716140+00:00,stable,4.669717,200,True,False
c772af8f,2026-09-22T06:57:56.717502+00:00,stable,5.79744,200,True,False
c772af8f,2026-09-22T06:57:56.813946+00:00,stable,68.663414,200,True,False
c772af8f,2026-09-22T06:57:56.815471+00:00,stable,5.538426,200,True,False
c772af8f,2026-09-22T06:57:56.815671+00:00,stable,4.233605,200,True,False
c772af8f,2026-09-22T06:57:56.914686+00:00,stable,4.38837,200,True,False
c772af8f,2026-09-22T06:57:56.914916+00:00,stable,4.932451,200,True,False
c772af8f,2026-09-22T06:57:56.916814+00:00,stable,4.268777,200,True,False
c772af8f,2026-09-22T06:57:56.949831+00:00,stable,4.410889,200,True,False
c772af8f,2026-09-22T06:57:57.011597+00:00,stable,32.740057,200,True,False
c772af8f,2026-09-22T06:57:57.015795+00:00,stable,4.023143,200,True,False
c772af8f,2026-09-22T06:57:57.049017+00:00,stable,4.102295,200,True,False
c772af8f,2026-09-22T06:57:57.083104+00:00,stable,4.276431,200,True,False
c772af8f,2026-09-22T06:57:57.117806+00:00,stable,4.95433,200,True,False
c772af8f,2026-09-22T06:57:57.150530+00:00,stable,4.963368,200,True,False
c772af8f,2026-09-22T06:57:57.184039+00:00,stable,5.423671,200,True,False
c772af8f,2026-09-22T06:57:57.216427+00:00,stable,4.71318,200,True,False
c772af8f,2026-09-22T06:57:57.250728+00:00,stable,5.580948,200,True,False
c772af8f,2026-09-22T06:57:57.284163+00:00,stable,5.239957,200,True,False
c772af8f,2026-09-22T06:57:57.316299+00:00,stable,4.697476,200,True,False
c772af8f,2026-09-22T06:57:57.355713+00:00,stable,10.350198,200,True,False
c772af8f,2026-09-22T06:57:57.383528+00:00,stable,5.198996,200,True,False
c772af8f,2026-09-22T06:57:57.422018+00:00,stable,10.058928,200,True,False
c772af8f,2026-09-22T06:57:57.451328+00:00,stable,5.643213,200,True,False
c772af8f,2026-09-22T06:57:57.484148+00:00,stable,5.558434,200,True,False
c772af8f,2026-09-22T06:57:57.517377+00:00,stable,5.660784,200,True,False
c772af8f,2026-09-22T06:57:57.551290+00:00,stable,5.975796,200,True,False
c772af8f,2026-09-22T06:57:57.583970+00:00,stable,5.001462,200,True,False
c772af8f,2026-09-22T06:57:57.617692+00:00,stable,5.29861,200,True,False
c772af8f,2026-09-22T06:57:57.650403+00:00,stable,5.048395,200,True,False
c772af8f,2026-09-22T06:57:57.683555+00:00,stable,5.302083,200,True,False
c772af8f,2026-09-22T06:57:57.718172+00:00,stable,5.827942,200,True,False
c772af8f,2026-09-22T06:57:57.749851+00:00,stable,4.637083,200,True,False
c772af8f,2026-09-22T06:57:57.784338+00:00,stable,5.371618,200,True,False
c772af8f,2026-09-22T06:57:57.818791+00:00,stable,6.759305,200,True,False
c772af8f,2026-09-22T06:57:57.849172+00:00,stable,4.628249,200,True,False
c772af8f,2026-09-22T06:57:57.884072+00:00,stable,5.106202,200,True,False
c772af8f,2026-09-22T06:57:57.916956+00:00,stable,5.151481,200,True,False
c772af8f,2026-09-22T06:57:57.949041+00:00,stable,3.781228,200,True,False
c772af8f,2026-09-22T06:57:57.983215+00:00,stable,4.342619,200,True,False
c772af8f,2026-09-22T06:57:58.016279+00:00,stable,4.478969,200,True,False
c772af8f,2026-09-22T06:57:58.049789+00:00,stable,4.416521,200,True,False
c772af8f,2026-09-22T06:57:58.082699+00:00,stable,4.083201,200,True,False
c772af8f,2026-09-22T06:57:58.119482+00:00,stable,7.140738,200,True,False
c772af8f,2026-09-22T06:57:58.152980+00:00,stable,4.336904,200,True,False
c772af8f,2026-09-22T06:57:58.214331+00:00,stable,4.277525,200,True,False
c772af8f,2026-09-22T06:57:58.215168+00:00,stable,3.949769,200,True,False
c772af8f,2026-09-22T06:57:58.250625+00:00,stable,5.58969,200,True,False
c772af8f,2026-09-22T06:57:58.317494+00:00,stable,39.00118,200,True,False
c772af8f,2026-09-22T06:57:58.317541+00:00,stable,5.585852,200,True,False
c772af8f,2026-09-22T06:57:58.351195+00:00,stable,6.005182,200,True,False
c772af8f,2026-09-22T06:57:58.383338+00:00,stable,4.394868,200,True,False
c772af8f,2026-09-22T06:57:58.416066+00:00,stable,4.164595,200,True,False
c772af8f,2026-09-22T06:57:58.450225+00:00,stable,4.724606,200,True,False
c772af8f,2026-09-22T06:57:58.483871+00:00,stable,4.736787,200,True,False
c772af8f,2026-09-22T06:57:58.517310+00:00,stable,5.029089,200,True,False
c772af8f,2026-09-22T06:57:58.549046+00:00,stable,3.993338,200,True,False
c772af8f,2026-09-22T06:57:58.584754+00:00,stable,5.66197,200,True,False
c772af8f,2026-09-22T06:57:58.615520+00:00,stable,3.91554,200,True,False
c772af8f,2026-09-22T06:57:58.650499+00:00,stable,5.273102,200,True,False
c772af8f,2026-09-22T06:57:58.683053+00:00,stable,4.196465,200,True,False
c772af8f,2026-09-22T06:57:58.716240+00:00,stable,4.346598,200,True,False
c772af8f,2026-09-22T06:57:58.749653+00:00,stable,3.849654,200,True,False
c772af8f,2026-09-22T06:57:58.783635+00:00,stable,4.954887,200,True,False
c772af8f,2026-09-22T06:57:58.816443+00:00,stable,4.334036,200,True,False
c772af8f,2026-09-22T06:57:58.848797+00:00,stable,3.869083,200,True,False
c772af8f,2026-09-22T06:57:58.882422+00:00,stable,3.88088,200,True,False
c772af8f,2026-09-22T06:57:58.916548+00:00,stable,4.118323,200,True,False
c772af8f,2026-09-22T06:57:58.948923+00:00,stable,3.74315,200,True,False
c772af8f,2026-09-22T06:57:58.982873+00:00,stable,4.088413,200,True,False
c772af8f,2026-09-22T06:57:59.031938+00:00,stable,19.683608,200,True,False
c772af8f,2026-09-22T06:57:59.049388+00:00,stable,3.943458,200,True,False
c772af8f,2026-09-22T06:57:59.110734+00:00,stable,32.758975,200,True,False
c772af8f,2026-09-22T06:57:59.115884+00:00,stable,4.656631,200,True,False
c772af8f,2026-09-22T06:57:59.152357+00:00,stable,6.733831,200,True,False
c772af8f,2026-09-22T06:57:59.183078+00:00,stable,4.253942,200,True,False
c772af8f,2026-09-22T06:57:59.215285+00:00,stable,3.756296,200,True,False
c772af8f,2026-09-22T06:57:59.248637+00:00,stable,3.916446,200,True,False
c772af8f,2026-09-22T06:57:59.282286+00:00,stable,3.717752,200,True,False
c772af8f,2026-09-22T06:57:59.315390+00:00,stable,3.70215,200,True,False
c772af8f,2026-09-22T06:57:59.348810+00:00,stable,3.892778,200,True,False
c772af8f,2026-09-22T06:57:59.382925+00:00,stable,4.021832,200,True,False
c772af8f,2026-09-22T06:57:59.415288+00:00,stable,3.944836,200,True,False
c772af8f,2026-09-22T06:57:59.448657+00:00,stable,3.963916,200,True,False
c772af8f,2026-09-22T06:57:59.482101+00:00,stable,3.792936,200,True,False
c772af8f,2026-09-22T06:57:59.516313+00:00,stable,4.761761,200,True,False
c772af8f,2026-09-22T06:57:59.549673+00:00,stable,4.963166,200,True,False
c772af8f,2026-09-22T06:57:59.585196+00:00,stable,7.084518,200,True,False
c772af8f,2026-09-22T06:57:59.615980+00:00,stable,4.350149,200,True,False
c772af8f,2026-09-22T06:57:59.650147+00:00,stable,4.510927,200,True,False
c772af8f,2026-09-22T06:57:59.683524+00:00,stable,4.568217,200,True,False
c772af8f,2026-09-22T06:57:59.717554+00:00,stable,5.436907,200,True,False
c772af8f,2026-09-22T06:57:59.749111+00:00,stable,4.121354,200,True,False
c772af8f,2026-09-22T06:57:59.783517+00:00,stable,4.478132,200,True,False
c772af8f,2026-09-22T06:57:59.815603+00:00,stable,4.227137,200,True,False
c772af8f,2026-09-22T06:57:59.856732+00:00,stable,10.844223,200,True,False
c772af8f,2026-09-22T06:57:59.883787+00:00,stable,4.707128,200,True,False
c772af8f,2026-09-22T06:57:59.918145+00:00,stable,5.607339,200,True,False
c772af8f,2026-09-22T06:57:59.950778+00:00,stable,5.046015,200,True,False
c772af8f,2026-09-22T06:57:59.983377+00:00,stable,4.376005,200,True,False
c772af8f,2026-09-22T06:58:00.027844+00:00,stable,5.034611,200,True,False
c772af8f,2026-09-22T06:58:00.049922+00:00,stable,4.223396,200,True,False
c772af8f,2026-09-22T06:58:00.083301+00:00,stable,4.390655,200,True,False
c772af8f,2026-09-22T06:58:00.119661+00:00,stable,7.648649,200,True,False
c772af8f,2026-09-22T06:58:00.149708+00:00,stable,4.354516,200,True,False
c772af8f,2026-09-22T06:58:00.182956+00:00,stable,4.259958,200,True,False
c772af8f,2026-09-22T06:58:00.217085+00:00,stable,5.729928,200,True,False
c772af8f,2026-09-22T06:58:00.250470+00:00,stable,4.699291,200,True,False
c772af8f,2026-09-22T06:58:00.286457+00:00,stable,5.907907,200,True,False
c772af8f,2026-09-22T06:58:00.316915+00:00,stable,5.4778,200,True,False
c772af8f,2026-09-22T06:58:00.350422+00:00,stable,4.624762,200,True,False
c772af8f,2026-09-22T06:58:00.386883+00:00,stable,7.931758,200,True,False
c772af8f,2026-09-22T06:58:00.417127+00:00,stable,5.723429,200,True,False
c772af8f,2026-09-22T06:58:00.450484+00:00,stable,4.80907,200,True,False
c772af8f,2026-09-22T06:58:00.484206+00:00,stable,5.452478,200,True,False
c772af8f,2026-09-22T06:58:00.524236+00:00,stable,12.184332,200,True,False
c772af8f,2026-09-22T06:58:00.552289+00:00,stable,7.480605,200,True,False
c772af8f,2026-09-22T06:58:00.586199+00:00,stable,7.382372,200,True,False
c772af8f,2026-09-22T06:58:00.621969+00:00,stable,9.394255,200,True,False
c772af8f,2026-09-22T06:58:00.653696+00:00,stable,7.719738,200,True,False
c772af8f,2026-09-22T06:58:00.689309+00:00,stable,9.994523,200,True,False
c772af8f,2026-09-22T06:58:00.732036+00:00,stable,19.435234,200,True,False
c772af8f,2026-09-22T06:58:00.819663+00:00,stable,9.587631,200,True,False
c772af8f,2026-09-22T06:58:00.821639+00:00,stable,9.388373,200,True,False
c772af8f,2026-09-22T06:58:00.830619+00:00,stable,20.545495,200,True,False
c772af8f,2026-09-22T06:58:00.921173+00:00,stable,10.433604,200,True,False
c772af8f,2026-09-22T06:58:00.922938+00:00,stable,11.525686,200,True,False
c772af8f,2026-09-22T06:58:01.013204+00:00,stable,103.243209,200,True,False
c772af8f,2026-09-22T06:58:01.020358+00:00,stable,6.004283,200,True,False
c772af8f,2026-09-22T06:58:01.020657+00:00,stable,6.965496,200,True,False
c772af8f,2026-09-22T06:58:01.031890+00:00,stable,18.810989,200,True,False
c772af8f,2026-09-22T06:58:01.115042+00:00,stable,5.209963,200,True,False
c772af8f,2026-09-22T06:58:01.116447+00:00,stable,6.215659,200,True,False
c772af8f,2026-09-22T06:58:01.127818+00:00,stable,16.676076,200,True,False
c772af8f,2026-09-22T06:58:01.148808+00:00,stable,3.32364,200,True,False
c772af8f,2026-09-22T06:58:01.213617+00:00,stable,3.51871,200,True,False
c772af8f,2026-09-22T06:58:01.216563+00:00,stable,4.896292,200,True,False
c772af8f,2026-09-22T06:58:01.249665+00:00,stable,4.389134,200,True,False
c772af8f,2026-09-22T06:58:01.314564+00:00,stable,4.646247,200,True,False
c772af8f,2026-09-22T06:58:01.315730+00:00,stable,4.192223,200,True,False
c772af8f,2026-09-22T06:58:01.347990+00:00,stable,3.44983,200,True,False
c772af8f,2026-09-22T06:58:01.382870+00:00,stable,4.122694,200,True,False
c772af8f,2026-09-22T06:58:01.418821+00:00,stable,6.377581,200,True,False
c772af8f,2026-09-22T06:58:01.450074+00:00,stable,4.342368,200,True,False
c772af8f,2026-09-22T06:58:01.484575+00:00,stable,5.578544,200,True,False
c772af8f,2026-09-22T06:58:01.517482+00:00,stable,5.275704,200,True,False
c772af8f,2026-09-22T06:58:01.548817+00:00,stable,3.774177,200,True,False
c772af8f,2026-09-22T06:58:01.582736+00:00,stable,4.060812,200,True,False
c772af8f,2026-09-22T06:58:01.616393+00:00,stable,4.821751,200,True,False
c772af8f,2026-09-22T06:58:01.649551+00:00,stable,4.552485,200,True,False
c772af8f,2026-09-22T06:58:01.683149+00:00,stable,4.737461,200,True,False
c772af8f,2026-09-22T06:58:01.716694+00:00,stable,4.393012,200,True,False
c772af8f,2026-09-22T06:58:01.749211+00:00,stable,4.606503,200,True,False
c772af8f,2026-09-22T06:58:01.782249+00:00,stable,4.359777,200,True,False
c772af8f,2026-09-22T06:58:01.816135+00:00,stable,4.27866,200,True,False
c772af8f,2026-09-22T06:58:01.849636+00:00,stable,4.378017,200,True,False
c772af8f,2026-09-22T06:58:01.883155+00:00,stable,4.49836,200,True,False
c772af8f,2026-09-22T06:58:01.916543+00:00,stable,4.770578,200,True,False
c772af8f,2026-09-22T06:58:01.950843+00:00,stable,5.411825,200,True,False
c772af8f,2026-09-22T06:58:01.983265+00:00,stable,4.911006,200,True,False
c772af8f,2026-09-22T06:58:02.018128+00:00,stable,5.572193,200,True,False
c772af8f,2026-09-22T06:58:02.049063+00:00,stable,4.4087,200,True,False
c772af8f,2026-09-22T06:58:02.083820+00:00,stable,4.94089,200,True,False
c772af8f,2026-09-22T06:58:02.119745+00:00,stable,7.998701,200,True,False
c772af8f,2026-09-22T06:58:02.149650+00:00,stable,4.414176,200,True,False
c772af8f,2026-09-22T06:58:02.184425+00:00,stable,5.96947,200,True,False
c772af8f,2026-09-22T06:58:02.218285+00:00,stable,3.923286,200,True,False
c772af8f,2026-09-22T06:58:02.249638+00:00,stable,4.245,200,True,False
c772af8f,2026-09-22T06:58:02.282730+00:00,stable,3.983625,200,True,False
c772af8f,2026-09-22T06:58:02.316642+00:00,stable,4.073917,200,True,False
c772af8f,2026-09-22T06:58:02.349001+00:00,stable,4.302923,200,True,False
c772af8f,2026-09-22T06:58:02.383013+00:00,stable,4.971805,200,True,False
c772af8f,2026-09-22T06:58:02.416432+00:00,stable,5.043869,200,True,False
c772af8f,2026-09-22T06:58:02.450172+00:00,stable,5.074145,200,True,False
c772af8f,2026-09-22T06:58:02.511405+00:00,stable,33.332466,200,True,False
c772af8f,2026-09-22T06:58:02.516430+00:00,stable,4.822956,200,True,False
c772af8f,2026-09-22T06:58:02.555659+00:00,stable,10.593921,200,True,False
c772af8f,2026-09-22T06:58:02.619941+00:00,stable,41.432601,200,True,False
c772af8f,2026-09-22T06:58:02.620825+00:00,stable,8.47639,200,True,False
c772af8f,2026-09-22T06:58:02.655506+00:00,stable,9.964426,200,True,False
c772af8f,2026-09-22T06:58:02.684579+00:00,stable,5.723987,200,True,False
c772af8f,2026-09-22T06:58:02.720774+00:00,stable,8.245562,200,True,False
c772af8f,2026-09-22T06:58:02.751219+00:00,stable,5.612724,200,True,False
c772af8f,2026-09-22T06:58:02.783874+00:00,stable,5.353093,200,True,False
c772af8f,2026-09-22T06:58:02.822856+00:00,stable,11.513723,200,True,False
c772af8f,2026-09-22T06:58:02.852878+00:00,stable,7.059638,200,True,False
c772af8f,2026-09-22T06:58:02.883048+00:00,stable,4.337359,200,True,False
c772af8f,2026-09-22T06:58:02.918123+00:00,stable,6.533369,200,True,False
c772af8f,2026-09-22T06:58:02.955348+00:00,stable,9.891991,200,True,False
c772af8f,2026-09-22T06:58:02.987442+00:00,stable,9.092663,200,True,False
c772af8f,2026-09-22T06:58:03.017823+00:00,stable,5.426105,200,True,False
c772af8f,2026-09-22T06:58:03.050524+00:00,stable,4.938668,200,True,False
c772af8f,2026-09-22T06:58:03.083306+00:00,stable,4.548315,200,True,False
c772af8f,2026-09-22T06:58:03.119540+00:00,stable,7.556459,200,True,False
c772af8f,2026-09-22T06:58:03.149494+00:00,stable,3.982985,200,True,False
c772af8f,2026-09-22T06:58:03.182597+00:00,stable,4.325011,200,True,False
c772af8f,2026-09-22T06:58:03.219896+00:00,stable,7.184293,200,True,False
c772af8f,2026-09-22T06:58:03.250746+00:00,stable,5.208483,200,True,False
c772af8f,2026-09-22T06:58:03.284226+00:00,stable,5.205034,200,True,False
c772af8f,2026-09-22T06:58:03.319017+00:00,stable,6.810045,200,True,False
c772af8f,2026-09-22T06:58:03.350165+00:00,stable,4.844828,200,True,False
c772af8f,2026-09-22T06:58:03.383750+00:00,stable,4.683849,200,True,False
c772af8f,2026-09-22T06:58:03.417909+00:00,stable,5.427417,200,True,False
c772af8f,2026-09-22T06:58:03.449747+00:00,stable,4.367585,200,True,False
c772af8f,2026-09-22T06:58:03.484069+00:00,stable,5.045947,200,True,False
c772af8f,2026-09-22T06:58:03.517126+00:00,stable,5.078724,200,True,False
c772af8f,2026-09-22T06:58:03.550565+00:00,stable,5.370419,200,True,False
c772af8f,2026-09-22T06:58:03.586505+00:00,stable,7.785005,200,True,False
c772af8f,2026-09-22T06:58:03.616901+00:00,stable,4.771167,200,True,False
c772af8f,2026-09-22T06:58:03.650145+00:00,stable,4.680733,200,True,False
c772af8f,2026-09-22T06:58:03.684898+00:00,stable,5.863679,200,True,False
c772af8f,2026-09-22T06:58:03.719507+00:00,stable,7.967769,200,True,False
c772af8f,2026-09-22T06:58:03.754130+00:00,stable,8.684308,200,True,False
c772af8f,2026-09-22T06:58:03.783598+00:00,stable,4.457218,200,True,False
c772af8f,2026-09-22T06:58:03.818819+00:00,stable,7.288621,200,True,False
c772af8f,2026-09-22T06:58:03.850092+00:00,stable,4.381073,200,True,False
c772af8f,2026-09-22T06:58:03.885363+00:00,stable,6.262802,200,True,False
c772af8f,2026-09-22T06:58:03.918862+00:00,stable,6.464755,200,True,False
c772af8f,2026-09-22T06:58:03.948960+00:00,stable,3.897396,200,True,False
c772af8f,2026-09-22T06:58:03.983724+00:00,stable,4.744274,200,True,False
c772af8f,2026-09-22T06:58:04.016997+00:00,stable,4.374033,200,True,False
c772af8f,2026-09-22T06:58:04.049854+00:00,stable,5.121589,200,True,False
c772af8f,2026-09-22T06:58:04.111166+00:00,stable,32.707391,200,True,False
c772af8f,2026-09-22T06:58:04.115688+00:00,stable,3.991893,200,True,False
c772af8f,2026-09-22T06:58:04.149353+00:00,stable,4.220151,200,True,False
c772af8f,2026-09-22T06:58:04.182621+00:00,stable,4.446229,200,True,False
c772af8f,2026-09-22T06:58:04.218612+00:00,stable,6.461559,200,True,False
c772af8f,2026-09-22T06:58:04.252045+00:00,stable,5.570981,200,True,False
c772af8f,2026-09-22T06:58:04.282752+00:00,stable,4.694129,200,True,False
c772af8f,2026-09-22T06:58:04.316573+00:00,stable,5.316657,200,True,False
c772af8f,2026-09-22T06:58:04.350500+00:00,stable,5.003709,200,True,False
c772af8f,2026-09-22T06:58:04.383697+00:00,stable,4.99265,200,True,False
c772af8f,2026-09-22T06:58:04.416990+00:00,stable,4.221103,200,True,False
c772af8f,2026-09-22T06:58:04.449899+00:00,stable,5.130115,200,True,False
c772af8f,2026-09-22T06:58:04.483252+00:00,stable,4.243628,200,True,False
c772af8f,2026-09-22T06:58:04.516044+00:00,stable,4.130262,200,True,False
c772af8f,2026-09-22T06:58:04.548951+00:00,stable,4.208776,200,True,False
c772af8f,2026-09-22T06:58:04.583352+00:00,stable,4.499857,200,True,False
c772af8f,2026-09-22T06:58:04.616823+00:00,stable,5.019328,200,True,False
c772af8f,2026-09-22T06:58:04.651969+00:00,stable,6.534491,200,True,False
c772af8f,2026-09-22T06:58:04.683032+00:00,stable,4.20459,200,True,False
c772af8f,2026-09-22T06:58:04.716191+00:00,stable,4.387953,200,True,False
c772af8f,2026-09-22T06:58:04.749328+00:00,stable,4.289611,200,True,False
c772af8f,2026-09-22T06:58:04.782815+00:00,stable,4.359045,200,True,False
c772af8f,2026-09-22T06:58:04.817148+00:00,stable,4.639761,200,True,False
c772af8f,2026-09-22T06:58:04.850015+00:00,stable,4.362086,200,True,False
c772af8f,2026-09-22T06:58:04.883460+00:00,stable,4.559361,200,True,False
c772af8f,2026-09-22T06:58:04.915382+00:00,stable,3.958582,200,True,False
c772af8f,2026-09-22T06:58:04.949503+00:00,stable,4.295645,200,True,False
c772af8f,2026-09-22T06:58:05.010159+00:00,stable,30.594094,200,True,False
c772af8f,2026-09-22T06:58:05.017336+00:00,stable,5.338256,200,True,False
c772af8f,2026-09-22T06:58:05.050434+00:00,stable,5.426698,200,True,False
c772af8f,2026-09-22T06:58:05.082804+00:00,stable,4.496985,200,True,False
c772af8f,2026-09-22T06:58:05.117390+00:00,stable,5.525122,200,True,False
c772af8f,2026-09-22T06:58:05.151188+00:00,stable,6.246702,200,True,False
c772af8f,2026-09-22T06:58:05.215137+00:00,stable,36.481425,200,True,False
c772af8f,2026-09-22T06:58:05.219735+00:00,stable,6.54905,200,True,False
c772af8f,2026-09-22T06:58:05.251913+00:00,stable,6.258075,200,True,False
c772af8f,2026-09-22T06:58:05.283783+00:00,stable,5.260218,200,True,False
c772af8f,2026-09-22T06:58:05.318443+00:00,stable,6.852297,200,True,False
c772af8f,2026-09-22T06:58:05.351791+00:00,stable,6.047543,200,True,False
c772af8f,2026-09-22T06:58:05.384703+00:00,stable,6.423953,200,True,False
c772af8f,2026-09-22T06:58:05.420315+00:00,stable,8.814958,200,True,False
c772af8f,2026-09-22T06:58:05.518841+00:00,stable,7.540051,200,True,False
c772af8f,2026-09-22T06:58:05.519790+00:00,stable,8.767726,200,True,False
c772af8f,2026-09-22T06:58:05.526012+00:00,stable,78.160815,200,True,False
c772af8f,2026-09-22T06:58:05.618753+00:00,stable,7.968921,200,True,False
c772af8f,2026-09-22T06:58:05.621577+00:00,stable,10.453284,200,True,False
c772af8f,2026-09-22T06:58:05.622779+00:00,stable,11.475624,200,True,False
c772af8f,2026-09-22T06:58:05.653671+00:00,stable,7.296642,200,True,False
c772af8f,2026-09-22T06:58:05.720546+00:00,stable,8.565605,200,True,False
c772af8f,2026-09-22T06:58:05.723257+00:00,stable,12.401491,200,True,False
c772af8f,2026-09-22T06:58:05.816497+00:00,stable,6.387761,200,True,False
c772af8f,2026-09-22T06:58:05.816744+00:00,stable,6.611489,200,True,False
c772af8f,2026-09-22T06:58:05.818681+00:00,stable,6.877196,200,True,False
c772af8f,2026-09-22T06:58:05.921208+00:00,stable,75.356855,200,True,False
c772af8f,2026-09-22T06:58:05.929447+00:00,stable,18.82987,200,True,False
c772af8f,2026-09-22T06:58:05.932811+00:00,stable,18.651225,200,True,False
c772af8f,2026-09-22T06:58:06.018675+00:00,stable,8.137864,200,True,False
c772af8f,2026-09-22T06:58:06.019132+00:00,stable,5.667493,200,True,False
c772af8f,2026-09-22T06:58:06.020535+00:00,stable,9.997336,200,True,False
c772af8f,2026-09-22T06:58:06.052319+00:00,stable,6.584603,200,True,False
c772af8f,2026-09-22T06:58:06.116583+00:00,stable,6.346651,200,True,False
c772af8f,2026-09-22T06:58:06.120379+00:00,stable,8.078624,200,True,False
c772af8f,2026-09-22T06:58:06.219113+00:00,stable,72.398043,200,True,False
c772af8f,2026-09-22T06:58:06.233542+00:00,stable,21.270103,200,True,False
c772af8f,2026-09-22T06:58:06.234029+00:00,stable,22.243828,200,True,False
c772af8f,2026-09-22T06:58:06.325156+00:00,stable,12.007242,200,True,False
c772af8f,2026-09-22T06:58:06.329535+00:00,stable,18.118159,200,True,False
c772af8f,2026-09-22T06:58:06.335797+00:00,stable,24.072859,200,True,False
c772af8f,2026-09-22T06:58:06.420297+00:00,stable,9.959505,200,True,False
c772af8f,2026-09-22T06:58:06.420536+00:00,stable,8.502902,200,True,False
c772af8f,2026-09-22T06:58:06.433349+00:00,stable,81.692247,200,True,False
c772af8f,2026-09-22T06:58:06.456353+00:00,stable,9.837131,200,True,False
c772af8f,2026-09-22T06:58:06.483567+00:00,stable,5.420142,200,True,False
c772af8f,2026-09-22T06:58:06.517271+00:00,stable,4.772674,200,True,False
c772af8f,2026-09-22T06:58:06.551192+00:00,stable,6.360894,200,True,False
c772af8f,2026-09-22T06:58:06.583352+00:00,stable,4.78594,200,True,False
c772af8f,2026-09-22T06:58:06.616947+00:00,stable,5.054794,200,True,False
c772af8f,2026-09-22T06:58:06.650202+00:00,stable,4.515296,200,True,False
c772af8f,2026-09-22T06:58:06.683680+00:00,stable,4.683685,200,True,False
c772af8f,2026-09-22T06:58:06.717675+00:00,stable,5.328399,200,True,False
c772af8f,2026-09-22T06:58:06.753738+00:00,stable,8.384625,200,True,False
c772af8f,2026-09-22T06:58:06.783382+00:00,stable,4.834391,200,True,False
c772af8f,2026-09-22T06:58:06.817677+00:00,stable,5.26086,200,True,False
c772af8f,2026-09-22T06:58:06.851747+00:00,stable,6.095024,200,True,False
c772af8f,2026-09-22T06:58:06.885549+00:00,stable,5.954075,200,True,False
c772af8f,2026-09-22T06:58:06.918679+00:00,stable,6.075351,200,True,False
c772af8f,2026-09-22T06:58:06.952243+00:00,stable,6.843347,200,True,False
c772af8f,2026-09-22T06:58:06.986734+00:00,stable,7.709426,200,True,False
c772af8f,2026-09-22T06:58:07.022479+00:00,stable,6.618508,200,True,False
c772af8f,2026-09-22T06:58:07.051416+00:00,stable,5.852482,200,True,False
c772af8f,2026-09-22T06:58:07.085274+00:00,stable,6.296358,200,True,False
c772af8f,2026-09-22T06:58:07.118035+00:00,stable,5.739892,200,True,False
c772af8f,2026-09-22T06:58:07.153683+00:00,stable,8.222273,200,True,False
c772af8f,2026-09-22T06:58:07.185244+00:00,stable,7.047638,200,True,False
c772af8f,2026-09-22T06:58:07.219027+00:00,stable,7.071607,200,True,False
c772af8f,2026-09-22T06:58:07.254811+00:00,stable,9.096411,200,True,False
c772af8f,2026-09-22T06:58:07.285145+00:00,stable,6.280205,200,True,False
c772af8f,2026-09-22T06:58:07.319401+00:00,stable,7.172816,200,True,False
c772af8f,2026-09-22T06:58:07.355457+00:00,stable,7.991697,200,True,False
c772af8f,2026-09-22T06:58:07.385874+00:00,stable,6.70425,200,True,False
c772af8f,2026-09-22T06:58:07.423940+00:00,stable,11.427729,200,True,False
c772af8f,2026-09-22T06:58:07.523025+00:00,stable,10.523557,200,True,False
c772af8f,2026-09-22T06:58:07.523083+00:00,stable,11.61808,200,True,False
c772af8f,2026-09-22T06:58:07.529543+00:00,stable,12.190621,200,True,False
c772af8f,2026-09-22T06:58:07.619241+00:00,stable,7.854878,200,True,False
c772af8f,2026-09-22T06:58:07.619391+00:00,stable,8.092056,200,True,False
c772af8f,2026-09-22T06:58:07.620015+00:00,stable,8.771219,200,True,False
c772af8f,2026-09-22T06:58:07.732533+00:00,stable,21.814028,200,True,False
c772af8f,2026-09-22T06:58:07.733767+00:00,stable,21.768882,200,True,False
c772af8f,2026-09-22T06:58:07.735324+00:00,stable,24.518631,200,True,False
c772af8f,2026-09-22T06:58:07.830030+00:00,stable,19.233403,200,True,False
c772af8f,2026-09-22T06:58:07.911486+00:00,stable,95.331899,200,True,False
c772af8f,2026-09-22T06:58:07.918657+00:00,stable,108.034702,200,True,False
c772af8f,2026-09-22T06:58:07.922861+00:00,stable,12.176726,200,True,False
c772af8f,2026-09-22T06:58:07.926105+00:00,stable,15.258901,200,True,False
c772af8f,2026-09-22T06:58:08.013718+00:00,stable,102.437978,200,True,False
c772af8f,2026-09-22T06:58:08.113178+00:00,stable,99.966553,200,True,False
c772af8f,2026-09-22T06:58:08.113602+00:00,stable,100.104454,200,True,False
c772af8f,2026-09-22T06:58:08.118118+00:00,stable,105.535811,200,True,False
c772af8f,2026-09-22T06:58:08.214425+00:00,stable,100.759406,200,True,False
c772af8f,2026-09-22T06:58:08.214828+00:00,stable,100.733331,200,True,False
c772af8f,2026-09-22T06:58:08.218489+00:00,stable,104.394774,200,True,False
c772af8f,2026-09-22T06:58:08.317681+00:00,stable,104.982108,200,True,False
c772af8f,2026-09-22T06:58:08.516651+00:00,stable,304.72711,200,True,True
c772af8f,2026-09-22T06:58:08.516651+00:00,stable,102.868155,200,True,False
c772af8f,2026-09-22T06:58:08.516700+00:00,stable,205.541893,200,True,True
c772af8f,2026-09-22T06:58:08.516974+00:00,stable,206.609372,200,True,True
c772af8f,2026-09-22T06:58:08.517576+00:00,stable,103.60715,200,True,False
c772af8f,2026-09-22T06:58:08.531931+00:00,stable,220.938408,200,True,True
c772af8f,2026-09-22T06:58:08.618150+00:00,stable,403.10352,200,True,True
c772af8f,2026-09-22T06:58:08.624281+00:00,stable,11.989374,200,True,False
c772af8f,2026-09-22T06:58:08.629583+00:00,stable,216.168119,200,True,True
c772af8f,2026-09-22T06:58:08.716295+00:00,stable,105.758879,200,True,False
c772af8f,2026-09-22T06:58:08.716364+00:00,stable,199.078787,200,True,False
c772af8f,2026-09-22T06:58:08.716462+00:00,stable,199.21532,200,True,False
c772af8f,2026-09-22T06:58:08.718425+00:00,stable,108.158843,200,True,False
c772af8f,2026-09-22T06:58:08.913631+00:00,stable,201.992524,200,True,True
c772af8f,2026-09-22T06:58:09.010651+00:00,stable,299.072543,200,True,True
c772af8f,2026-09-22T06:58:09.011366+00:00,stable,493.942508,200,True,True
c772af8f,2026-09-22T06:58:09.011556+00:00,stable,188.948962,200,True,False
c772af8f,2026-09-22T06:58:09.011551+00:00,stable,299.912695,200,True,True
c772af8f,2026-09-22T06:58:09.011667+00:00,stable,189.481002,200,True,False
c772af8f,2026-09-22T06:58:09.011890+00:00,stable,99.209036,200,True,False
c772af8f,2026-09-22T06:58:09.118102+00:00,stable,107.005726,200,True,False
c772af8f,2026-09-22T06:58:09.119641+00:00,stable,109.180913,200,True,False
c772af8f,2026-09-22T06:58:09.127547+00:00,stable,305.373685,200,True,True
c772af8f,2026-09-22T06:58:09.211938+00:00,stable,96.542492,200,True,False
c772af8f,2026-09-22T06:58:09.212827+00:00,stable,95.159909,200,True,False
c772af8f,2026-09-22T06:58:09.215840+00:00,stable,298.330223,200,True,True
c772af8f,2026-09-22T06:58:09.216238+00:00,stable,301.983357,200,True,True
c772af8f,2026-09-22T06:58:09.220493+00:00,stable,106.997932,200,True,False
c772af8f,2026-09-22T06:58:09.315519+00:00,stable,304.529721,200,True,True
c772af8f,2026-09-22T06:58:09.220974+00:00,stable,5.278476,200,True,False
c772af8f,2026-09-22T06:58:09.315829+00:00,stable,100.238685,200,True,False
c772af8f,2026-09-22T06:58:09.327712+00:00,stable,12.835543,200,True,False
c772af8f,2026-09-22T06:58:09.329309+00:00,stable,14.880829,200,True,False
c772af8f,2026-09-22T06:58:09.411127+00:00,stable,195.215107,200,True,False
c772af8f,2026-09-22T06:58:09.428801+00:00,stable,7.735505,200,True,False
c772af8f,2026-09-22T06:58:09.429640+00:00,stable,114.895432,200,True,False
c772af8f,2026-09-22T06:58:09.717129+00:00,stable,206.615709,200,True,True
c772af8f,2026-09-22T06:58:09.717129+00:00,stable,206.61593,200,True,True
c772af8f,2026-09-22T06:58:09.717175+00:00,stable,295.939727,200,True,True
c772af8f,2026-09-22T06:58:09.717273+00:00,stable,296.207274,200,True,True
c772af8f,2026-09-22T06:58:09.717325+00:00,stable,186.785914,200,True,False
c772af8f,2026-09-22T06:58:09.721487+00:00,stable,3.896369,200,True,False
c772af8f,2026-09-22T06:58:09.811752+00:00,stable,94.201708,200,True,False
c772af8f,2026-09-22T06:58:09.813853+00:00,stable,96.28439,200,True,False
c772af8f,2026-09-22T06:58:09.817566+00:00,stable,99.976519,200,True,False
c772af8f,2026-09-22T06:58:09.817773+00:00,stable,100.058996,200,True,False
c772af8f,2026-09-22T06:58:09.822269+00:00,stable,104.555793,200,True,False
c772af8f,2026-09-22T06:58:09.826541+00:00,stable,9.44859,200,True,False
c772af8f,2026-09-22T06:58:09.826609+00:00,stable,9.516644,200,True,False
c772af8f,2026-09-22T06:58:09.827888+00:00,stable,10.607404,200,True,False
c772af8f,2026-09-22T06:58:09.916067+00:00,stable,70.385704,200,True,False
c772af8f,2026-09-22T06:58:09.918790+00:00,stable,8.580115,200,True,False
c772af8f,2026-09-22T06:58:09.921469+00:00,stable,9.005364,200,True,False
c772af8f,2026-09-22T06:58:10.019732+00:00,stable,9.38346,200,True,False
c772af8f,2026-09-22T06:58:10.021642+00:00,stable,11.292915,200,True,False
c772af8f,2026-09-22T06:58:10.213324+00:00,stable,98.784799,200,True,False
c772af8f,2026-09-22T06:58:10.221072+00:00,stable,107.004299,200,True,False
c772af8f,2026-09-22T06:58:10.221053+00:00,stable,7.652473,200,True,False
c772af8f,2026-09-22T06:58:10.221279+00:00,stable,107.213762,200,True,False
c772af8f,2026-09-22T06:58:10.224426+00:00,stable,10.744,200,True,False
c772af8f,2026-09-22T06:58:10.224426+00:00,stable,10.862449,200,True,False
c772af8f,2026-09-22T06:58:10.315585+00:00,stable,4.137382,200,True,False
c772af8f,2026-09-22T06:58:10.315645+00:00,stable,36.833445,200,True,False
c772af8f,2026-09-22T06:58:10.319642+00:00,stable,7.026659,200,True,False
c772af8f,2026-09-22T06:58:10.420280+00:00,stable,408.301871,200,True,True
c772af8f,2026-09-22T06:58:10.428112+00:00,stable,16.765997,200,True,False
c772af8f,2026-09-22T06:58:10.512626+00:00,stable,101.426827,200,True,False
c772af8f,2026-09-22T06:58:10.513484+00:00,stable,102.780015,200,True,False
c772af8f,2026-09-22T06:58:10.519203+00:00,stable,4.219403,200,True,False
c772af8f,2026-09-22T06:58:10.519469+00:00,stable,4.219656,200,True,False
c772af8f,2026-09-22T06:58:10.519917+00:00,stable,4.274194,200,True,False
c772af8f,2026-09-22T06:58:10.623978+00:00,stable,45.413863,200,True,False
c772af8f,2026-09-22T06:58:10.712546+00:00,stable,99.832809,200,True,False
c772af8f,2026-09-22T06:58:10.713166+00:00,stable,165.409795,200,True,False
c772af8f,2026-09-22T06:58:10.722479+00:00,stable,8.388507,200,True,False
c772af8f,2026-09-22T06:58:10.725096+00:00,stable,11.581521,200,True,False
c772af8f,2026-09-22T06:58:10.811670+00:00,stable,97.370829,200,True,False
c772af8f,2026-09-22T06:58:10.816675+00:00,stable,5.219925,200,True,False
c772af8f,2026-09-22T06:58:10.816701+00:00,stable,5.632692,200,True,False
c772af8f,2026-09-22T06:58:10.819056+00:00,stable,8.080486,200,True,False
c772af8f,2026-09-22T06:58:10.921766+00:00,stable,9.935114,200,True,False
c772af8f,2026-09-22T06:58:10.925079+00:00,stable,12.915023,200,True,False
c772af8f,2026-09-22T06:58:10.925902+00:00,stable,14.417357,200,True,False
c772af8f,2026-09-22T06:58:11.110238+00:00,stable,96.132964,200,True,False
c772af8f,2026-09-22T06:58:11.118367+00:00,stable,7.800291,200,True,False
c772af8f,2026-09-22T06:58:11.122754+00:00,stable,10.401441,200,True,False
c772af8f,2026-09-22T06:58:11.122999+00:00,stable,12.645317,200,True,False
c772af8f,2026-09-22T06:58:11.123207+00:00,stable,107.982095,200,True,False
c772af8f,2026-09-22T06:58:11.123800+00:00,stable,109.002114,200,True,False
c772af8f,2026-09-22T06:58:11.221140+00:00,stable,11.118571,200,True,False
c772af8f,2026-09-22T06:58:11.221481+00:00,stable,8.237045,200,True,False
c772af8f,2026-09-22T06:58:11.313395+00:00,stable,103.374244,200,True,False
c772af8f,2026-09-22T06:58:11.333632+00:00,stable,19.754657,200,True,False
c772af8f,2026-09-22T06:58:11.334080+00:00,stable,20.362008,200,True,False
c772af8f,2026-09-22T06:58:11.334235+00:00,stable,21.873301,200,True,False
c772af8f,2026-09-22T06:58:11.513398+00:00,stable,101.901353,200,True,False
c772af8f,2026-09-22T06:58:11.519028+00:00,stable,108.129506,200,True,False
c772af8f,2026-09-22T06:58:11.527533+00:00,stable,16.151529,200,True,False
c772af8f,2026-09-22T06:58:11.610194+00:00,stable,99.391544,200,True,False
c772af8f,2026-09-22T06:58:11.613306+00:00,stable,102.382252,200,True,False
c772af8f,2026-09-22T06:58:11.616797+00:00,stable,205.897343,200,True,True
c772af8f,2026-09-22T06:58:11.717073+00:00,stable,5.570602,200,True,False
c772af8f,2026-09-22T06:58:11.717288+00:00,stable,98.8568,200,True,False
c772af8f,2026-09-22T06:58:11.717359+00:00,stable,99.243675,200,True,False
c772af8f,2026-09-22T06:58:11.717443+00:00,stable,99.370679,200,True,False
c772af8f,2026-09-22T06:58:11.717500+00:00,stable,6.026299,200,True,False
c772af8f,2026-09-22T06:58:11.717678+00:00,stable,7.115865,200,True,False
c772af8f,2026-09-22T06:58:11.924410+00:00,stable,107.054947,200,True,False
c772af8f,2026-09-22T06:58:11.930407+00:00,stable,18.365469,200,True,False
c772af8f,2026-09-22T06:58:12.011912+00:00,stable,201.226399,200,True,True
c772af8f,2026-09-22T06:58:12.016538+00:00,stable,105.467001,200,True,False
c772af8f,2026-09-22T06:58:12.016900+00:00,stable,206.169645,200,True,True
c772af8f,2026-09-22T06:58:12.017066+00:00,stable,105.757577,200,True,False
c772af8f,2026-09-22T06:58:12.020109+00:00,stable,9.659837,200,True,False
c772af8f,2026-09-22T06:58:12.022932+00:00,stable,10.270662,200,True,False
c772af8f,2026-09-22T06:58:12.110953+00:00,stable,100.833332,200,True,False
c772af8f,2026-09-22T06:58:12.119980+00:00,stable,4.534111,200,True,False
c772af8f,2026-09-22T06:58:12.125536+00:00,stable,5.041347,200,True,False
c772af8f,2026-09-22T06:58:12.125786+00:00,stable,5.402118,200,True,False
c772af8f,2026-09-22T06:58:12.216388+00:00,stable,4.212895,200,True,False
c772af8f,2026-09-22T06:58:12.217091+00:00,stable,71.643493,200,True,False
c772af8f,2026-09-22T06:58:12.219977+00:00,stable,6.926053,200,True,False
c772af8f,2026-09-22T06:58:12.317037+00:00,stable,5.658519,200,True,False
c772af8f,2026-09-22T06:58:12.317315+00:00,stable,5.764462,200,True,False
c772af8f,2026-09-22T06:58:12.318531+00:00,stable,6.295793,200,True,False
c772af8f,2026-09-22T06:58:12.350271+00:00,stable,5.02898,200,True,False
c772af8f,2026-09-22T06:58:12.412384+00:00,stable,33.833925,200,True,False
c772af8f,2026-09-22T06:58:12.417257+00:00,stable,4.955174,200,True,False
c772af8f,2026-09-22T06:58:12.450195+00:00,stable,5.488462,200,True,False
c772af8f,2026-09-22T06:58:12.483205+00:00,stable,4.833147,200,True,False
c772af8f,2026-09-22T06:58:12.517205+00:00,stable,5.073907,200,True,False
c772af8f,2026-09-22T06:58:12.550054+00:00,stable,4.469269,200,True,False
c772af8f,2026-09-22T06:58:12.584137+00:00,stable,5.705391,200,True,False
c772af8f,2026-09-22T06:58:12.618367+00:00,stable,6.573082,200,True,False
c772af8f,2026-09-22T06:58:12.650458+00:00,stable,5.095346,200,True,False
c772af8f,2026-09-22T06:58:12.684602+00:00,stable,5.961225,200,True,False
c772af8f,2026-09-22T06:58:12.717647+00:00,stable,5.867413,200,True,False
c772af8f,2026-09-22T06:58:12.751823+00:00,stable,6.289793,200,True,False
c772af8f,2026-09-22T06:58:12.784463+00:00,stable,5.682341,200,True,False
c772af8f,2026-09-22T06:58:12.818044+00:00,stable,5.981048,200,True,False
c772af8f,2026-09-22T06:58:12.851029+00:00,stable,5.870236,200,True,False
c772af8f,2026-09-22T06:58:12.885089+00:00,stable,6.065168,200,True,False
c772af8f,2026-09-22T06:58:12.917209+00:00,stable,5.726104,200,True,False
c772af8f,2026-09-22T06:58:12.954450+00:00,stable,8.90398,200,True,False
c772af8f,2026-09-22T06:58:13.014059+00:00,stable,35.176923,200,True,False
c772af8f,2026-09-22T06:58:13.019032+00:00,stable,6.816667,200,True,False
c772af8f,2026-09-22T06:58:13.113261+00:00,stable,68.336803,200,True,False
c772af8f,2026-09-22T06:58:13.122608+00:00,stable,10.418786,200,True,False
c772af8f,2026-09-22T06:58:13.128266+00:00,stable,17.995745,200,True,False
c772af8f,2026-09-22T06:58:13.210348+00:00,stable,64.557542,200,True,False
c772af8f,2026-09-22T06:58:13.218171+00:00,stable,5.957402,200,True,False
c772af8f,2026-09-22T06:58:13.218195+00:00,stable,7.588769,200,True,False
c772af8f,2026-09-22T06:58:13.251748+00:00,stable,6.522462,200,True,False
c772af8f,2026-09-22T06:58:13.284428+00:00,stable,5.385236,200,True,False
c772af8f,2026-09-22T06:58:13.316723+00:00,stable,5.317427,200,True,False
c772af8f,2026-09-22T06:58:13.351126+00:00,stable,5.649502,200,True,False
c772af8f,2026-09-22T06:58:13.384825+00:00,stable,6.669816,200,True,False
c772af8f,2026-09-22T06:58:13.417065+00:00,stable,5.540422,200,True,False
c772af8f,2026-09-22T06:58:13.451734+00:00,stable,6.059535,200,True,False
c772af8f,2026-09-22T06:58:13.518203+00:00,stable,6.347671,200,True,False
c772af8f,2026-09-22T06:58:13.518243+00:00,stable,6.304345,200,True,False
c772af8f,2026-09-22T06:58:13.615395+00:00,stable,69.706099,200,True,False
c772af8f,2026-09-22T06:58:13.630481+00:00,stable,19.914937,200,True,False
c772af8f,2026-09-22T06:58:13.631142+00:00,stable,18.575666,200,True,False
c772af8f,2026-09-22T06:58:13.717233+00:00,stable,4.562382,200,True,False
c772af8f,2026-09-22T06:58:13.717680+00:00,stable,7.306254,200,True,False
c772af8f,2026-09-22T06:58:13.719531+00:00,stable,73.850417,200,True,False
c772af8f,2026-09-22T06:58:13.751267+00:00,stable,5.805807,200,True,False
c772af8f,2026-09-22T06:58:13.816711+00:00,stable,5.506568,200,True,False
c772af8f,2026-09-22T06:58:13.819539+00:00,stable,8.33421,200,True,False
c772af8f,2026-09-22T06:58:13.851054+00:00,stable,5.861149,200,True,False
c772af8f,2026-09-22T06:58:13.914233+00:00,stable,35.551103,200,True,False
c772af8f,2026-09-22T06:58:13.920433+00:00,stable,6.649757,200,True,False
c772af8f,2026-09-22T06:58:13.951302+00:00,stable,6.153742,200,True,False
c772af8f,2026-09-22T06:58:14.016489+00:00,stable,38.518971,200,True,False
c772af8f,2026-09-22T06:58:14.017489+00:00,stable,5.361913,200,True,False
c772af8f,2026-09-22T06:58:14.053112+00:00,stable,7.454075,200,True,False
c772af8f,2026-09-22T06:58:14.115456+00:00,stable,36.77028,200,True,False
c772af8f,2026-09-22T06:58:14.118558+00:00,stable,5.993541,200,True,False
c772af8f,2026-09-22T06:58:14.150047+00:00,stable,4.810274,200,True,False
c772af8f,2026-09-22T06:58:14.183290+00:00,stable,4.68055,200,True,False
c772af8f,2026-09-22T06:58:14.216566+00:00,stable,4.777462,200,True,False
c772af8f,2026-09-22T06:58:14.313441+00:00,stable,65.768891,200,True,False
c772af8f,2026-09-22T06:58:14.318231+00:00,stable,5.222495,200,True,False
c772af8f,2026-09-22T06:58:14.327236+00:00,stable,13.328253,200,True,False
c772af8f,2026-09-22T06:58:14.352008+00:00,stable,6.424287,200,True,False
c772af8f,2026-09-22T06:58:14.414771+00:00,stable,4.87055,200,True,False
c772af8f,2026-09-22T06:58:14.421700+00:00,stable,6.41929,200,True,False
c772af8f,2026-09-22T06:58:14.450482+00:00,stable,5.202883,200,True,False
c772af8f,2026-09-22T06:58:14.483808+00:00,stable,4.95028,200,True,False
c772af8f,2026-09-22T06:58:14.518915+00:00,stable,5.298935,200,True,False
c772af8f,2026-09-22T06:58:14.550641+00:00,stable,5.174175,200,True,False
c772af8f,2026-09-22T06:58:14.614647+00:00,stable,36.033158,200,True,False
c772af8f,2026-09-22T06:58:14.617446+00:00,stable,5.257632,200,True,False
c772af8f,2026-09-22T06:58:14.650832+00:00,stable,5.326655,200,True,False
c772af8f,2026-09-22T06:58:14.713807+00:00,stable,35.012781,200,True,False
c772af8f,2026-09-22T06:58:14.717850+00:00,stable,5.376456,200,True,False
c772af8f,2026-09-22T06:58:14.750499+00:00,stable,5.098675,200,True,False
c772af8f,2026-09-22T06:58:14.820033+00:00,stable,9.734003,200,True,False
c772af8f,2026-09-22T06:58:14.832230+00:00,stable,12.055298,200,True,False
c772af8f,2026-09-22T06:58:14.916408+00:00,stable,5.415169,200,True,False
c772af8f,2026-09-22T06:58:14.917456+00:00,stable,6.986386,200,True,False
c772af8f,2026-09-22T06:58:14.922479+00:00,stable,11.375257,200,True,False
c772af8f,2026-09-22T06:58:14.950758+00:00,stable,4.954066,200,True,False
c772af8f,2026-09-22T06:58:15.018781+00:00,stable,6.81251,200,True,False
c772af8f,2026-09-22T06:58:15.019005+00:00,stable,8.630601,200,True,False
c772af8f,2026-09-22T06:58:15.116317+00:00,stable,6.030413,200,True,False
c772af8f,2026-09-22T06:58:15.117731+00:00,stable,7.531875,200,True,False
c772af8f,2026-09-22T06:58:15.119481+00:00,stable,7.046896,200,True,False
c772af8f,2026-09-22T06:58:15.217272+00:00,stable,6.267266,200,True,False
c772af8f,2026-09-22T06:58:15.217740+00:00,stable,5.054203,200,True,False
c772af8f,2026-09-22T06:58:15.230357+00:00,stable,19.488044,200,True,False
c772af8f,2026-09-22T06:58:15.317657+00:00,stable,5.607684,200,True,False
c772af8f,2026-09-22T06:58:15.317978+00:00,stable,6.246619,200,True,False
c772af8f,2026-09-22T06:58:15.318115+00:00,stable,6.068849,200,True,False
c772af8f,2026-09-22T06:58:15.350297+00:00,stable,5.315653,200,True,False
c772af8f,2026-09-22T06:58:15.383901+00:00,stable,5.201945,200,True,False
c772af8f,2026-09-22T06:58:15.417721+00:00,stable,5.896934,200,True,False
c772af8f,2026-09-22T06:58:15.451078+00:00,stable,5.325817,200,True,False
c772af8f,2026-09-22T06:58:15.484381+00:00,stable,5.0686,200,True,False
c772af8f,2026-09-22T06:58:15.517367+00:00,stable,5.156171,200,True,False
c772af8f,2026-09-22T06:58:15.550974+00:00,stable,5.240203,200,True,False
c772af8f,2026-09-22T06:58:15.584157+00:00,stable,5.105918,200,True,False
c772af8f,2026-09-22T06:58:15.617714+00:00,stable,5.728408,200,True,False
c772af8f,2026-09-22T06:58:15.650594+00:00,stable,5.392742,200,True,False
c772af8f,2026-09-22T06:58:15.684687+00:00,stable,5.738915,200,True,False
c772af8f,2026-09-22T06:58:15.717290+00:00,stable,5.237777,200,True,False
c772af8f,2026-09-22T06:58:15.750639+00:00,stable,5.531757,200,True,False
c772af8f,2026-09-22T06:58:15.812821+00:00,stable,34.552805,200,True,False
c772af8f,2026-09-22T06:58:15.817528+00:00,stable,5.299475,200,True,False
c772af8f,2026-09-22T06:58:15.851178+00:00,stable,5.661893,200,True,False
c772af8f,2026-09-22T06:58:15.914843+00:00,stable,36.305381,200,True,False
c772af8f,2026-09-22T06:58:15.918043+00:00,stable,5.639388,200,True,False
c772af8f,2026-09-22T06:58:16.112951+00:00,stable,133.928942,200,True,False
c772af8f,2026-09-22T06:58:16.114106+00:00,stable,165.072913,200,True,False
c772af8f,2026-09-22T06:58:16.116542+00:00,stable,104.318574,200,True,False
c772af8f,2026-09-22T06:58:16.122409+00:00,stable,8.687687,200,True,False
c772af8f,2026-09-22T06:58:16.122623+00:00,stable,9.066893,200,True,False
c772af8f,2026-09-22T06:58:16.122670+00:00,stable,8.696999,200,True,False
c772af8f,2026-09-22T06:58:16.216037+00:00,stable,4.804662,200,True,False
c772af8f,2026-09-22T06:58:16.216036+00:00,stable,4.946412,200,True,False
c772af8f,2026-09-22T06:58:16.216101+00:00,stable,5.011512,200,True,False
c772af8f,2026-09-22T06:58:16.250961+00:00,stable,6.043546,200,True,False
c772af8f,2026-09-22T06:58:16.320417+00:00,stable,41.849305,200,True,False
c772af8f,2026-09-22T06:58:16.322840+00:00,stable,10.717718,200,True,False
c772af8f,2026-09-22T06:58:16.410086+00:00,stable,64.25258,200,True,False
c772af8f,2026-09-22T06:58:16.417789+00:00,stable,7.239755,200,True,False
c772af8f,2026-09-22T06:58:16.419556+00:00,stable,7.311276,200,True,False
c772af8f,2026-09-22T06:58:16.450609+00:00,stable,4.748341,200,True,False
c772af8f,2026-09-22T06:58:16.484150+00:00,stable,5.128404,200,True,False
c772af8f,2026-09-22T06:58:16.517100+00:00,stable,5.010538,200,True,False
c772af8f,2026-09-22T06:58:16.550410+00:00,stable,5.166645,200,True,False
c772af8f,2026-09-22T06:58:16.583701+00:00,stable,5.004919,200,True,False
c772af8f,2026-09-22T06:58:16.618329+00:00,stable,6.053646,200,True,False
c772af8f,2026-09-22T06:58:16.650826+00:00,stable,5.682566,200,True,False
c772af8f,2026-09-22T06:58:16.684114+00:00,stable,6.07711,200,True,False
c772af8f,2026-09-22T06:58:16.718186+00:00,stable,5.975091,200,True,False
c772af8f,2026-09-22T06:58:16.750949+00:00,stable,5.623549,200,True,False
c772af8f,2026-09-22T06:58:16.784539+00:00,stable,6.218279,200,True,False
c772af8f,2026-09-22T06:58:16.829264+00:00,stable,16.82701,200,True,False
c772af8f,2026-09-22T06:58:16.909984+00:00,stable,64.491837,200,True,False
c772af8f,2026-09-22T06:58:16.917159+00:00,stable,6.882808,200,True,False
c772af8f,2026-09-22T06:58:16.918631+00:00,stable,6.751728,200,True,False
c772af8f,2026-09-22T06:58:16.951620+00:00,stable,6.039252,200,True,False
c772af8f,2026-09-22T06:58:16.985408+00:00,stable,6.695542,200,True,False
c772af8f,2026-09-22T06:58:17.020289+00:00,stable,8.004595,200,True,False
c772af8f,2026-09-22T06:58:17.051234+00:00,stable,6.223393,200,True,False
c772af8f,2026-09-22T06:58:17.085465+00:00,stable,6.852519,200,True,False
c772af8f,2026-09-22T06:58:17.117936+00:00,stable,6.306505,200,True,False
c772af8f,2026-09-22T06:58:17.150877+00:00,stable,6.153203,200,True,False
c772af8f,2026-09-22T06:58:17.185573+00:00,stable,6.487504,200,True,False
c772af8f,2026-09-22T06:58:17.217573+00:00,stable,6.218965,200,True,False
c772af8f,2026-09-22T06:58:17.251680+00:00,stable,6.391365,200,True,False
c772af8f,2026-09-22T06:58:17.286406+00:00,stable,7.406236,200,True,False
c772af8f,2026-09-22T06:58:17.328003+00:00,stable,15.56045,200,True,False
c772af8f,2026-09-22T06:58:17.351206+00:00,stable,5.909898,200,True,False
c772af8f,2026-09-22T06:58:17.384799+00:00,stable,5.646561,200,True,False
c772af8f,2026-09-22T06:58:17.417979+00:00,stable,6.074385,200,True,False
c772af8f,2026-09-22T06:58:17.451171+00:00,stable,5.542261,200,True,False
c772af8f,2026-09-22T06:58:17.485768+00:00,stable,6.517351,200,True,False
c772af8f,2026-09-22T06:58:17.518954+00:00,stable,6.600235,200,True,False
c772af8f,2026-09-22T06:58:17.551201+00:00,stable,5.700578,200,True,False
c772af8f,2026-09-22T06:58:17.584067+00:00,stable,5.628627,200,True,False
c772af8f,2026-09-22T06:58:17.618380+00:00,stable,6.464474,200,True,False
c772af8f,2026-09-22T06:58:17.650482+00:00,stable,5.342262,200,True,False
c772af8f,2026-09-22T06:58:17.686341+00:00,stable,7.179792,200,True,False
c772af8f,2026-09-22T06:58:17.718049+00:00,stable,5.954398,200,True,False
c772af8f,2026-09-22T06:58:17.751297+00:00,stable,6.560562,200,True,False
c772af8f,2026-09-22T06:58:17.784294+00:00,stable,5.537316,200,True,False
c772af8f,2026-09-22T06:58:17.821278+00:00,stable,6.499257,200,True,False
c772af8f,2026-09-22T06:58:17.851081+00:00,stable,5.362754,200,True,False
c772af8f,2026-09-22T06:58:17.883767+00:00,stable,5.530209,200,True,False
c772af8f,2026-09-22T06:58:17.917350+00:00,stable,5.583267,200,True,False
c772af8f,2026-09-22T06:58:17.951569+00:00,stable,6.047365,200,True,False
c772af8f,2026-09-22T06:58:18.018385+00:00,stable,6.065615,200,True,False
c772af8f,2026-09-22T06:58:18.028255+00:00,stable,15.991861,200,True,False
c772af8f,2026-09-22T06:58:18.110875+00:00,stable,62.572112,200,True,False
c772af8f,2026-09-22T06:58:18.116212+00:00,stable,6.204227,200,True,False
c772af8f,2026-09-22T06:58:18.117465+00:00,stable,6.19281,200,True,False
c772af8f,2026-09-22T06:58:18.151149+00:00,stable,5.960854,200,True,False
c772af8f,2026-09-22T06:58:18.183642+00:00,stable,5.153444,200,True,False
c772af8f,2026-09-22T06:58:18.218142+00:00,stable,6.675833,200,True,False
c772af8f,2026-09-22T06:58:18.250629+00:00,stable,5.620194,200,True,False
c772af8f,2026-09-22T06:58:18.315486+00:00,stable,5.389624,200,True,False
c772af8f,2026-09-22T06:58:18.319850+00:00,stable,8.345434,200,True,False
c772af8f,2026-09-22T06:58:18.416131+00:00,stable,6.043764,200,True,False
c772af8f,2026-09-22T06:58:18.416374+00:00,stable,6.286574,200,True,False
c772af8f,2026-09-22T06:58:18.417831+00:00,stable,6.294443,200,True,False
c772af8f,2026-09-22T06:58:18.453242+00:00,stable,7.572742,200,True,False
c772af8f,2026-09-22T06:58:18.513902+00:00,stable,35.867855,200,True,False
c772af8f,2026-09-22T06:58:18.531367+00:00,stable,18.583544,200,True,False
c772af8f,2026-09-22T06:58:18.615852+00:00,stable,5.84224,200,True,False
c772af8f,2026-09-22T06:58:18.616151+00:00,stable,6.140949,200,True,False
c772af8f,2026-09-22T06:58:18.626773+00:00,stable,15.046001,200,True,False
c772af8f,2026-09-22T06:58:18.717717+00:00,stable,6.626864,200,True,False
c772af8f,2026-09-22T06:58:18.717768+00:00,stable,6.988127,200,True,False
c772af8f,2026-09-22T06:58:18.717957+00:00,stable,72.594009,200,True,False
c772af8f,2026-09-22T06:58:18.751516+00:00,stable,5.73095,200,True,False
c772af8f,2026-09-22T06:58:18.817379+00:00,stable,5.865908,200,True,False
c772af8f,2026-09-22T06:58:18.817379+00:00,stable,7.479444,200,True,False
c772af8f,2026-09-22T06:58:18.849890+00:00,stable,5.146013,200,True,False
c772af8f,2026-09-22T06:58:18.916405+00:00,stable,4.904311,200,True,False
c772af8f,2026-09-22T06:58:18.918689+00:00,stable,7.401194,200,True,False
c772af8f,2026-09-22T06:58:18.950036+00:00,stable,4.735891,200,True,False
c772af8f,2026-09-22T06:58:19.014728+00:00,stable,4.817333,200,True,False
c772af8f,2026-09-22T06:58:19.016197+00:00,stable,4.941321,200,True,False
c772af8f,2026-09-22T06:58:19.049821+00:00,stable,4.877158,200,True,False
c772af8f,2026-09-22T06:58:19.082892+00:00,stable,4.22549,200,True,False
c772af8f,2026-09-22T06:58:19.118187+00:00,stable,5.250398,200,True,False
c772af8f,2026-09-22T06:58:19.150550+00:00,stable,4.863969,200,True,False
c772af8f,2026-09-22T06:58:19.182959+00:00,stable,4.431254,200,True,False
c772af8f,2026-09-22T06:58:19.216547+00:00,stable,5.245074,200,True,False
c772af8f,2026-09-22T06:58:19.249990+00:00,stable,4.891969,200,True,False
c772af8f,2026-09-22T06:58:19.284094+00:00,stable,5.104114,200,True,False
c772af8f,2026-09-22T06:58:19.318641+00:00,stable,6.225692,200,True,False
c772af8f,2026-09-22T06:58:19.350902+00:00,stable,5.798921,200,True,False
c772af8f,2026-09-22T06:58:19.383438+00:00,stable,4.565619,200,True,False
c772af8f,2026-09-22T06:58:19.417028+00:00,stable,4.914503,200,True,False
c772af8f,2026-09-22T06:58:19.450273+00:00,stable,4.633391,200,True,False
c772af8f,2026-09-22T06:58:19.483715+00:00,stable,5.043025,200,True,False
c772af8f,2026-09-22T06:58:19.518192+00:00,stable,5.63262,200,True,False
c772af8f,2026-09-22T06:58:19.549978+00:00,stable,4.813732,200,True,False
c772af8f,2026-09-22T06:58:19.583046+00:00,stable,4.633824,200,True,False
c772af8f,2026-09-22T06:58:19.617180+00:00,stable,4.739624,200,True,False
c772af8f,2026-09-22T06:58:19.649851+00:00,stable,5.166898,200,True,False
c772af8f,2026-09-22T06:58:19.683323+00:00,stable,5.130431,200,True,False
c772af8f,2026-09-22T06:58:19.717591+00:00,stable,5.645525,200,True,False
c772af8f,2026-09-22T06:58:19.750483+00:00,stable,4.873389,200,True,False
c772af8f,2026-09-22T06:58:19.783200+00:00,stable,4.490029,200,True,False
c772af8f,2026-09-22T06:58:19.817038+00:00,stable,5.110531,200,True,False
c772af8f,2026-09-22T06:58:19.850630+00:00,stable,4.829404,200,True,False
c772af8f,2026-09-22T06:58:19.883244+00:00,stable,4.594513,200,True,False
c772af8f,2026-09-22T06:58:19.917223+00:00,stable,5.248254,200,True,False
c772af8f,2026-09-22T06:58:19.951202+00:00,stable,5.644793,200,True,False
c772af8f,2026-09-22T06:58:20.018070+00:00,stable,7.414824,200,True,False
c772af8f,2026-09-22T06:58:20.021730+00:00,stable,10.26981,200,True,False
c772af8f,2026-09-22T06:58:20.111643+00:00,stable,65.981333,200,True,False
c772af8f,2026-09-22T06:58:20.115907+00:00,stable,5.3216,200,True,False
c772af8f,2026-09-22T06:58:20.117011+00:00,stable,4.917191,200,True,False
c772af8f,2026-09-22T06:58:20.215681+00:00,stable,70.007199,200,True,False
c772af8f,2026-09-22T06:58:20.215706+00:00,stable,37.292854,200,True,False
c772af8f,2026-09-22T06:58:20.218602+00:00,stable,6.121435,200,True,False
c772af8f,2026-09-22T06:58:20.251817+00:00,stable,6.377493,200,True,False
c772af8f,2026-09-22T06:58:20.320280+00:00,stable,7.679936,200,True,False
c772af8f,2026-09-22T06:58:20.413555+00:00,stable,100.472188,200,True,False
c772af8f,2026-09-22T06:58:20.416218+00:00,stable,6.073776,200,True,False
c772af8f,2026-09-22T06:58:20.424668+00:00,stable,10.576347,200,True,False
c772af8f,2026-09-22T06:58:20.430472+00:00,stable,16.595952,200,True,False
c772af8f,2026-09-22T06:58:20.524143+00:00,stable,10.117527,200,True,False
c772af8f,2026-09-22T06:58:20.529189+00:00,stable,16.031784,200,True,False
c772af8f,2026-09-22T06:58:20.611739+00:00,stable,98.549648,200,True,False
c772af8f,2026-09-22T06:58:20.622601+00:00,stable,10.400441,200,True,False
c772af8f,2026-09-22T06:58:20.624471+00:00,stable,12.37006,200,True,False
c772af8f,2026-09-22T06:58:20.717642+00:00,stable,105.659711,200,True,False
c772af8f,2026-09-22T06:58:20.810367+00:00,stable,98.552545,200,True,False
c772af8f,2026-09-22T06:58:20.816165+00:00,stable,104.741616,200,True,False
c772af8f,2026-09-22T06:58:20.818401+00:00,stable,106.917184,200,True,False
c772af8f,2026-09-22T06:58:20.913027+00:00,stable,101.63898,200,True,False
c772af8f,2026-09-22T06:58:20.913316+00:00,stable,101.449218,200,True,False
c772af8f,2026-09-22T06:58:20.914285+00:00,stable,103.144343,200,True,False
c772af8f,2026-09-22T06:58:20.919579+00:00,stable,6.262706,200,True,False
c772af8f,2026-09-22T06:58:20.922890+00:00,stable,9.822422,200,True,False
c772af8f,2026-09-22T06:58:20.924228+00:00,stable,10.917737,200,True,False
c772af8f,2026-09-22T06:58:21.110684+00:00,stable,89.361482,200,True,False
c772af8f,2026-09-22T06:58:21.111451+00:00,stable,90.292722,200,True,False
c772af8f,2026-09-22T06:58:21.114767+00:00,stable,3.647528,200,True,False
c772af8f,2026-09-22T06:58:21.115267+00:00,stable,4.146849,200,True,False
c772af8f,2026-09-22T06:58:21.115544+00:00,stable,93.855517,200,True,False
c772af8f,2026-09-22T06:58:21.115708+00:00,stable,4.563588,200,True,False
c772af8f,2026-09-22T06:58:21.149033+00:00,stable,3.90302,200,True,False
c772af8f,2026-09-22T06:58:21.219042+00:00,stable,8.651174,200,True,False
c772af8f,2026-09-22T06:58:21.220116+00:00,stable,8.350335,200,True,False
c772af8f,2026-09-22T06:58:21.314605+00:00,stable,3.766511,200,True,False
c772af8f,2026-09-22T06:58:21.316289+00:00,stable,5.090829,200,True,False
c772af8f,2026-09-22T06:58:21.316521+00:00,stable,70.561552,200,True,False
c772af8f,2026-09-22T06:58:21.417631+00:00,stable,72.983517,200,True,False
c772af8f,2026-09-22T06:58:21.424743+00:00,stable,46.334242,200,True,False
c772af8f,2026-09-22T06:58:21.432766+00:00,stable,20.381504,200,True,False
c772af8f,2026-09-22T06:58:21.514191+00:00,stable,68.721436,200,True,False
c772af8f,2026-09-22T06:58:21.515430+00:00,stable,36.667969,200,True,False
c772af8f,2026-09-22T06:58:21.518296+00:00,stable,6.448863,200,True,False
c772af8f,2026-09-22T06:58:21.549584+00:00,stable,4.363971,200,True,False
c772af8f,2026-09-22T06:58:21.619188+00:00,stable,40.50435,200,True,False
c772af8f,2026-09-22T06:58:21.621792+00:00,stable,10.136573,200,True,False
c772af8f,2026-09-22T06:58:21.649273+00:00,stable,3.940778,200,True,False
c772af8f,2026-09-22T06:58:21.682880+00:00,stable,4.119175,200,True,False
c772af8f,2026-09-22T06:58:21.716570+00:00,stable,4.052982,200,True,False
c772af8f,2026-09-22T06:58:21.749849+00:00,stable,4.52461,200,True,False
c772af8f,2026-09-22T06:58:21.784232+00:00,stable,5.468567,200,True,False
c772af8f,2026-09-22T06:58:21.816633+00:00,stable,4.179265,200,True,False
c772af8f,2026-09-22T06:58:21.850297+00:00,stable,4.878555,200,True,False
c772af8f,2026-09-22T06:58:21.883089+00:00,stable,4.560727,200,True,False
c772af8f,2026-09-22T06:58:21.917035+00:00,stable,5.488782,200,True,False
c772af8f,2026-09-22T06:58:21.949694+00:00,stable,4.413466,200,True,False
c772af8f,2026-09-22T06:58:21.983401+00:00,stable,4.685904,200,True,False
c772af8f,2026-09-22T06:58:22.017252+00:00,stable,5.390789,200,True,False
c772af8f,2026-09-22T06:58:22.050739+00:00,stable,5.490471,200,True,False
c772af8f,2026-09-22T06:58:22.083784+00:00,stable,5.262189,200,True,False
c772af8f,2026-09-22T06:58:22.118768+00:00,stable,5.748363,200,True,False
c772af8f,2026-09-22T06:58:22.150411+00:00,stable,5.023837,200,True,False
c772af8f,2026-09-22T06:58:22.183756+00:00,stable,5.29885,200,True,False
c772af8f,2026-09-22T06:58:22.218042+00:00,stable,5.604675,200,True,False
c772af8f,2026-09-22T06:58:22.250821+00:00,stable,5.466442,200,True,False
c772af8f,2026-09-22T06:58:22.283794+00:00,stable,4.954527,200,True,False
c772af8f,2026-09-22T06:58:22.316563+00:00,stable,4.911759,200,True,False
c772af8f,2026-09-22T06:58:22.350954+00:00,stable,5.663747,200,True,False
c772af8f,2026-09-22T06:58:22.383846+00:00,stable,5.365863,200,True,False
c772af8f,2026-09-22T06:58:22.417077+00:00,stable,5.235312,200,True,False
c772af8f,2026-09-22T06:58:22.451875+00:00,stable,6.247084,200,True,False
c772af8f,2026-09-22T06:58:22.484237+00:00,stable,5.856859,200,True,False
c772af8f,2026-09-22T06:58:22.518661+00:00,stable,6.610628,200,True,False
c772af8f,2026-09-22T06:58:22.551257+00:00,stable,6.162906,200,True,False
c772af8f,2026-09-22T06:58:22.584760+00:00,stable,6.001372,200,True,False
c772af8f,2026-09-22T06:58:22.619008+00:00,stable,6.325792,200,True,False
c772af8f,2026-09-22T06:58:22.651269+00:00,stable,6.095383,200,True,False
c772af8f,2026-09-22T06:58:22.682964+00:00,stable,6.157015,200,True,False
c772af8f,2026-09-22T06:58:22.715660+00:00,stable,6.341556,200,True,False
c772af8f,2026-09-22T06:58:22.749817+00:00,stable,5.835149,200,True,False
c772af8f,2026-09-22T06:58:22.783471+00:00,stable,6.275812,200,True,False
c772af8f,2026-09-22T06:58:22.816844+00:00,stable,6.170369,200,True,False
c772af8f,2026-09-22T06:58:22.850946+00:00,stable,7.027786,200,True,False
c772af8f,2026-09-22T06:58:22.912842+00:00,stable,36.214405,200,True,False
c772af8f,2026-09-22T06:58:22.916278+00:00,stable,6.032548,200,True,False
c772af8f,2026-09-22T06:58:22.948380+00:00,stable,5.375315,200,True,False
c772af8f,2026-09-22T06:58:22.981877+00:00,stable,5.424864,200,True,False
c772af8f,2026-09-22T06:58:23.016081+00:00,stable,5.898318,200,True,False
c772af8f,2026-09-22T06:58:23.055360+00:00,stable,11.489347,200,True,False
c772af8f,2026-09-22T06:58:23.113033+00:00,stable,36.050609,200,True,False
c772af8f,2026-09-22T06:58:23.116799+00:00,stable,5.715175,200,True,False
c772af8f,2026-09-22T06:58:23.148377+00:00,stable,5.764321,200,True,False
c772af8f,2026-09-22T06:58:23.183897+00:00,stable,6.755442,200,True,False
c772af8f,2026-09-22T06:58:23.216099+00:00,stable,6.681522,200,True,False
c772af8f,2026-09-22T06:58:23.248982+00:00,stable,6.279324,200,True,False
c772af8f,2026-09-22T06:58:23.282966+00:00,stable,6.203349,200,True,False
c772af8f,2026-09-22T06:58:23.316640+00:00,stable,7.166091,200,True,False
c772af8f,2026-09-22T06:58:23.348697+00:00,stable,5.488191,200,True,False
c772af8f,2026-09-22T06:58:23.383365+00:00,stable,6.372765,200,True,False
c772af8f,2026-09-22T06:58:23.415787+00:00,stable,5.747281,200,True,False
c772af8f,2026-09-22T06:58:23.450537+00:00,stable,6.751343,200,True,False
c772af8f,2026-09-22T06:58:23.483110+00:00,stable,7.042846,200,True,False
c772af8f,2026-09-22T06:58:23.516541+00:00,stable,6.547211,200,True,False
c772af8f,2026-09-22T06:58:23.550216+00:00,stable,6.390734,200,True,False
c772af8f,2026-09-22T06:58:23.582532+00:00,stable,6.052201,200,True,False
c772af8f,2026-09-22T06:58:23.617967+00:00,stable,8.012251,200,True,False
c772af8f,2026-09-22T06:58:23.650482+00:00,stable,6.903824,200,True,False
c772af8f,2026-09-22T06:58:23.713390+00:00,stable,36.500666,200,True,False
c772af8f,2026-09-22T06:58:23.716903+00:00,stable,6.561523,200,True,False
c772af8f,2026-09-22T06:58:23.750388+00:00,stable,7.025148,200,True,False
c772af8f,2026-09-22T06:58:23.783033+00:00,stable,6.595666,200,True,False
c772af8f,2026-09-22T06:58:23.816415+00:00,stable,6.746709,200,True,False
c772af8f,2026-09-22T06:58:23.849077+00:00,stable,5.652582,200,True,False
c772af8f,2026-09-22T06:58:23.915898+00:00,stable,6.427648,200,True,False
c772af8f,2026-09-22T06:58:23.915927+00:00,stable,6.560932,200,True,False
c772af8f,2026-09-22T06:58:24.016897+00:00,stable,8.648119,200,True,False
c772af8f,2026-09-22T06:58:24.017101+00:00,stable,8.853577,200,True,False
c772af8f,2026-09-22T06:58:24.029220+00:00,stable,19.569142,200,True,False
c772af8f,2026-09-22T06:58:24.110172+00:00,stable,66.669114,200,True,False
c772af8f,2026-09-22T06:58:24.118618+00:00,stable,9.00381,200,True,False
c772af8f,2026-09-22T06:58:24.119075+00:00,stable,11.025455,200,True,False
c772af8f,2026-09-22T06:58:24.216258+00:00,stable,73.311691,200,True,False
c772af8f,2026-09-22T06:58:24.217817+00:00,stable,8.280845,200,True,False
c772af8f,2026-09-22T06:58:24.223187+00:00,stable,13.730671,200,True,False
c772af8f,2026-09-22T06:58:24.313450+00:00,stable,70.384652,200,True,False
c772af8f,2026-09-22T06:58:24.315944+00:00,stable,8.119288,200,True,False
c772af8f,2026-09-22T06:58:24.316595+00:00,stable,6.678424,200,True,False
c772af8f,2026-09-22T06:58:24.413194+00:00,stable,70.627358,200,True,False
c772af8f,2026-09-22T06:58:24.413303+00:00,stable,36.867231,200,True,False
c772af8f,2026-09-22T06:58:24.416378+00:00,stable,6.167053,200,True,False
c772af8f,2026-09-22T06:58:24.448937+00:00,stable,6.236035,200,True,False
c772af8f,2026-09-22T06:58:24.526062+00:00,stable,18.046873,200,True,False
c772af8f,2026-09-22T06:58:24.608976+00:00,stable,93.920585,200,True,False
c772af8f,2026-09-22T06:58:24.623232+00:00,stable,13.871611,200,True,False
c772af8f,2026-09-22T06:58:24.625770+00:00,stable,16.528425,200,True,False
c772af8f,2026-09-22T06:58:24.627577+00:00,stable,18.796173,200,True,False
c772af8f,2026-09-22T06:58:24.710241+00:00,stable,66.927672,200,True,False
c772af8f,2026-09-22T06:58:24.716387+00:00,stable,8.513821,200,True,False
c772af8f,2026-09-22T06:58:24.716413+00:00,stable,5.470029,200,True,False
c772af8f,2026-09-22T06:58:24.814861+00:00,stable,71.479779,200,True,False
c772af8f,2026-09-22T06:58:24.823385+00:00,stable,12.140612,200,True,False
c772af8f,2026-09-22T06:58:24.914854+00:00,stable,6.982559,200,True,False
c772af8f,2026-09-22T06:58:24.914854+00:00,stable,104.023606,200,True,False
c772af8f,2026-09-22T06:58:24.914907+00:00,stable,7.003688,200,True,False
c772af8f,2026-09-22T06:58:24.918962+00:00,stable,4.142411,200,True,False
c772af8f,2026-09-22T06:58:25.014752+00:00,stable,3.817957,200,True,False
c772af8f,2026-09-22T06:58:25.022361+00:00,stable,10.104425,200,True,False
c772af8f,2026-09-22T06:58:25.022985+00:00,stable,10.452586,200,True,False
c772af8f,2026-09-22T06:58:25.112377+00:00,stable,69.843467,200,True,False
c772af8f,2026-09-22T06:58:25.113903+00:00,stable,4.134158,200,True,False
c772af8f,2026-09-22T06:58:25.114266+00:00,stable,37.94487,200,True,False
c772af8f,2026-09-22T06:58:25.213641+00:00,stable,61.857613,200,True,False
c772af8f,2026-09-22T06:58:25.214253+00:00,stable,6.357969,200,True,False
c772af8f,2026-09-22T06:58:25.216129+00:00,stable,5.680262,200,True,False
c772af8f,2026-09-22T06:58:25.248112+00:00,stable,3.991388,200,True,False
c772af8f,2026-09-22T06:58:25.279876+00:00,stable,4.031566,200,True,False
c772af8f,2026-09-22T06:58:25.313953+00:00,stable,4.168645,200,True,False
c772af8f,2026-09-22T06:58:25.348144+00:00,stable,4.6697,200,True,False
c772af8f,2026-09-22T06:58:25.381101+00:00,stable,4.372653,200,True,False
c772af8f,2026-09-22T06:58:25.418321+00:00,stable,8.080445,200,True,False
c772af8f,2026-09-22T06:58:25.448175+00:00,stable,4.797113,200,True,False
c772af8f,2026-09-22T06:58:25.481788+00:00,stable,4.707783,200,True,False
c772af8f,2026-09-22T06:58:25.514082+00:00,stable,4.751396,200,True,False
c772af8f,2026-09-22T06:58:25.549177+00:00,stable,5.116645,200,True,False
c772af8f,2026-09-22T06:58:25.582009+00:00,stable,4.950229,200,True,False
c772af8f,2026-09-22T06:58:25.614998+00:00,stable,5.039384,200,True,False
c772af8f,2026-09-22T06:58:25.648452+00:00,stable,4.686084,200,True,False
c772af8f,2026-09-22T06:58:25.681299+00:00,stable,4.411466,200,True,False
c772af8f,2026-09-22T06:58:25.714803+00:00,stable,4.344088,200,True,False
c772af8f,2026-09-22T06:58:25.748909+00:00,stable,5.012807,200,True,False
c772af8f,2026-09-22T06:58:25.781112+00:00,stable,4.652465,200,True,False
c772af8f,2026-09-22T06:58:25.814978+00:00,stable,4.439794,200,True,False
c772af8f,2026-09-22T06:58:25.848329+00:00,stable,4.801344,200,True,False
c772af8f,2026-09-22T06:58:25.881921+00:00,stable,4.996361,200,True,False
c772af8f,2026-09-22T06:58:25.915665+00:00,stable,5.1264,200,True,False
c772af8f,2026-09-22T06:58:25.948989+00:00,stable,4.884642,200,True,False
c772af8f,2026-09-22T06:58:25.982641+00:00,stable,5.079336,200,True,False
c772af8f,2026-09-22T06:58:26.015146+00:00,stable,4.833786,200,True,False
c772af8f,2026-09-22T06:58:26.048541+00:00,stable,5.295012,200,True,False
c772af8f,2026-09-22T06:58:26.084852+00:00,stable,7.386351,200,True,False
c772af8f,2026-09-22T06:58:26.115429+00:00,stable,5.497511,200,True,False
c772af8f,2026-09-22T06:58:26.148236+00:00,stable,4.721128,200,True,False
c772af8f,2026-09-22T06:58:26.182525+00:00,stable,5.477515,200,True,False
c772af8f,2026-09-22T06:58:26.214684+00:00,stable,4.892198,200,True,False
c772af8f,2026-09-22T06:58:26.251122+00:00,stable,5.14379,200,True,False
c772af8f,2026-09-22T06:58:26.282907+00:00,stable,5.245805,200,True,False
c772af8f,2026-09-22T06:58:26.315495+00:00,stable,5.217693,200,True,False
c772af8f,2026-09-22T06:58:26.350411+00:00,stable,5.771578,200,True,False
c772af8f,2026-09-22T06:58:26.383206+00:00,stable,6.009479,200,True,False
c772af8f,2026-09-22T06:58:26.418309+00:00,stable,6.740755,200,True,False
c772af8f,2026-09-22T06:58:26.449746+00:00,stable,6.137958,200,True,False
c772af8f,2026-09-22T06:58:26.483365+00:00,stable,5.364038,200,True,False
c772af8f,2026-09-22T06:58:26.516996+00:00,stable,5.858129,200,True,False
c772af8f,2026-09-22T06:58:26.549195+00:00,stable,5.093781,200,True,False
c772af8f,2026-09-22T06:58:26.581396+00:00,stable,4.657485,200,True,False
c772af8f,2026-09-22T06:58:26.623889+00:00,stable,5.315813,200,True,False
c772af8f,2026-09-22T06:58:26.655264+00:00,stable,10.84532,200,True,False
c772af8f,2026-09-22T06:58:26.714587+00:00,stable,5.83174,200,True,False
c772af8f,2026-09-22T06:58:26.714587+00:00,stable,5.037946,200,True,False
c772af8f,2026-09-22T06:58:26.913816+00:00,stable,86.215113,200,True,False
c772af8f,2026-09-22T06:58:26.914012+00:00,stable,85.707539,200,True,False
c772af8f,2026-09-22T06:58:26.919478+00:00,stable,8.924138,200,True,False
c772af8f,2026-09-22T06:58:26.919711+00:00,stable,9.383033,200,True,False
c772af8f,2026-09-22T06:58:27.017098+00:00,stable,73.674241,200,True,False
c772af8f,2026-09-22T06:58:27.116688+00:00,stable,103.159305,200,True,False
c772af8f,2026-09-22T06:58:27.116688+00:00,stable,203.139813,200,True,True
c772af8f,2026-09-22T06:58:27.116898+00:00,stable,140.107217,200,True,False
c772af8f,2026-09-22T06:58:27.116939+00:00,stable,203.265101,200,True,True
c772af8f,2026-09-22T06:58:27.229338+00:00,stable,8.140266,200,True,False
c772af8f,2026-09-22T06:58:27.309865+00:00,stable,88.629998,200,True,False
c772af8f,2026-09-22T06:58:27.310134+00:00,stable,193.040376,200,True,False
c772af8f,2026-09-22T06:58:27.310246+00:00,stable,192.932978,200,True,False
c772af8f,2026-09-22T06:58:27.314493+00:00,stable,4.101723,200,True,False
c772af8f,2026-09-22T06:58:27.317234+00:00,stable,95.842345,200,True,False
c772af8f,2026-09-22T06:58:27.318545+00:00,stable,7.862328,200,True,False
c772af8f,2026-09-22T06:58:27.321278+00:00,stable,10.71478,200,True,False
c772af8f,2026-09-22T06:58:27.322422+00:00,stable,205.224771,200,True,True
c772af8f,2026-09-22T06:58:27.414954+00:00,stable,6.661873,200,True,False
c772af8f,2026-09-22T06:58:27.427991+00:00,stable,17.561332,200,True,False
c772af8f,2026-09-22T06:58:27.508591+00:00,stable,100.627071,200,True,False
c772af8f,2026-09-22T06:58:27.519715+00:00,stable,43.423915,200,True,False
c772af8f,2026-09-22T06:58:27.521545+00:00,stable,12.014788,200,True,False
c772af8f,2026-09-22T06:58:27.525067+00:00,stable,82.443079,200,True,False
c772af8f,2026-09-22T06:58:27.617396+00:00,stable,8.192459,200,True,False
c772af8f,2026-09-22T06:58:27.617396+00:00,stable,8.599977,200,True,False
c772af8f,2026-09-22T06:58:27.617627+00:00,stable,74.976504,200,True,False
c772af8f,2026-09-22T06:58:27.648388+00:00,stable,4.298803,200,True,False
c772af8f,2026-09-22T06:58:27.713030+00:00,stable,4.705244,200,True,False
c772af8f,2026-09-22T06:58:27.713993+00:00,stable,4.135603,200,True,False
c772af8f,2026-09-22T06:58:27.747815+00:00,stable,5.326398,200,True,False
c772af8f,2026-09-22T06:58:27.810444+00:00,stable,33.650276,200,True,False
c772af8f,2026-09-22T06:58:27.815551+00:00,stable,4.916664,200,True,False
c772af8f,2026-09-22T06:58:27.848132+00:00,stable,4.561654,200,True,False
c772af8f,2026-09-22T06:58:27.880799+00:00,stable,4.495639,200,True,False
c772af8f,2026-09-22T06:58:27.929022+00:00,stable,19.49014,200,True,False
c772af8f,2026-09-22T06:58:28.010152+00:00,stable,66.616767,200,True,False
c772af8f,2026-09-22T06:58:28.012334+00:00,stable,3.85968,200,True,False
c772af8f,2026-09-22T06:58:28.015130+00:00,stable,5.570076,200,True,False
c772af8f,2026-09-22T06:58:28.047577+00:00,stable,4.608303,200,True,False
c772af8f,2026-09-22T06:58:28.113069+00:00,stable,5.295086,200,True,False
c772af8f,2026-09-22T06:58:28.114389+00:00,stable,4.188636,200,True,False
c772af8f,2026-09-22T06:58:28.147543+00:00,stable,4.229179,200,True,False
c772af8f,2026-09-22T06:58:28.182577+00:00,stable,5.66194,200,True,False
c772af8f,2026-09-22T06:58:28.219631+00:00,stable,9.259424,200,True,False
c772af8f,2026-09-22T06:58:28.251510+00:00,stable,7.711967,200,True,False
c772af8f,2026-09-22T06:58:28.282317+00:00,stable,5.342503,200,True,False
c772af8f,2026-09-22T06:58:28.314881+00:00,stable,5.009775,200,True,False
c772af8f,2026-09-22T06:58:28.347927+00:00,stable,4.565476,200,True,False
c772af8f,2026-09-22T06:58:28.381838+00:00,stable,5.387185,200,True,False
c772af8f,2026-09-22T06:58:28.414598+00:00,stable,5.298483,200,True,False
c772af8f,2026-09-22T06:58:28.448406+00:00,stable,4.737929,200,True,False
c772af8f,2026-09-22T06:58:28.481855+00:00,stable,5.135319,200,True,False
c772af8f,2026-09-22T06:58:28.515335+00:00,stable,5.612972,200,True,False
c772af8f,2026-09-22T06:58:28.551652+00:00,stable,6.349137,200,True,False
c772af8f,2026-09-22T06:58:28.583455+00:00,stable,6.637853,200,True,False
c772af8f,2026-09-22T06:58:28.615418+00:00,stable,6.016467,200,True,False
c772af8f,2026-09-22T06:58:28.714637+00:00,stable,6.661667,200,True,False
c772af8f,2026-09-22T06:58:28.719974+00:00,stable,10.542979,200,True,False
c772af8f,2026-09-22T06:58:28.726020+00:00,stable,17.916806,200,True,False
c772af8f,2026-09-22T06:58:28.750590+00:00,stable,7.488771,200,True,False
c772af8f,2026-09-22T06:58:28.815057+00:00,stable,6.936936,200,True,False
c772af8f,2026-09-22T06:58:28.816787+00:00,stable,7.348708,200,True,False
c772af8f,2026-09-22T06:58:28.849700+00:00,stable,6.23396,200,True,False
c772af8f,2026-09-22T06:58:28.914465+00:00,stable,4.997685,200,True,False
c772af8f,2026-09-22T06:58:28.917081+00:00,stable,9.245197,200,True,False
c772af8f,2026-09-22T06:58:29.016762+00:00,stable,73.047695,200,True,False
c772af8f,2026-09-22T06:58:29.018274+00:00,stable,10.05105,200,True,False
c772af8f,2026-09-22T06:58:29.110572+00:00,stable,100.566566,200,True,False
c772af8f,2026-09-22T06:58:29.117456+00:00,stable,9.048124,200,True,False
c772af8f,2026-09-22T06:58:29.117456+00:00,stable,9.295761,200,True,False
c772af8f,2026-09-22T06:58:29.119247+00:00,stable,9.554864,200,True,False
c772af8f,2026-09-22T06:58:29.208233+00:00,stable,64.994246,200,True,False
c772af8f,2026-09-22T06:58:29.219890+00:00,stable,10.559556,200,True,False
c772af8f,2026-09-22T06:58:29.231288+00:00,stable,19.420262,200,True,False
c772af8f,2026-09-22T06:58:29.509030+00:00,stable,100.984269,200,True,False
c772af8f,2026-09-22T06:58:29.509041+00:00,stable,100.961731,200,True,False
c772af8f,2026-09-22T06:58:29.509095+00:00,stable,266.450945,200,True,True
c772af8f,2026-09-22T06:58:29.607444+00:00,stable,87.835069,200,True,False
c772af8f,2026-09-22T06:58:29.607723+00:00,stable,88.140391,200,True,False
c772af8f,2026-09-22T06:58:29.607470+00:00,stable,296.242186,200,True,True
c772af8f,2026-09-22T06:58:29.607467+00:00,stable,98.422656,200,True,False
c772af8f,2026-09-22T06:58:29.607853+00:00,stable,88.270437,200,True,False
c772af8f,2026-09-22T06:58:29.611887+00:00,stable,3.769581,200,True,False
c772af8f,2026-09-22T06:58:29.611883+00:00,stable,3.500258,200,True,False
c772af8f,2026-09-22T06:58:29.611898+00:00,stable,3.593428,200,True,False
c772af8f,2026-09-22T06:58:29.707792+00:00,stable,98.282357,200,True,False
c772af8f,2026-09-22T06:58:29.711211+00:00,stable,3.119171,200,True,False
c772af8f,2026-09-22T06:58:29.711316+00:00,stable,3.283979,200,True,False
c772af8f,2026-09-22T06:58:29.712736+00:00,stable,3.001944,200,True,False
c772af8f,2026-09-22T06:58:29.746197+00:00,stable,3.344447,200,True,False
c772af8f,2026-09-22T06:58:29.780542+00:00,stable,4.272251,200,True,False
c772af8f,2026-09-22T06:58:29.813276+00:00,stable,3.314701,200,True,False
c772af8f,2026-09-22T06:58:29.846166+00:00,stable,3.315446,200,True,False
c772af8f,2026-09-22T06:58:29.879779+00:00,stable,3.689081,200,True,False
c772af8f,2026-09-22T06:58:29.914328+00:00,stable,4.89534,200,True,False
c772af8f,2026-09-22T06:58:29.946504+00:00,stable,3.872113,200,True,False
c772af8f,2026-09-22T06:58:29.980105+00:00,stable,3.291856,200,True,False
c772af8f,2026-09-22T06:58:30.014664+00:00,stable,5.073133,200,True,False
c772af8f,2026-09-22T06:58:30.047123+00:00,stable,3.361121,200,True,False
c772af8f,2026-09-22T06:58:30.079208+00:00,stable,3.059791,200,True,False
c772af8f,2026-09-22T06:58:30.113095+00:00,stable,3.374717,200,True,False
c772af8f,2026-09-22T06:58:30.145979+00:00,stable,3.196716,200,True,False
c772af8f,2026-09-22T06:58:30.180385+00:00,stable,3.504571,200,True,False
c772af8f,2026-09-22T06:58:30.213261+00:00,stable,3.32262,200,True,False
c772af8f,2026-09-22T06:58:30.246591+00:00,stable,3.5207,200,True,False
c772af8f,2026-09-22T06:58:30.280317+00:00,stable,3.631571,200,True,False
c772af8f,2026-09-22T06:58:30.313779+00:00,stable,3.695893,200,True,False
c772af8f,2026-09-22T06:58:30.346509+00:00,stable,3.465693,200,True,False
c772af8f,2026-09-22T06:58:30.381719+00:00,stable,5.090995,200,True,False
c772af8f,2026-09-22T06:58:30.417798+00:00,stable,8.002289,200,True,False
c772af8f,2026-09-22T06:58:30.448098+00:00,stable,4.643504,200,True,False
c772af8f,2026-09-22T06:58:30.480101+00:00,stable,4.11753,200,True,False
c772af8f,2026-09-22T06:58:30.514506+00:00,stable,4.693099,200,True,False
c772af8f,2026-09-22T06:58:30.548027+00:00,stable,4.381091,200,True,False
c772af8f,2026-09-22T06:58:30.581392+00:00,stable,4.46234,200,True,False
c772af8f,2026-09-22T06:58:30.616682+00:00,stable,6.389681,200,True,False
c772af8f,2026-09-22T06:58:30.651374+00:00,stable,8.111176,200,True,False
c772af8f,2026-09-22T06:58:30.682650+00:00,stable,4.492914,200,True,False
c772af8f,2026-09-22T06:58:30.715130+00:00,stable,4.823762,200,True,False
c772af8f,2026-09-22T06:58:30.747561+00:00,stable,5.000566,200,True,False
c772af8f,2026-09-22T06:58:30.781648+00:00,stable,4.768669,200,True,False
c772af8f,2026-09-22T06:58:30.814903+00:00,stable,5.725556,200,True,False
c772af8f,2026-09-22T06:58:30.847620+00:00,stable,4.353562,200,True,False
c772af8f,2026-09-22T06:58:30.882267+00:00,stable,5.549396,200,True,False
c772af8f,2026-09-22T06:58:30.918111+00:00,stable,8.849524,200,True,False
c772af8f,2026-09-22T06:58:30.951015+00:00,stable,7.223547,200,True,False
c772af8f,2026-09-22T06:58:31.013302+00:00,stable,3.99425,200,True,False
c772af8f,2026-09-22T06:58:31.013354+00:00,stable,4.641933,200,True,False
c772af8f,2026-09-22T06:58:31.208006+00:00,stable,95.094086,200,True,False
c772af8f,2026-09-22T06:58:31.208839+00:00,stable,165.971973,200,True,False
c772af8f,2026-09-22T06:58:31.211821+00:00,stable,3.51908,200,True,False
c772af8f,2026-09-22T06:58:31.214552+00:00,stable,5.512653,200,True,False
c772af8f,2026-09-22T06:58:31.214776+00:00,stable,6.194459,200,True,False
c772af8f,2026-09-22T06:58:31.215612+00:00,stable,102.880249,200,True,False
c772af8f,2026-09-22T06:58:31.247705+00:00,stable,4.726711,200,True,False
c772af8f,2026-09-22T06:58:31.309895+00:00,stable,33.256097,200,True,False
c772af8f,2026-09-22T06:58:31.313693+00:00,stable,3.648912,200,True,False
c772af8f,2026-09-22T06:58:31.347720+00:00,stable,4.499182,200,True,False
c772af8f,2026-09-22T06:58:31.380019+00:00,stable,3.360386,200,True,False
c772af8f,2026-09-22T06:58:31.413182+00:00,stable,3.711517,200,True,False
c772af8f,2026-09-22T06:58:31.446109+00:00,stable,3.116327,200,True,False
c772af8f,2026-09-22T06:58:31.480560+00:00,stable,3.62131,200,True,False
c772af8f,2026-09-22T06:58:31.513680+00:00,stable,3.68327,200,True,False
c772af8f,2026-09-22T06:58:31.547155+00:00,stable,3.948826,200,True,False
c772af8f,2026-09-22T06:58:31.579436+00:00,stable,3.598545,200,True,False
c772af8f,2026-09-22T06:58:31.613516+00:00,stable,3.707738,200,True,False
c772af8f,2026-09-22T06:58:31.646241+00:00,stable,3.194001,200,True,False
c772af8f,2026-09-22T06:58:31.678940+00:00,stable,3.062312,200,True,False
c772af8f,2026-09-22T06:58:31.713228+00:00,stable,3.407592,200,True,False
c772af8f,2026-09-22T06:58:31.746103+00:00,stable,3.185619,200,True,False
c772af8f,2026-09-22T06:58:31.779001+00:00,stable,3.133527,200,True,False
c772af8f,2026-09-22T06:58:31.812690+00:00,stable,3.313025,200,True,False
c772af8f,2026-09-22T06:58:31.846310+00:00,stable,3.041569,200,True,False
c772af8f,2026-09-22T06:58:31.879866+00:00,stable,3.820543,200,True,False
c772af8f,2026-09-22T06:58:31.912799+00:00,stable,3.486402,200,True,False
c772af8f,2026-09-22T06:58:31.946627+00:00,stable,3.377946,200,True,False
c772af8f,2026-09-22T06:58:31.980522+00:00,stable,3.723639,200,True,False
c772af8f,2026-09-22T06:58:32.013284+00:00,stable,3.318223,200,True,False
c772af8f,2026-09-22T06:58:32.046412+00:00,stable,3.557967,200,True,False
c772af8f,2026-09-22T06:58:32.079866+00:00,stable,3.450714,200,True,False
c772af8f,2026-09-22T06:58:32.113192+00:00,stable,3.404788,200,True,False
c772af8f,2026-09-22T06:58:32.146375+00:00,stable,3.285656,200,True,False
c772af8f,2026-09-22T06:58:32.179791+00:00,stable,3.350522,200,True,False
c772af8f,2026-09-22T06:58:32.212660+00:00,stable,3.480866,200,True,False
c772af8f,2026-09-22T06:58:32.246682+00:00,stable,3.577759,200,True,False
c772af8f,2026-09-22T06:58:32.279854+00:00,stable,3.46831,200,True,False
c772af8f,2026-09-22T06:58:32.312985+00:00,stable,3.61303,200,True,False
c772af8f,2026-09-22T06:58:32.369627+00:00,stable,26.03881,200,True,False
c772af8f,2026-09-22T06:58:32.378948+00:00,stable,3.166636,200,True,False
c772af8f,2026-09-22T06:58:32.413187+00:00,stable,3.855348,200,True,False
c772af8f,2026-09-22T06:58:32.446390+00:00,stable,3.451058,200,True,False
c772af8f,2026-09-22T06:58:32.479446+00:00,stable,3.399929,200,True,False
c772af8f,2026-09-22T06:58:32.514083+00:00,stable,4.180943,200,True,False
c772af8f,2026-09-22T06:58:32.546589+00:00,stable,3.261113,200,True,False
c772af8f,2026-09-22T06:58:32.579796+00:00,stable,3.380498,200,True,False
c772af8f,2026-09-22T06:58:32.613132+00:00,stable,3.361694,200,True,False
c772af8f,2026-09-22T06:58:32.645668+00:00,stable,3.09893,200,True,False
c772af8f,2026-09-22T06:58:32.680501+00:00,stable,3.997401,200,True,False
c772af8f,2026-09-22T06:58:32.713288+00:00,stable,3.247771,200,True,False
c772af8f,2026-09-22T06:58:32.746096+00:00,stable,2.99469,200,True,False
c772af8f,2026-09-22T06:58:32.782182+00:00,stable,5.347311,200,True,False
c772af8f,2026-09-22T06:58:32.827794+00:00,stable,10.725386,200,True,False
c772af8f,2026-09-22T06:58:32.845840+00:00,stable,3.037726,200,True,False
c772af8f,2026-09-22T06:58:32.879456+00:00,stable,2.863302,200,True,False
c772af8f,2026-09-22T06:58:32.913306+00:00,stable,3.255646,200,True,False
c772af8f,2026-09-22T06:58:32.946206+00:00,stable,3.016008,200,True,False
c772af8f,2026-09-22T06:58:32.979448+00:00,stable,3.15132,200,True,False
c772af8f,2026-09-22T06:58:33.012435+00:00,stable,3.264897,200,True,False
c772af8f,2026-09-22T06:58:33.046651+00:00,stable,3.210701,200,True,False
c772af8f,2026-09-22T06:58:33.080114+00:00,stable,3.272202,200,True,False
c772af8f,2026-09-22T06:58:33.112867+00:00,stable,3.231473,200,True,False
c772af8f,2026-09-22T06:58:33.145503+00:00,stable,3.054003,200,True,False
c772af8f,2026-09-22T06:58:33.179871+00:00,stable,3.482155,200,True,False
c772af8f,2026-09-22T06:58:33.212394+00:00,stable,3.232036,200,True,False
c772af8f,2026-09-22T06:58:33.246218+00:00,stable,3.293653,200,True,False
c772af8f,2026-09-22T06:58:33.279627+00:00,stable,3.412206,200,True,False
c772af8f,2026-09-22T06:58:33.313879+00:00,stable,3.486185,200,True,False
c772af8f,2026-09-22T06:58:33.351484+00:00,stable,3.824888,200,True,False
c772af8f,2026-09-22T06:58:33.379936+00:00,stable,3.481944,200,True,False
c772af8f,2026-09-22T06:58:33.416095+00:00,stable,3.533719,200,True,False
c772af8f,2026-09-22T06:58:33.447990+00:00,stable,4.768079,200,True,False
c772af8f,2026-09-22T06:58:33.480125+00:00,stable,3.921465,200,True,False
c772af8f,2026-09-22T06:58:33.513856+00:00,stable,3.894762,200,True,False
c772af8f,2026-09-22T06:58:33.548426+00:00,stable,4.101744,200,True,False
c772af8f,2026-09-22T06:58:33.580349+00:00,stable,3.762042,200,True,False
c772af8f,2026-09-22T06:58:33.613448+00:00,stable,3.645687,200,True,False
c772af8f,2026-09-22T06:58:33.647281+00:00,stable,3.896251,200,True,False
c772af8f,2026-09-22T06:58:33.680528+00:00,stable,4.327894,200,True,False
c772af8f,2026-09-22T06:58:33.713737+00:00,stable,3.765591,200,True,False
c772af8f,2026-09-22T06:58:33.747531+00:00,stable,4.078292,200,True,False
c772af8f,2026-09-22T06:58:33.780245+00:00,stable,3.843081,200,True,False
c772af8f,2026-09-22T06:58:33.818999+00:00,stable,9.107536,200,True,False
c772af8f,2026-09-22T06:58:33.848400+00:00,stable,4.786109,200,True,False
c772af8f,2026-09-22T06:58:33.880894+00:00,stable,4.210681,200,True,False
c772af8f,2026-09-22T06:58:33.914256+00:00,stable,4.403256,200,True,False
c772af8f,2026-09-22T06:58:33.947305+00:00,stable,4.282421,200,True,False
c772af8f,2026-09-22T06:58:33.981117+00:00,stable,4.586393,200,True,False
c772af8f,2026-09-22T06:58:34.036872+00:00,stable,4.510694,200,True,False
c772af8f,2026-09-22T06:58:34.047191+00:00,stable,3.851713,200,True,False
c772af8f,2026-09-22T06:58:34.081149+00:00,stable,4.902934,200,True,False
c772af8f,2026-09-22T06:58:34.114359+00:00,stable,4.40026,200,True,False
c772af8f,2026-09-22T06:58:34.147303+00:00,stable,4.211768,200,True,False
c772af8f,2026-09-22T06:58:34.180842+00:00,stable,4.133223,200,True,False
c772af8f,2026-09-22T06:58:34.213498+00:00,stable,4.280525,200,True,False
c772af8f,2026-09-22T06:58:34.247311+00:00,stable,4.73516,200,True,False
c772af8f,2026-09-22T06:58:34.280277+00:00,stable,4.43506,200,True,False
c772af8f,2026-09-22T06:58:34.314575+00:00,stable,4.754509,200,True,False
c772af8f,2026-09-22T06:58:34.347649+00:00,stable,4.48518,200,True,False
c772af8f,2026-09-22T06:58:34.381490+00:00,stable,4.891257,200,True,False
c772af8f,2026-09-22T06:58:34.414699+00:00,stable,4.593066,200,True,False
c772af8f,2026-09-22T06:58:34.448187+00:00,stable,4.546493,200,True,False
c772af8f,2026-09-22T06:58:34.481341+00:00,stable,4.328545,200,True,False
c772af8f,2026-09-22T06:58:34.514516+00:00,stable,4.342844,200,True,False
c772af8f,2026-09-22T06:58:34.547221+00:00,stable,3.933501,200,True,False
c772af8f,2026-09-22T06:58:34.581394+00:00,stable,4.980339,200,True,False
c772af8f,2026-09-22T06:58:34.614459+00:00,stable,4.22005,200,True,False
c772af8f,2026-09-22T06:58:34.647766+00:00,stable,4.75666,200,True,False
c772af8f,2026-09-22T06:58:34.712453+00:00,stable,4.666891,200,True,False
c772af8f,2026-09-22T06:58:34.724892+00:00,stable,12.095674,200,True,False
c772af8f,2026-09-22T06:58:34.753929+00:00,stable,9.811415,200,True,False
c772af8f,2026-09-22T06:58:34.815374+00:00,stable,4.141166,200,True,False
c772af8f,2026-09-22T06:58:34.815477+00:00,stable,4.392785,200,True,False
c772af8f,2026-09-22T06:58:34.847386+00:00,stable,4.233131,200,True,False
c772af8f,2026-09-22T06:58:34.880431+00:00,stable,4.132954,200,True,False
c772af8f,2026-09-22T06:58:34.914517+00:00,stable,4.585472,200,True,False
c772af8f,2026-09-22T06:58:34.947990+00:00,stable,4.567224,200,True,False
c772af8f,2026-09-22T06:58:34.981782+00:00,stable,5.011274,200,True,False
c772af8f,2026-09-22T06:58:35.015469+00:00,stable,5.848175,200,True,False
c772af8f,2026-09-22T06:58:35.047971+00:00,stable,4.637139,200,True,False
c772af8f,2026-09-22T06:58:35.080628+00:00,stable,4.644842,200,True,False
c772af8f,2026-09-22T06:58:35.115215+00:00,stable,5.795442,200,True,False
c772af8f,2026-09-22T06:58:35.148077+00:00,stable,4.4665,200,True,False
c772af8f,2026-09-22T06:58:35.180954+00:00,stable,4.490281,200,True,False
c772af8f,2026-09-22T06:58:35.214046+00:00,stable,4.728255,200,True,False
c772af8f,2026-09-22T06:58:35.247479+00:00,stable,3.959707,200,True,False
c772af8f,2026-09-22T06:58:35.281287+00:00,stable,4.773697,200,True,False
c772af8f,2026-09-22T06:58:35.314221+00:00,stable,4.425896,200,True,False
c772af8f,2026-09-22T06:58:35.352020+00:00,stable,4.197444,200,True,False
c772af8f,2026-09-22T06:58:35.381362+00:00,stable,4.530835,200,True,False
c772af8f,2026-09-22T06:58:35.416385+00:00,stable,6.352816,200,True,False
c772af8f,2026-09-22T06:58:35.447253+00:00,stable,3.956491,200,True,False
c772af8f,2026-09-22T06:58:35.481221+00:00,stable,4.899569,200,True,False
c772af8f,2026-09-22T06:58:35.514457+00:00,stable,4.225975,200,True,False
c772af8f,2026-09-22T06:58:35.548135+00:00,stable,4.425451,200,True,False
c772af8f,2026-09-22T06:58:35.580272+00:00,stable,3.799531,200,True,False
c772af8f,2026-09-22T06:58:35.615975+00:00,stable,5.796731,200,True,False
c772af8f,2026-09-22T06:58:35.648199+00:00,stable,4.627527,200,True,False
c772af8f,2026-09-22T06:58:35.679894+00:00,stable,3.682979,200,True,False
c772af8f,2026-09-22T06:58:35.713465+00:00,stable,4.18301,200,True,False
c772af8f,2026-09-22T06:58:35.747165+00:00,stable,3.70416,200,True,False
c772af8f,2026-09-22T06:58:35.780112+00:00,stable,4.211473,200,True,False
c772af8f,2026-09-22T06:58:35.813544+00:00,stable,4.040066,200,True,False
c772af8f,2026-09-22T06:58:35.846611+00:00,stable,3.558549,200,True,False
c772af8f,2026-09-22T06:58:35.880026+00:00,stable,3.651029,200,True,False
c772af8f,2026-09-22T06:58:35.918139+00:00,stable,8.223236,200,True,False
c772af8f,2026-09-22T06:58:35.947900+00:00,stable,5.41186,200,True,False
c772af8f,2026-09-22T06:58:35.980183+00:00,stable,3.594267,200,True,False
c772af8f,2026-09-22T06:58:36.014672+00:00,stable,4.775985,200,True,False
c772af8f,2026-09-22T06:58:36.046540+00:00,stable,3.272445,200,True,False
c772af8f,2026-09-22T06:58:36.080406+00:00,stable,4.210258,200,True,False
c772af8f,2026-09-22T06:58:36.113442+00:00,stable,3.513146,200,True,False
c772af8f,2026-09-22T06:58:36.146633+00:00,stable,3.204187,200,True,False
c772af8f,2026-09-22T06:58:36.179877+00:00,stable,3.32199,200,True,False
c772af8f,2026-09-22T06:58:36.212701+00:00,stable,3.262482,200,True,False
c772af8f,2026-09-22T06:58:36.246542+00:00,stable,3.117209,200,True,False
c772af8f,2026-09-22T06:58:36.279546+00:00,stable,3.143463,200,True,False
c772af8f,2026-09-22T06:58:36.313830+00:00,stable,4.52038,200,True,False
c772af8f,2026-09-22T06:58:36.346003+00:00,stable,2.893523,200,True,False
c772af8f,2026-09-22T06:58:36.381160+00:00,stable,4.495651,200,True,False
c772af8f,2026-09-22T06:58:36.413371+00:00,stable,3.24372,200,True,False
c772af8f,2026-09-22T06:58:36.446199+00:00,stable,2.85445,200,True,False
c772af8f,2026-09-22T06:58:36.478921+00:00,stable,3.000023,200,True,False
c772af8f,2026-09-22T06:58:36.513334+00:00,stable,3.559504,200,True,False
c772af8f,2026-09-22T06:58:36.546191+00:00,stable,3.089077,200,True,False
c772af8f,2026-09-22T06:58:36.579437+00:00,stable,3.483934,200,True,False
c772af8f,2026-09-22T06:58:36.613320+00:00,stable,3.366398,200,True,False
c772af8f,2026-09-22T06:58:36.646045+00:00,stable,3.233953,200,True,False
c772af8f,2026-09-22T06:58:36.680004+00:00,stable,3.217432,200,True,False
c772af8f,2026-09-22T06:58:36.714169+00:00,stable,4.629941,200,True,False
c772af8f,2026-09-22T06:58:36.747121+00:00,stable,3.430751,200,True,False
c772af8f,2026-09-22T06:58:36.780328+00:00,stable,3.465862,200,True,False
c772af8f,2026-09-22T06:58:36.814314+00:00,stable,4.330322,200,True,False
c772af8f,2026-09-22T06:58:36.846234+00:00,stable,3.328247,200,True,False
c772af8f,2026-09-22T06:58:36.879360+00:00,stable,3.331169,200,True,False
c772af8f,2026-09-22T06:58:36.913487+00:00,stable,3.486592,200,True,False
c772af8f,2026-09-22T06:58:36.946813+00:00,stable,3.747735,200,True,False
c772af8f,2026-09-22T06:58:36.979175+00:00,stable,3.279405,200,True,False
c772af8f,2026-09-22T06:58:37.013572+00:00,stable,3.897519,200,True,False
c772af8f,2026-09-22T06:58:37.046840+00:00,stable,3.701946,200,True,False
c772af8f,2026-09-22T06:58:37.079877+00:00,stable,3.325386,200,True,False
c772af8f,2026-09-22T06:58:37.113110+00:00,stable,3.818522,200,True,False
c772af8f,2026-09-22T06:58:37.217058+00:00,stable,8.6563,200,True,False
c772af8f,2026-09-22T06:58:37.217279+00:00,stable,8.262467,200,True,False
c772af8f,2026-09-22T06:58:37.230355+00:00,stable,21.459028,200,True,False
c772af8f,2026-09-22T06:58:37.247363+00:00,stable,3.289864,200,True,False
c772af8f,2026-09-22T06:58:37.308163+00:00,stable,31.956813,200,True,False
c772af8f,2026-09-22T06:58:37.313791+00:00,stable,4.374952,200,True,False
c772af8f,2026-09-22T06:58:37.347340+00:00,stable,4.405358,200,True,False
c772af8f,2026-09-22T06:58:37.379883+00:00,stable,3.432875,200,True,False
c772af8f,2026-09-22T06:58:37.413233+00:00,stable,3.789861,200,True,False
c772af8f,2026-09-22T06:58:37.446884+00:00,stable,4.218717,200,True,False
c772af8f,2026-09-22T06:58:37.481673+00:00,stable,4.694838,200,True,False
c772af8f,2026-09-22T06:58:37.514089+00:00,stable,4.095481,200,True,False
c772af8f,2026-09-22T06:58:37.547770+00:00,stable,4.178128,200,True,False
c772af8f,2026-09-22T06:58:37.610214+00:00,stable,33.4481,200,True,False
c772af8f,2026-09-22T06:58:37.613361+00:00,stable,3.91389,200,True,False
c772af8f,2026-09-22T06:58:37.647868+00:00,stable,4.878446,200,True,False
c772af8f,2026-09-22T06:58:37.680792+00:00,stable,4.09799,200,True,False
c772af8f,2026-09-22T06:58:37.715037+00:00,stable,4.701781,200,True,False
c772af8f,2026-09-22T06:58:37.746938+00:00,stable,4.010033,200,True,False
c772af8f,2026-09-22T06:58:37.780586+00:00,stable,3.802294,200,True,False
c772af8f,2026-09-22T06:58:37.814838+00:00,stable,4.744192,200,True,False
c772af8f,2026-09-22T06:58:37.847078+00:00,stable,3.937223,200,True,False
c772af8f,2026-09-22T06:58:37.880145+00:00,stable,3.858988,200,True,False
c772af8f,2026-09-22T06:58:37.914076+00:00,stable,3.869057,200,True,False
c772af8f,2026-09-22T06:58:37.946850+00:00,stable,3.99961,200,True,False
c772af8f,2026-09-22T06:58:37.980499+00:00,stable,3.691223,200,True,False
c772af8f,2026-09-22T06:58:38.014479+00:00,stable,4.261824,200,True,False
c772af8f,2026-09-22T06:58:38.046530+00:00,stable,3.632066,200,True,False
c772af8f,2026-09-22T06:58:38.079713+00:00,stable,3.833599,200,True,False
c772af8f,2026-09-22T06:58:38.113960+00:00,stable,3.732979,200,True,False
c772af8f,2026-09-22T06:58:38.146182+00:00,stable,3.678033,200,True,False
c772af8f,2026-09-22T06:58:38.179598+00:00,stable,3.737518,200,True,False
c772af8f,2026-09-22T06:58:38.214059+00:00,stable,3.974112,200,True,False
c772af8f,2026-09-22T06:58:38.246265+00:00,stable,3.442061,200,True,False
c772af8f,2026-09-22T06:58:38.279879+00:00,stable,3.644024,200,True,False
c772af8f,2026-09-22T06:58:38.313231+00:00,stable,3.891211,200,True,False
c772af8f,2026-09-22T06:58:38.346484+00:00,stable,3.438497,200,True,False
c772af8f,2026-09-22T06:58:38.380917+00:00,stable,4.328778,200,True,False
c772af8f,2026-09-22T06:58:38.412966+00:00,stable,3.675913,200,True,False
c772af8f,2026-09-22T06:58:38.447664+00:00,stable,3.697565,200,True,False
c772af8f,2026-09-22T06:58:38.481122+00:00,stable,4.153713,200,True,False
c772af8f,2026-09-22T06:58:38.514012+00:00,stable,4.070137,200,True,False
c772af8f,2026-09-22T06:58:38.548435+00:00,stable,4.847779,200,True,False
c772af8f,2026-09-22T06:58:38.581085+00:00,stable,4.705488,200,True,False
c772af8f,2026-09-22T06:58:38.620576+00:00,stable,5.513976,200,True,False
c772af8f,2026-09-22T06:58:38.649541+00:00,stable,6.06837,200,True,False
c772af8f,2026-09-22T06:58:38.709615+00:00,stable,29.723092,200,True,False
c772af8f,2026-09-22T06:58:38.714599+00:00,stable,5.3645,200,True,False
c772af8f,2026-09-22T06:58:38.748383+00:00,stable,5.852806,200,True,False
c772af8f,2026-09-22T06:58:38.813847+00:00,stable,5.330442,200,True,False
c772af8f,2026-09-22T06:58:38.815294+00:00,stable,5.248292,200,True,False
c772af8f,2026-09-22T06:58:38.848367+00:00,stable,5.190928,200,True,False
c772af8f,2026-09-22T06:58:38.914395+00:00,stable,6.364989,200,True,False
c772af8f,2026-09-22T06:58:38.915653+00:00,stable,5.88238,200,True,False
c772af8f,2026-09-22T06:58:39.013824+00:00,stable,5.43896,200,True,False
c772af8f,2026-09-22T06:58:39.013876+00:00,stable,5.284832,200,True,False
c772af8f,2026-09-22T06:58:39.016252+00:00,stable,6.063597,200,True,False
c772af8f,2026-09-22T06:58:39.118119+00:00,stable,9.508606,200,True,False
c772af8f,2026-09-22T06:58:39.118096+00:00,stable,9.804893,200,True,False
c772af8f,2026-09-22T06:58:39.127256+00:00,stable,4.627271,200,True,False
c772af8f,2026-09-22T06:58:39.215419+00:00,stable,6.791932,200,True,False
c772af8f,2026-09-22T06:58:39.216896+00:00,stable,7.945536,200,True,False
c772af8f,2026-09-22T06:58:39.219045+00:00,stable,10.153381,200,True,False
c772af8f,2026-09-22T06:58:39.246984+00:00,stable,4.463454,200,True,False
c772af8f,2026-09-22T06:58:39.281416+00:00,stable,4.255056,200,True,False
c772af8f,2026-09-22T06:58:39.314209+00:00,stable,4.209683,200,True,False
c772af8f,2026-09-22T06:58:39.347170+00:00,stable,4.038494,200,True,False
c772af8f,2026-09-22T06:58:39.380651+00:00,stable,4.229443,200,True,False
c772af8f,2026-09-22T06:58:39.414485+00:00,stable,4.24334,200,True,False
c772af8f,2026-09-22T06:58:39.447777+00:00,stable,4.13984,200,True,False
c772af8f,2026-09-22T06:58:39.480975+00:00,stable,3.985261,200,True,False
c772af8f,2026-09-22T06:58:39.514625+00:00,stable,4.823048,200,True,False
c772af8f,2026-09-22T06:58:39.549874+00:00,stable,7.371957,200,True,False
c772af8f,2026-09-22T06:58:39.581039+00:00,stable,4.342421,200,True,False
c772af8f,2026-09-22T06:58:39.613817+00:00,stable,4.328003,200,True,False
c772af8f,2026-09-22T06:58:39.672777+00:00,stable,29.172858,200,True,False
c772af8f,2026-09-22T06:58:39.680775+00:00,stable,4.167845,200,True,False
c772af8f,2026-09-22T06:58:39.713981+00:00,stable,4.40749,200,True,False
c772af8f,2026-09-22T06:58:39.747668+00:00,stable,4.157587,200,True,False
c772af8f,2026-09-22T06:58:39.781040+00:00,stable,4.307672,200,True,False
c772af8f,2026-09-22T06:58:39.813998+00:00,stable,4.445621,200,True,False
c772af8f,2026-09-22T06:58:39.911905+00:00,stable,4.197405,200,True,False
c772af8f,2026-09-22T06:58:39.912554+00:00,stable,4.607857,200,True,False
c772af8f,2026-09-22T06:58:39.915021+00:00,stable,3.760216,200,True,False
c772af8f,2026-09-22T06:58:40.011963+00:00,stable,68.657807,200,True,False
c772af8f,2026-09-22T06:58:40.012161+00:00,stable,36.263409,200,True,False
c772af8f,2026-09-22T06:58:40.014609+00:00,stable,4.208658,200,True,False
c772af8f,2026-09-22T06:58:40.047417+00:00,stable,3.963414,200,True,False
c772af8f,2026-09-22T06:58:40.111890+00:00,stable,4.192508,200,True,False
c772af8f,2026-09-22T06:58:40.114907+00:00,stable,5.783458,200,True,False
c772af8f,2026-09-22T06:58:40.147708+00:00,stable,4.088122,200,True,False
c772af8f,2026-09-22T06:58:40.180420+00:00,stable,3.814911,200,True,False
c772af8f,2026-09-22T06:58:40.213777+00:00,stable,3.748924,200,True,False
c772af8f,2026-09-22T06:58:40.247290+00:00,stable,3.998867,200,True,False
c772af8f,2026-09-22T06:58:40.279859+00:00,stable,3.988319,200,True,False
c772af8f,2026-09-22T06:58:40.313811+00:00,stable,4.068063,200,True,False
c772af8f,2026-09-22T06:58:40.346907+00:00,stable,3.649159,200,True,False
c772af8f,2026-09-22T06:58:40.380814+00:00,stable,4.563535,200,True,False
c772af8f,2026-09-22T06:58:40.415277+00:00,stable,4.979192,200,True,False
c772af8f,2026-09-22T06:58:40.447105+00:00,stable,4.308105,200,True,False
c772af8f,2026-09-22T06:58:40.480885+00:00,stable,5.011007,200,True,False
c772af8f,2026-09-22T06:58:40.513994+00:00,stable,4.547963,200,True,False
c772af8f,2026-09-22T06:58:40.546960+00:00,stable,3.988028,200,True,False
c772af8f,2026-09-22T06:58:40.580314+00:00,stable,4.404338,200,True,False
c772af8f,2026-09-22T06:58:40.614099+00:00,stable,4.222871,200,True,False
c772af8f,2026-09-22T06:58:40.647354+00:00,stable,4.183836,200,True,False
c772af8f,2026-09-22T06:58:40.680868+00:00,stable,4.285534,200,True,False
c772af8f,2026-09-22T06:58:40.714490+00:00,stable,4.865899,200,True,False
c772af8f,2026-09-22T06:58:40.754607+00:00,stable,11.081671,200,True,False
c772af8f,2026-09-22T06:58:40.812123+00:00,stable,4.332163,200,True,False
c772af8f,2026-09-22T06:58:40.815701+00:00,stable,5.368625,200,True,False
c772af8f,2026-09-22T06:58:40.849507+00:00,stable,4.693726,200,True,False
c772af8f,2026-09-22T06:58:40.880804+00:00,stable,4.453313,200,True,False
c772af8f,2026-09-22T06:58:40.914411+00:00,stable,4.712028,200,True,False
c772af8f,2026-09-22T06:58:40.947977+00:00,stable,4.894606,200,True,False
c772af8f,2026-09-22T06:58:41.017943+00:00,stable,10.029597,200,True,False
c772af8f,2026-09-22T06:58:41.018926+00:00,stable,8.826719,200,True,False
c772af8f,2026-09-22T06:58:41.116254+00:00,stable,5.987179,200,True,False
c772af8f,2026-09-22T06:58:41.123415+00:00,stable,13.002806,200,True,False
c772af8f,2026-09-22T06:58:41.124889+00:00,stable,15.021174,200,True,False
c772af8f,2026-09-22T06:58:41.216062+00:00,stable,6.603539,200,True,False
c772af8f,2026-09-22T06:58:41.220137+00:00,stable,10.283069,200,True,False
c772af8f,2026-09-22T06:58:41.220448+00:00,stable,10.878629,200,True,False
c772af8f,2026-09-22T06:58:41.316375+00:00,stable,7.958557,200,True,False
c772af8f,2026-09-22T06:58:41.316509+00:00,stable,8.392308,200,True,False
c772af8f,2026-09-22T06:58:41.316508+00:00,stable,4.811144,200,True,False
c772af8f,2026-09-22T06:58:41.417462+00:00,stable,6.220916,200,True,False
c772af8f,2026-09-22T06:58:41.515130+00:00,stable,104.116796,200,True,False
c772af8f,2026-09-22T06:58:41.515318+00:00,stable,104.082404,200,True,False
c772af8f,2026-09-22T06:58:41.522575+00:00,stable,13.531979,200,True,False
c772af8f,2026-09-22T06:58:41.522932+00:00,stable,13.57203,200,True,False
c772af8f,2026-09-22T06:58:41.524507+00:00,stable,15.410837,200,True,False
c772af8f,2026-09-22T06:58:41.546827+00:00,stable,3.784218,200,True,False
c772af8f,2026-09-22T06:58:41.611701+00:00,stable,3.733036,200,True,False
c772af8f,2026-09-22T06:58:41.612235+00:00,stable,3.101057,200,True,False
c772af8f,2026-09-22T06:58:41.646262+00:00,stable,3.352687,200,True,False
c772af8f,2026-09-22T06:58:41.679711+00:00,stable,3.417399,200,True,False
c772af8f,2026-09-22T06:58:41.713681+00:00,stable,3.601347,200,True,False
c772af8f,2026-09-22T06:58:41.747383+00:00,stable,3.744272,200,True,False
c772af8f,2026-09-22T06:58:41.779274+00:00,stable,3.168989,200,True,False
c772af8f,2026-09-22T06:58:41.814046+00:00,stable,4.042387,200,True,False
c772af8f,2026-09-22T06:58:41.846525+00:00,stable,3.35923,200,True,False
c772af8f,2026-09-22T06:58:41.879796+00:00,stable,3.312228,200,True,False
c772af8f,2026-09-22T06:58:41.912961+00:00,stable,3.437895,200,True,False
c772af8f,2026-09-22T06:58:41.946924+00:00,stable,3.544726,200,True,False
c772af8f,2026-09-22T06:58:41.980590+00:00,stable,3.671223,200,True,False
c772af8f,2026-09-22T06:58:42.013631+00:00,stable,3.478865,200,True,False
c772af8f,2026-09-22T06:58:42.046840+00:00,stable,3.720082,200,True,False
c772af8f,2026-09-22T06:58:42.080342+00:00,stable,3.661811,200,True,False
c772af8f,2026-09-22T06:58:42.114928+00:00,stable,4.163348,200,True,False
c772af8f,2026-09-22T06:58:42.146985+00:00,stable,3.997719,200,True,False
c772af8f,2026-09-22T06:58:42.179724+00:00,stable,3.95437,200,True,False
c772af8f,2026-09-22T06:58:42.215842+00:00,stable,6.53454,200,True,False
c772af8f,2026-09-22T06:58:42.246418+00:00,stable,3.583247,200,True,False
c772af8f,2026-09-22T06:58:42.280032+00:00,stable,3.388333,200,True,False
c772af8f,2026-09-22T06:58:42.312689+00:00,stable,3.224726,200,True,False
c772af8f,2026-09-22T06:58:42.346090+00:00,stable,2.777663,200,True,False
c772af8f,2026-09-22T06:58:42.379985+00:00,stable,3.128102,200,True,False
c772af8f,2026-09-22T06:58:42.412714+00:00,stable,3.141984,200,True,False
c772af8f,2026-09-22T06:58:42.446010+00:00,stable,3.017418,200,True,False
c772af8f,2026-09-22T06:58:42.480416+00:00,stable,3.485178,200,True,False
c772af8f,2026-09-22T06:58:42.513425+00:00,stable,3.487268,200,True,False
c772af8f,2026-09-22T06:58:42.546334+00:00,stable,3.39607,200,True,False
c772af8f,2026-09-22T06:58:42.579670+00:00,stable,3.321811,200,True,False
c772af8f,2026-09-22T06:58:42.613255+00:00,stable,3.798328,200,True,False
c772af8f,2026-09-22T06:58:42.646309+00:00,stable,3.507673,200,True,False
c772af8f,2026-09-22T06:58:42.680128+00:00,stable,3.778437,200,True,False
c772af8f,2026-09-22T06:58:42.713186+00:00,stable,3.369342,200,True,False
c772af8f,2026-09-22T06:58:42.745794+00:00,stable,3.206458,200,True,False
c772af8f,2026-09-22T06:58:42.779654+00:00,stable,3.600195,200,True,False
c772af8f,2026-09-22T06:58:42.813470+00:00,stable,3.330052,200,True,False
c772af8f,2026-09-22T06:58:42.846988+00:00,stable,3.58932,200,True,False
c772af8f,2026-09-22T06:58:42.880350+00:00,stable,3.569615,200,True,False
c772af8f,2026-09-22T06:58:42.913262+00:00,stable,3.338851,200,True,False
c772af8f,2026-09-22T06:58:42.946549+00:00,stable,3.577057,200,True,False
c772af8f,2026-09-22T06:58:42.980304+00:00,stable,3.651536,200,True,False
c772af8f,2026-09-22T06:58:43.013324+00:00,stable,3.5883,200,True,False
c772af8f,2026-09-22T06:58:43.045703+00:00,stable,3.189744,200,True,False
c772af8f,2026-09-22T06:58:43.083124+00:00,stable,6.066914,200,True,False
c772af8f,2026-09-22T06:58:43.113089+00:00,stable,3.398942,200,True,False
c772af8f,2026-09-22T06:58:43.147005+00:00,stable,4.081139,200,True,False
c772af8f,2026-09-22T06:58:43.180365+00:00,stable,3.619856,200,True,False
c772af8f,2026-09-22T06:58:43.213660+00:00,stable,3.734742,200,True,False
c772af8f,2026-09-22T06:58:43.246481+00:00,stable,3.349437,200,True,False
c772af8f,2026-09-22T06:58:43.280991+00:00,stable,4.664706,200,True,False
c772af8f,2026-09-22T06:58:43.313284+00:00,stable,3.665244,200,True,False
c772af8f,2026-09-22T06:58:43.346971+00:00,stable,3.80513,200,True,False
c772af8f,2026-09-22T06:58:43.380722+00:00,stable,3.792422,200,True,False
c772af8f,2026-09-22T06:58:43.413541+00:00,stable,4.245703,200,True,False
c772af8f,2026-09-22T06:58:43.447197+00:00,stable,4.074832,200,True,False
c772af8f,2026-09-22T06:58:43.480786+00:00,stable,4.004046,200,True,False
c772af8f,2026-09-22T06:58:43.514182+00:00,stable,3.907038,200,True,False
c772af8f,2026-09-22T06:58:43.547414+00:00,stable,4.188407,200,True,False
c772af8f,2026-09-22T06:58:43.581732+00:00,stable,4.842534,200,True,False
c772af8f,2026-09-22T06:58:43.615420+00:00,stable,4.995503,200,True,False
c772af8f,2026-09-22T06:58:43.713572+00:00,stable,5.281861,200,True,False
c772af8f,2026-09-22T06:58:43.714105+00:00,stable,70.711827,200,True,False
c772af8f,2026-09-22T06:58:43.715255+00:00,stable,5.114661,200,True,False
c772af8f,2026-09-22T06:58:43.815488+00:00,stable,6.839489,200,True,False
c772af8f,2026-09-22T06:58:43.816225+00:00,stable,7.841437,200,True,False
c772af8f,2026-09-22T06:58:43.826922+00:00,stable,17.672347,200,True,False
c772af8f,2026-09-22T06:58:43.920329+00:00,stable,11.390775,200,True,False
c772af8f,2026-09-22T06:58:43.920421+00:00,stable,11.056419,200,True,False
c772af8f,2026-09-22T06:58:43.920483+00:00,stable,11.43746,200,True,False
c772af8f,2026-09-22T06:58:44.033502+00:00,stable,15.940174,200,True,False
c772af8f,2026-09-22T06:58:44.112052+00:00,stable,94.387952,200,True,False
c772af8f,2026-09-22T06:58:44.116223+00:00,stable,98.392598,200,True,False
c772af8f,2026-09-22T06:58:44.116410+00:00,stable,7.609195,200,True,False
c772af8f,2026-09-22T06:58:44.117071+00:00,stable,8.553609,200,True,False
c772af8f,2026-09-22T06:58:44.118969+00:00,stable,6.998505,200,True,False
c772af8f,2026-09-22T06:58:44.217952+00:00,stable,3.018937,200,True,False
c772af8f,2026-09-22T06:58:44.228127+00:00,stable,12.989381,200,True,False
c772af8f,2026-09-22T06:58:44.230448+00:00,stable,15.193741,200,True,False
c772af8f,2026-09-22T06:58:44.313537+00:00,stable,4.385225,200,True,False
c772af8f,2026-09-22T06:58:44.313864+00:00,stable,5.884464,200,True,False
c772af8f,2026-09-22T06:58:44.314974+00:00,stable,7.280452,200,True,False
c772af8f,2026-09-22T06:58:44.413789+00:00,stable,37.569356,200,True,False
c772af8f,2026-09-22T06:58:44.414667+00:00,stable,72.051958,200,True,False
c772af8f,2026-09-22T06:58:44.414849+00:00,stable,4.649044,200,True,False
c772af8f,2026-09-22T06:58:44.515133+00:00,stable,3.353638,200,True,False
c772af8f,2026-09-22T06:58:44.515133+00:00,stable,3.353742,200,True,False
c772af8f,2026-09-22T06:58:44.517651+00:00,stable,5.727897,200,True,False
c772af8f,2026-09-22T06:58:44.608362+00:00,stable,65.109388,200,True,False
c772af8f,2026-09-22T06:58:44.613105+00:00,stable,5.003718,200,True,False
c772af8f,2026-09-22T06:58:44.615925+00:00,stable,4.927279,200,True,False
c772af8f,2026-09-22T06:58:44.716039+00:00,stable,7.960244,200,True,False
c772af8f,2026-09-22T06:58:44.716202+00:00,stable,7.858489,200,True,False
c772af8f,2026-09-22T06:58:44.716262+00:00,stable,6.598421,200,True,False
c772af8f,2026-09-22T06:58:44.745563+00:00,stable,2.889291,200,True,False
c772af8f,2026-09-22T06:58:44.819744+00:00,stable,9.248325,200,True,False
c772af8f,2026-09-22T06:58:44.819994+00:00,stable,9.84873,200,True,False
c772af8f,2026-09-22T06:58:44.846811+00:00,stable,3.40687,200,True,False
c772af8f,2026-09-22T06:58:44.914906+00:00,stable,6.82744,200,True,False
c772af8f,2026-09-22T06:58:44.937788+00:00,stable,3.087034,200,True,False
c772af8f,2026-09-22T06:58:44.946284+00:00,stable,3.12025,200,True,False
c772af8f,2026-09-22T06:58:45.011897+00:00,stable,4.009465,200,True,False
c772af8f,2026-09-22T06:58:45.015117+00:00,stable,5.386281,200,True,False
c772af8f,2026-09-22T06:58:45.112501+00:00,stable,4.635444,200,True,False
c772af8f,2026-09-22T06:58:45.112552+00:00,stable,67.845246,200,True,False
c772af8f,2026-09-22T06:58:45.114372+00:00,stable,4.779692,200,True,False
c772af8f,2026-09-22T06:58:45.215176+00:00,stable,3.051715,200,True,False
c772af8f,2026-09-22T06:58:45.215211+00:00,stable,3.30814,200,True,False
c772af8f,2026-09-22T06:58:45.215854+00:00,stable,3.733338,200,True,False
c772af8f,2026-09-22T06:58:45.245698+00:00,stable,3.105928,200,True,False
c772af8f,2026-09-22T06:58:45.324929+00:00,stable,13.378823,200,True,False
c772af8f,2026-09-22T06:58:45.325279+00:00,stable,13.184093,200,True,False
c772af8f,2026-09-22T06:58:45.418000+00:00,stable,3.344287,200,True,False
c772af8f,2026-09-22T06:58:45.507957+00:00,stable,92.98151,200,True,False
c772af8f,2026-09-22T06:58:45.511182+00:00,stable,168.400643,200,True,False
c772af8f,2026-09-22T06:58:45.514989+00:00,stable,6.83133,200,True,False
c772af8f,2026-09-22T06:58:45.517711+00:00,stable,9.941461,200,True,False
c772af8f,2026-09-22T06:58:45.518645+00:00,stable,7.629882,200,True,False
c772af8f,2026-09-22T06:58:45.618935+00:00,stable,9.518545,200,True,False
c772af8f,2026-09-22T06:58:45.618930+00:00,stable,9.644989,200,True,False
c772af8f,2026-09-22T06:58:45.619067+00:00,stable,9.847346,200,True,False
c772af8f,2026-09-22T06:58:45.707666+00:00,stable,65.158546,200,True,False
c772af8f,2026-09-22T06:58:45.712339+00:00,stable,3.789805,200,True,False
c772af8f,2026-09-22T06:58:45.712531+00:00,stable,3.225637,200,True,False
c772af8f,2026-09-22T06:58:45.812386+00:00,stable,4.128452,200,True,False
c772af8f,2026-09-22T06:58:45.812437+00:00,stable,3.485894,200,True,False
c772af8f,2026-09-22T06:58:45.812531+00:00,stable,3.76192,200,True,False
c772af8f,2026-09-22T06:58:45.910440+00:00,stable,67.33624,200,True,False
c772af8f,2026-09-22T06:58:45.913148+00:00,stable,4.882865,200,True,False
c772af8f,2026-09-22T06:58:45.913640+00:00,stable,3.615479,200,True,False
c772af8f,2026-09-22T06:58:45.946710+00:00,stable,3.444672,200,True,False
c772af8f,2026-09-22T06:58:46.011306+00:00,stable,34.829622,200,True,False
c772af8f,2026-09-22T06:58:46.012799+00:00,stable,3.350347,200,True,False
c772af8f,2026-09-22T06:58:46.046817+00:00,stable,3.408628,200,True,False
c772af8f,2026-09-22T06:58:46.079879+00:00,stable,3.135949,200,True,False
c772af8f,2026-09-22T06:58:46.112689+00:00,stable,3.411754,200,True,False
c772af8f,2026-09-22T06:58:46.146475+00:00,stable,3.41504,200,True,False
c772af8f,2026-09-22T06:58:46.180103+00:00,stable,3.559162,200,True,False
c772af8f,2026-09-22T06:58:46.213148+00:00,stable,3.541796,200,True,False
c772af8f,2026-09-22T06:58:46.246286+00:00,stable,3.688386,200,True,False
c772af8f,2026-09-22T06:58:46.280185+00:00,stable,3.673863,200,True,False
c772af8f,2026-09-22T06:58:46.313577+00:00,stable,3.378918,200,True,False
c772af8f,2026-09-22T06:58:46.345999+00:00,stable,3.328591,200,True,False
c772af8f,2026-09-22T06:58:46.379345+00:00,stable,3.211921,200,True,False
c772af8f,2026-09-22T06:58:46.412694+00:00,stable,3.337816,200,True,False
c772af8f,2026-09-22T06:58:46.446056+00:00,stable,2.857024,200,True,False
c772af8f,2026-09-22T06:58:46.479931+00:00,stable,3.120677,200,True,False
c772af8f,2026-09-22T06:58:46.512433+00:00,stable,3.197738,200,True,False
c772af8f,2026-09-22T06:58:46.546275+00:00,stable,3.349876,200,True,False
c772af8f,2026-09-22T06:58:46.579750+00:00,stable,3.181464,200,True,False
c772af8f,2026-09-22T06:58:46.612542+00:00,stable,2.927319,200,True,False
c772af8f,2026-09-22T06:58:46.646452+00:00,stable,3.276108,200,True,False
c772af8f,2026-09-22T06:58:46.679259+00:00,stable,3.165584,200,True,False
c772af8f,2026-09-22T06:58:46.712709+00:00,stable,2.803444,200,True,False
c772af8f,2026-09-22T06:58:46.746237+00:00,stable,3.066173,200,True,False
c772af8f,2026-09-22T06:58:46.779899+00:00,stable,3.533014,200,True,False
c772af8f,2026-09-22T06:58:46.815051+00:00,stable,5.514797,200,True,False
c772af8f,2026-09-22T06:58:46.846811+00:00,stable,4.278459,200,True,False
c772af8f,2026-09-22T06:58:46.879479+00:00,stable,3.584378,200,True,False
c772af8f,2026-09-22T06:58:46.913710+00:00,stable,3.13523,200,True,False
c772af8f,2026-09-22T06:58:46.946052+00:00,stable,2.818703,200,True,False
c772af8f,2026-09-22T06:58:46.979927+00:00,stable,3.540033,200,True,False
c772af8f,2026-09-22T06:58:47.012575+00:00,stable,3.073647,200,True,False
c772af8f,2026-09-22T06:58:47.047229+00:00,stable,3.981759,200,True,False
c772af8f,2026-09-22T06:58:47.079604+00:00,stable,3.122958,200,True,False
c772af8f,2026-09-22T06:58:47.112876+00:00,stable,3.132754,200,True,False
c772af8f,2026-09-22T06:58:47.145502+00:00,stable,2.907416,200,True,False
c772af8f,2026-09-22T06:58:47.180229+00:00,stable,4.137911,200,True,False
c772af8f,2026-09-22T06:58:47.212933+00:00,stable,3.041677,200,True,False
c772af8f,2026-09-22T06:58:47.246179+00:00,stable,2.853445,200,True,False
c772af8f,2026-09-22T06:58:47.279720+00:00,stable,3.840045,200,True,False
c772af8f,2026-09-22T06:58:47.312501+00:00,stable,3.138027,200,True,False
c772af8f,2026-09-22T06:58:47.346055+00:00,stable,3.096744,200,True,False
c772af8f,2026-09-22T06:58:47.379160+00:00,stable,3.057664,200,True,False
c772af8f,2026-09-22T06:58:47.412626+00:00,stable,2.994528,200,True,False
c772af8f,2026-09-22T06:58:47.447487+00:00,stable,4.371425,200,True,False
c772af8f,2026-09-22T06:58:47.479431+00:00,stable,3.07521,200,True,False
c772af8f,2026-09-22T06:58:47.512794+00:00,stable,2.91012,200,True,False
c772af8f,2026-09-22T06:58:47.546226+00:00,stable,2.815655,200,True,False
c772af8f,2026-09-22T06:58:47.578386+00:00,stable,2.60589,200,True,False
c772af8f,2026-09-22T06:58:47.612666+00:00,stable,2.88261,200,True,False
c772af8f,2026-09-22T06:58:47.645844+00:00,stable,2.771068,200,True,False
c772af8f,2026-09-22T06:58:47.679971+00:00,stable,3.217171,200,True,False
c772af8f,2026-09-22T06:58:47.712701+00:00,stable,3.292902,200,True,False
c772af8f,2026-09-22T06:58:47.746126+00:00,stable,2.942965,200,True,False
c772af8f,2026-09-22T06:58:47.778853+00:00,stable,2.946066,200,True,False
c772af8f,2026-09-22T06:58:47.812758+00:00,stable,3.143443,200,True,False
c772af8f,2026-09-22T06:58:47.848108+00:00,stable,4.621619,200,True,False
c772af8f,2026-09-22T06:58:47.880011+00:00,stable,3.303498,200,True,False
c772af8f,2026-09-22T06:58:47.913665+00:00,stable,4.107307,200,True,False
c772af8f,2026-09-22T06:58:47.946808+00:00,stable,3.529204,200,True,False
c772af8f,2026-09-22T06:58:47.980291+00:00,stable,4.055437,200,True,False
c772af8f,2026-09-22T06:58:48.013940+00:00,stable,3.888729,200,True,False
c772af8f,2026-09-22T06:58:48.046012+00:00,stable,3.404671,200,True,False
c772af8f,2026-09-22T06:58:48.080091+00:00,stable,3.418798,200,True,False
c772af8f,2026-09-22T06:58:48.112768+00:00,stable,3.015333,200,True,False
c772af8f,2026-09-22T06:58:48.146308+00:00,stable,3.127843,200,True,False
c772af8f,2026-09-22T06:58:48.179215+00:00,stable,3.085642,200,True,False
c772af8f,2026-09-22T06:58:48.212754+00:00,stable,3.066061,200,True,False
c772af8f,2026-09-22T06:58:48.246478+00:00,stable,3.209605,200,True,False
c772af8f,2026-09-22T06:58:48.279321+00:00,stable,3.090138,200,True,False
c772af8f,2026-09-22T06:58:48.313293+00:00,stable,3.324958,200,True,False
c772af8f,2026-09-22T06:58:48.346822+00:00,stable,3.602888,200,True,False
c772af8f,2026-09-22T06:58:48.380117+00:00,stable,3.623793,200,True,False
c772af8f,2026-09-22T06:58:48.413495+00:00,stable,3.787912,200,True,False
c772af8f,2026-09-22T06:58:48.447137+00:00,stable,3.893312,200,True,False
c772af8f,2026-09-22T06:58:48.481260+00:00,stable,4.741475,200,True,False
c772af8f,2026-09-22T06:58:48.514952+00:00,stable,5.100513,200,True,False
c772af8f,2026-09-22T06:58:48.547756+00:00,stable,5.056837,200,True,False
c772af8f,2026-09-22T06:58:48.581959+00:00,stable,5.084747,200,True,False
c772af8f,2026-09-22T06:58:48.618684+00:00,stable,9.409117,200,True,False
c772af8f,2026-09-22T06:58:48.647374+00:00,stable,4.738329,200,True,False
c772af8f,2026-09-22T06:58:48.681433+00:00,stable,4.809653,200,True,False
c772af8f,2026-09-22T06:58:48.715000+00:00,stable,4.881407,200,True,False
c772af8f,2026-09-22T06:58:48.747933+00:00,stable,4.789904,200,True,False
c772af8f,2026-09-22T06:58:48.781452+00:00,stable,4.827358,200,True,False
c772af8f,2026-09-22T06:58:48.815034+00:00,stable,4.648919,200,True,False
c772af8f,2026-09-22T06:58:48.848885+00:00,stable,5.234958,200,True,False
c772af8f,2026-09-22T06:58:48.881272+00:00,stable,5.351798,200,True,False
c772af8f,2026-09-22T06:58:48.914863+00:00,stable,4.834798,200,True,False
c772af8f,2026-09-22T06:58:48.948603+00:00,stable,4.957426,200,True,False
c772af8f,2026-09-22T06:58:48.982135+00:00,stable,5.321862,200,True,False
c772af8f,2026-09-22T06:58:49.014960+00:00,stable,5.132401,200,True,False
c772af8f,2026-09-22T06:58:49.048891+00:00,stable,5.778216,200,True,False
c772af8f,2026-09-22T06:58:49.080947+00:00,stable,4.436306,200,True,False
c772af8f,2026-09-22T06:58:49.113590+00:00,stable,4.288793,200,True,False
c772af8f,2026-09-22T06:58:49.148509+00:00,stable,5.410842,200,True,False
c772af8f,2026-09-22T06:58:49.181470+00:00,stable,4.942218,200,True,False
c772af8f,2026-09-22T06:58:49.214555+00:00,stable,4.567523,200,True,False
c772af8f,2026-09-22T06:58:49.247458+00:00,stable,4.365101,200,True,False
c772af8f,2026-09-22T06:58:49.282320+00:00,stable,5.416753,200,True,False
c772af8f,2026-09-22T06:58:49.314689+00:00,stable,4.482706,200,True,False
c772af8f,2026-09-22T06:58:49.347217+00:00,stable,4.521843,200,True,False
c772af8f,2026-09-22T06:58:49.381687+00:00,stable,5.29566,200,True,False
c772af8f,2026-09-22T06:58:49.414773+00:00,stable,4.921468,200,True,False
c772af8f,2026-09-22T06:58:49.448851+00:00,stable,5.204213,200,True,False
c772af8f,2026-09-22T06:58:49.480779+00:00,stable,4.500076,200,True,False
c772af8f,2026-09-22T06:58:49.516544+00:00,stable,6.825681,200,True,False
c772af8f,2026-09-22T06:58:49.548172+00:00,stable,4.9645,200,True,False
c772af8f,2026-09-22T06:58:49.581275+00:00,stable,5.339554,200,True,False
c772af8f,2026-09-22T06:58:49.620252+00:00,stable,9.295543,200,True,False
c772af8f,2026-09-22T06:58:49.648437+00:00,stable,4.700315,200,True,False
c772af8f,2026-09-22T06:58:49.681711+00:00,stable,5.414395,200,True,False
c772af8f,2026-09-22T06:58:49.715383+00:00,stable,5.788723,200,True,False
c772af8f,2026-09-22T06:58:49.748017+00:00,stable,4.841223,200,True,False
c772af8f,2026-09-22T06:58:49.782061+00:00,stable,5.080674,200,True,False
c772af8f,2026-09-22T06:58:49.815028+00:00,stable,5.473642,200,True,False
c772af8f,2026-09-22T06:58:49.849131+00:00,stable,5.439791,200,True,False
c772af8f,2026-09-22T06:58:49.881982+00:00,stable,5.512584,200,True,False
c772af8f,2026-09-22T06:58:49.916833+00:00,stable,7.16153,200,True,False
c772af8f,2026-09-22T06:58:49.951051+00:00,stable,7.44607,200,True,False
c772af8f,2026-09-22T06:58:49.984737+00:00,stable,7.659116,200,True,False
c772af8f,2026-09-22T06:58:50.019484+00:00,stable,9.898702,200,True,False
c772af8f,2026-09-22T06:58:50.053952+00:00,stable,9.909502,200,True,False
c772af8f,2026-09-22T06:58:50.081635+00:00,stable,5.648482,200,True,False
c772af8f,2026-09-22T06:58:50.118356+00:00,stable,8.019105,200,True,False
c772af8f,2026-09-22T06:58:50.149576+00:00,stable,6.60973,200,True,False
c772af8f,2026-09-22T06:58:50.185481+00:00,stable,8.941682,200,True,False
c772af8f,2026-09-22T06:58:50.218194+00:00,stable,8.754372,200,True,False
c772af8f,2026-09-22T06:58:50.250812+00:00,stable,7.287951,200,True,False
c772af8f,2026-09-22T06:58:50.285716+00:00,stable,8.737415,200,True,False
c772af8f,2026-09-22T06:58:50.320270+00:00,stable,10.625266,200,True,False
c772af8f,2026-09-22T06:58:50.347864+00:00,stable,4.766846,200,True,False
c772af8f,2026-09-22T06:58:50.380876+00:00,stable,3.974653,200,True,False
c772af8f,2026-09-22T06:58:50.414195+00:00,stable,4.748181,200,True,False
c772af8f,2026-09-22T06:58:50.447407+00:00,stable,4.131655,200,True,False
c772af8f,2026-09-22T06:58:50.481271+00:00,stable,4.798066,200,True,False
c772af8f,2026-09-22T06:58:50.519015+00:00,stable,8.945785,200,True,False
c772af8f,2026-09-22T06:58:50.559105+00:00,stable,15.124064,200,True,False
c772af8f,2026-09-22T06:58:50.608754+00:00,stable,31.840609,200,True,False
c772af8f,2026-09-22T06:58:50.617553+00:00,stable,8.309314,200,True,False
c772af8f,2026-09-22T06:58:50.651458+00:00,stable,8.264728,200,True,False
c772af8f,2026-09-22T06:58:50.682493+00:00,stable,5.868455,200,True,False
c772af8f,2026-09-22T06:58:50.719810+00:00,stable,9.641628,200,True,False
c772af8f,2026-09-22T06:58:50.748924+00:00,stable,5.370584,200,True,False
c772af8f,2026-09-22T06:58:50.782062+00:00,stable,5.2435,200,True,False
c772af8f,2026-09-22T06:58:50.816752+00:00,stable,6.92044,200,True,False
c772af8f,2026-09-22T06:58:50.850659+00:00,stable,7.068338,200,True,False
c772af8f,2026-09-22T06:58:50.881242+00:00,stable,3.791003,200,True,False
c772af8f,2026-09-22T06:58:50.914480+00:00,stable,4.741817,200,True,False
c772af8f,2026-09-22T06:58:50.948859+00:00,stable,5.585812,200,True,False
c772af8f,2026-09-22T06:58:50.982357+00:00,stable,5.905351,200,True,False
c772af8f,2026-09-22T06:58:51.018976+00:00,stable,9.694888,200,True,False
c772af8f,2026-09-22T06:58:51.050947+00:00,stable,7.00249,200,True,False
c772af8f,2026-09-22T06:58:51.081690+00:00,stable,5.611922,200,True,False
c772af8f,2026-09-22T06:58:51.114636+00:00,stable,4.99931,200,True,False
c772af8f,2026-09-22T06:58:51.148130+00:00,stable,4.709294,200,True,False
c772af8f,2026-09-22T06:58:51.185016+00:00,stable,8.903276,200,True,False
c772af8f,2026-09-22T06:58:51.219446+00:00,stable,9.454742,200,True,False
c772af8f,2026-09-22T06:58:51.253184+00:00,stable,9.763541,200,True,False
c772af8f,2026-09-22T06:58:51.314392+00:00,stable,32.6747,200,True,False
c772af8f,2026-09-22T06:58:51.316658+00:00,stable,6.98125,200,True,False
c772af8f,2026-09-22T06:58:51.414706+00:00,stable,71.423281,200,True,False
c772af8f,2026-09-22T06:58:51.419361+00:00,stable,10.077245,200,True,False
c772af8f,2026-09-22T06:58:51.425636+00:00,stable,17.63734,200,True,False
c772af8f,2026-09-22T06:58:51.448831+00:00,stable,5.215635,200,True,False
c772af8f,2026-09-22T06:58:51.516672+00:00,stable,8.577048,200,True,False
c772af8f,2026-09-22T06:58:51.518255+00:00,stable,8.496904,200,True,False
c772af8f,2026-09-22T06:58:51.613668+00:00,stable,5.767581,200,True,False
c772af8f,2026-09-22T06:58:51.615947+00:00,stable,8.064211,200,True,False
c772af8f,2026-09-22T06:58:51.616495+00:00,stable,6.925396,200,True,False
c772af8f,2026-09-22T06:58:51.716855+00:00,stable,40.448403,200,True,False
c772af8f,2026-09-22T06:58:51.723050+00:00,stable,79.688233,200,True,False
c772af8f,2026-09-22T06:58:51.723164+00:00,stable,12.296997,200,True,False
c772af8f,2026-09-22T06:58:51.819424+00:00,stable,11.104408,200,True,False
c772af8f,2026-09-22T06:58:51.820042+00:00,stable,9.807788,200,True,False
c772af8f,2026-09-22T06:58:51.826666+00:00,stable,18.320277,200,True,False
c772af8f,2026-09-22T06:58:52.008427+00:00,stable,99.516379,200,True,False
c772af8f,2026-09-22T06:58:52.012039+00:00,stable,101.968793,200,True,False
c772af8f,2026-09-22T06:58:52.015151+00:00,stable,105.195036,200,True,False
c772af8f,2026-09-22T06:58:52.111271+00:00,stable,99.462293,200,True,False
c772af8f,2026-09-22T06:58:52.114820+00:00,stable,6.719847,200,True,False
c772af8f,2026-09-22T06:58:52.114785+00:00,stable,6.832845,200,True,False
c772af8f,2026-09-22T06:58:52.117099+00:00,stable,8.027557,200,True,False
c772af8f,2026-09-22T06:58:52.121244+00:00,stable,109.052249,200,True,False
c772af8f,2026-09-22T06:58:52.122215+00:00,stable,109.810491,200,True,False
c772af8f,2026-09-22T06:58:52.208436+00:00,stable,65.568553,200,True,False
c772af8f,2026-09-22T06:58:52.213263+00:00,stable,5.520758,200,True,False
c772af8f,2026-09-22T06:58:52.216547+00:00,stable,7.002905,200,True,False
c772af8f,2026-09-22T06:58:52.247316+00:00,stable,4.257573,200,True,False
c772af8f,2026-09-22T06:58:52.280192+00:00,stable,3.878766,200,True,False
c772af8f,2026-09-22T06:58:52.314136+00:00,stable,4.404629,200,True,False
c772af8f,2026-09-22T06:58:52.349824+00:00,stable,7.108956,200,True,False
c772af8f,2026-09-22T06:58:52.380598+00:00,stable,3.981539,200,True,False
c772af8f,2026-09-22T06:58:52.413379+00:00,stable,3.913982,200,True,False
c772af8f,2026-09-22T06:58:52.447030+00:00,stable,3.881694,200,True,False
c772af8f,2026-09-22T06:58:52.480455+00:00,stable,3.449144,200,True,False
c772af8f,2026-09-22T06:58:52.514198+00:00,stable,3.880696,200,True,False
c772af8f,2026-09-22T06:58:52.546308+00:00,stable,3.661557,200,True,False
c772af8f,2026-09-22T06:58:52.580078+00:00,stable,3.726231,200,True,False
c772af8f,2026-09-22T06:58:52.613848+00:00,stable,3.88454,200,True,False
c772af8f,2026-09-22T06:58:52.646315+00:00,stable,3.669737,200,True,False
c772af8f,2026-09-22T06:58:52.678086+00:00,stable,4.50424,200,True,False
c772af8f,2026-09-22T06:58:52.710404+00:00,stable,3.560854,200,True,False
c772af8f,2026-09-22T06:58:52.744096+00:00,stable,4.198692,200,True,False
c772af8f,2026-09-22T06:58:52.777071+00:00,stable,3.757173,200,True,False
c772af8f,2026-09-22T06:58:52.810629+00:00,stable,3.682041,200,True,False
c772af8f,2026-09-22T06:58:52.843848+00:00,stable,3.727153,200,True,False
c772af8f,2026-09-22T06:58:52.877308+00:00,stable,3.642398,200,True,False
c772af8f,2026-09-22T06:58:52.910903+00:00,stable,4.091887,200,True,False
c772af8f,2026-09-22T06:58:52.944232+00:00,stable,3.778038,200,True,False
c772af8f,2026-09-22T06:58:52.977382+00:00,stable,3.798699,200,True,False
c772af8f,2026-09-22T06:58:53.010637+00:00,stable,4.49603,200,True,False
c772af8f,2026-09-22T06:58:53.043948+00:00,stable,3.692804,200,True,False
c772af8f,2026-09-22T06:58:53.076438+00:00,stable,3.2495,200,True,False
c772af8f,2026-09-22T06:58:53.111226+00:00,stable,4.773011,200,True,False
c772af8f,2026-09-22T06:58:53.144389+00:00,stable,4.299165,200,True,False
c772af8f,2026-09-22T06:58:53.178051+00:00,stable,4.387182,200,True,False
c772af8f,2026-09-22T06:58:53.210773+00:00,stable,3.9263,200,True,False
c772af8f,2026-09-22T06:58:53.243824+00:00,stable,3.640254,200,True,False
c772af8f,2026-09-22T06:58:53.277196+00:00,stable,3.776314,200,True,False
c772af8f,2026-09-22T06:58:53.311483+00:00,stable,4.662709,200,True,False
c772af8f,2026-09-22T06:58:53.343305+00:00,stable,3.90917,200,True,False
c772af8f,2026-09-22T06:58:53.376888+00:00,stable,3.641578,200,True,False
c772af8f,2026-09-22T06:58:53.410836+00:00,stable,4.450592,200,True,False
c772af8f,2026-09-22T06:58:53.443169+00:00,stable,3.499606,200,True,False
c772af8f,2026-09-22T06:58:53.477940+00:00,stable,4.555748,200,True,False
c772af8f,2026-09-22T06:58:53.510525+00:00,stable,3.802159,200,True,False
c772af8f,2026-09-22T06:58:53.544194+00:00,stable,3.938532,200,True,False
c772af8f,2026-09-22T06:58:53.577238+00:00,stable,4.103089,200,True,False
c772af8f,2026-09-22T06:58:53.611826+00:00,stable,4.787933,200,True,False
c772af8f,2026-09-22T06:58:53.646651+00:00,stable,7.355704,200,True,False
c772af8f,2026-09-22T06:58:53.677613+00:00,stable,4.220981,200,True,False
c772af8f,2026-09-22T06:58:53.711627+00:00,stable,4.564696,200,True,False
c772af8f,2026-09-22T06:58:53.744178+00:00,stable,3.820021,200,True,False
c772af8f,2026-09-22T06:58:53.777427+00:00,stable,4.328087,200,True,False
c772af8f,2026-09-22T06:58:53.811100+00:00,stable,4.15738,200,True,False
c772af8f,2026-09-22T06:58:53.844025+00:00,stable,4.250513,200,True,False
c772af8f,2026-09-22T06:58:53.877242+00:00,stable,3.972099,200,True,False
c772af8f,2026-09-22T06:58:53.910334+00:00,stable,3.604727,200,True,False
c772af8f,2026-09-22T06:58:53.943966+00:00,stable,4.135746,200,True,False
c772af8f,2026-09-22T06:58:53.977531+00:00,stable,4.302871,200,True,False
c772af8f,2026-09-22T06:58:54.011052+00:00,stable,3.97912,200,True,False
c772af8f,2026-09-22T06:58:54.044007+00:00,stable,4.19098,200,True,False
c772af8f,2026-09-22T06:58:54.078487+00:00,stable,5.051163,200,True,False
c772af8f,2026-09-22T06:58:54.111916+00:00,stable,4.922124,200,True,False
c772af8f,2026-09-22T06:58:54.144113+00:00,stable,4.756184,200,True,False
c772af8f,2026-09-22T06:58:54.178904+00:00,stable,5.727092,200,True,False
c772af8f,2026-09-22T06:58:54.212428+00:00,stable,5.470601,200,True,False
c772af8f,2026-09-22T06:58:54.246345+00:00,stable,5.87465,200,True,False
c772af8f,2026-09-22T06:58:54.277959+00:00,stable,4.682312,200,True,False
c772af8f,2026-09-22T06:58:54.311194+00:00,stable,4.775833,200,True,False
c772af8f,2026-09-22T06:58:54.346030+00:00,stable,5.690522,200,True,False
