timestamp,ds,y,scenario,cpu_utilization_pct,p95_latency_ms,p99_latency_ms,active_replicas,is_spike
2026-09-19T12:00:00+00:00,2026-09-19 12:00:00,17.81,BURSTY,20.0,38.0,51.3,1,0
2026-09-19T12:00:01+00:00,2026-09-19 12:00:01,17.71,BURSTY,20.0,38.0,51.3,1,0
2026-09-19T12:00:02+00:00,2026-09-19 12:00:02,13.22,BURSTY,20.0,38.0,51.3,1,0
2026-09-19T12:00:03+00:00,2026-09-19 12:00:03,12.38,BURSTY,20.0,38.0,51.3,1,0
2026-09-19T12:00:04+00:00,2026-09-19 12:00:04,13.66,BURSTY,20.0,38.0,51.3,1,0
2026-09-19T12:00:05+00:00,2026-09-19 12:00:05,14.72,BURSTY,20.0,38.0,51.3,1,0
2026-09-19T12:00:06+00:00,2026-09-19 12:00:06,17.29,BURSTY,20.0,38.0,51.3,1,0
2026-09-19T12:00:07+00:00,2026-09-19 12:00:07,14.19,BURSTY,20.0,38.0,51.3,1,0
2026-09-19T12:00:08+00:00,2026-09-19 12:00:08,15.72,BURSTY,20.0,38.0,51.3,1,0
2026-09-19T12:00:09+00:00,2026-09-19 12:00:09,14.31,BURSTY,20.0,38.0,51.3,1,0
2026-09-19T12:00:10+00:00,2026-09-19 12:00:10,14.05,BURSTY,20.0,38.0,51.3,1,0
2026-09-19T12:00:11+00:00,2026-09-19 12:00:11,14.39,BURSTY,20.0,38.0,51.3,1,0
2026-09-19T12:00:12+00:00,2026-09-19 12:00:12,16.37,BURSTY,20.0,38.0,51.3,1,0
2026-09-19T12:00:13+00:00,2026-09-19 12:00:13,13.22,BURSTY,20.0,38.0,51.3,1,0
2026-09-19T12:00:14+00:00,2026-09-19 12:00:14,18.19,BURSTY,20.0,38.0,51.3,1,0
2026-09-19T12:00:15+00:00,2026-09-19 12:00:15,13.51,BURSTY,20.0,38.0,51.3,1,0
2026-09-19T12:00:16+00:00,2026-09-19 12:00:16,14.65,BURSTY,20.0,38.0,51.3,1,0
2026-09-19T12:00:17+00:00,2026-09-19 12:00:17,12.78,BURSTY,20.0,38.0,51.3,1,0
2026-09-19T12:00:18+00:00,2026-09-19 12:00:18,17.61,BURSTY,20.0,38.0,51.3,1,0
2026-09-19T12:00:19+00:00,2026-09-19 12:00:19,14.39,BURSTY,20.0,38.0,51.3,1,0
2026-09-19T12:00:20+00:00,2026-09-19 12:00:20,16.92,BURSTY,20.0,38.0,51.3,1,0
2026-09-19T12:00:21+00:00,2026-09-19 12:00:21,13.97,BURSTY,20.0,38.0,51.3,1,0
2026-09-19T12:00:22+00:00,2026-09-19 12:00:22,14.88,BURSTY,20.0,38.0,51.3,1,0
2026-09-19T12:00:23+00:00,2026-09-19 12:00:23,17.63,BURSTY,20.0,38.0,51.3,1,0
2026-09-19T12:00:24+00:00,2026-09-19 12:00:24,13.8,BURSTY,20.0,38.0,51.3,1,0
2026-09-19T12:00:25+00:00,2026-09-19 12:00:25,15.71,BURSTY,20.0,38.0,51.3,1,0
2026-09-19T12:00:26+00:00,2026-09-19 12:00:26,16.6,BURSTY,20.0,38.0,51.3,1,0
2026-09-19T12:00:27+00:00,2026-09-19 12:00:27,14.06,BURSTY,20.0,38.0,51.3,1,0
2026-09-19T12:00:28+00:00,2026-09-19 12:00:28,16.91,BURSTY,20.0,38.0,51.3,1,0
2026-09-19T12:00:29+00:00,2026-09-19 12:00:29,13.51,BURSTY,20.0,38.0,51.3,1,0
2026-09-19T12:00:30+00:00,2026-09-19 12:00:30,13.01,BURSTY,20.0,38.0,51.3,1,0
2026-09-19T12:00:31+00:00,2026-09-19 12:00:31,14.35,BURSTY,20.0,38.0,51.3,1,0
2026-09-19T12:00:32+00:00,2026-09-19 12:00:32,13.87,BURSTY,20.0,38.0,51.3,1,0
2026-09-19T12:00:33+00:00,2026-09-19 12:00:33,12.93,BURSTY,20.0,38.0,51.3,1,0
2026-09-19T12:00:34+00:00,2026-09-19 12:00:34,13.73,BURSTY,20.0,38.0,51.3,1,0
2026-09-19T12:00:35+00:00,2026-09-19 12:00:35,15.45,BURSTY,20.0,38.0,51.3,1,0
2026-09-19T12:00:36+00:00,2026-09-19 12:00:36,14.55,BURSTY,20.0,38.0,51.3,1,0
2026-09-19T12:00:37+00:00,2026-09-19 12:00:37,13.66,BURSTY,20.0,38.0,51.3,1,0
2026-09-19T12:00:38+00:00,2026-09-19 12:00:38,15.33,BURSTY,20.0,38.0,51.3,1,0
2026-09-19T12:00:39+00:00,2026-09-19 12:00:39,15.45,BURSTY,20.0,38.0,51.3,1,0
2026-09-19T12:00:40+00:00,2026-09-19 12:00:40,15.82,BURSTY,20.0,38.0,51.3,1,0
2026-09-19T12:00:41+00:00,2026-09-19 12:00:41,14.09,BURSTY,20.0,38.0,51.3,1,0
2026-09-19T12:00:42+00:00,2026-09-19 12:00:42,13.48,BURSTY,20.0,38.0,51.3,1,0
2026-09-19T12:00:43+00:00,2026-09-19 12:00:43,14.17,BURSTY,20.0,38.0,51.3,1,0
2026-09-19T12:00:44+00:00,2026-09-19 12:00:44,14.06,BURSTY,20.0,38.0,51.3,1,0
2026-09-19T12:00:45+00:00,2026-09-19 12:00:45,16.08,BURSTY,20.0,38.0,51.3,1,0
2026-09-19T12:00:46+00:00,2026-09-19 12:00:46,15.22,BURSTY,20.0,38.0,51.3,1,0
2026-09-19T12:00:47+00:00,2026-09-19 12:00:47,18.11,BURSTY,20.0,38.0,51.3,1,0
2026-09-19T12:00:48+00:00,2026-09-19 12:00:48,17.3,BURSTY,20.0,38.0,51.3,1,0
2026-09-19T12:00:49+00:00,2026-09-19 12:00:49,14.74,BURSTY,20.0,38.0,51.3,1,0
2026-09-19T12:00:50+00:00,2026-09-19 12:00:50,14.95,BURSTY,20.0,38.0,51.3,1,0
2026-09-19T12:00:51+00:00,2026-09-19 12:00:51,13.29,BURSTY,20.0,38.0,51.3,1,0
2026-09-19T12:00:52+00:00,2026-09-19 12:00:52,17.6,BURSTY,20.0,38.0,51.3,1,0
2026-09-19T12:00:53+00:00,2026-09-19 12:00:53,14.16,BURSTY,20.0,38.0,51.3,1,0
2026-09-19T12:00:54+00:00,2026-09-19 12:00:54,14.87,BURSTY,20.0,38.0,51.3,1,0
2026-09-19T12:00:55+00:00,2026-09-19 12:00:55,14.33,BURSTY,20.0,38.0,51.3,1,0
2026-09-19T12:00:56+00:00,2026-09-19 12:00:56,16.98,BURSTY,20.0,38.0,51.3,1,0
2026-09-19T12:00:57+00:00,2026-09-19 12:00:57,15.38,BURSTY,20.0,38.0,51.3,1,0
2026-09-19T12:00:58+00:00,2026-09-19 12:00:58,16.07,BURSTY,20.0,38.0,51.3,1,0
2026-09-19T12:00:59+00:00,2026-09-19 12:00:59,13.37,BURSTY,20.0,38.0,51.3,1,0
2026-09-19T12:01:00+00:00,2026-09-19 12:01:00,11.82,BURSTY,20.0,38.0,51.3,1,0
2026-09-19T12:01:01+00:00,2026-09-19 12:01:01,14.86,BURSTY,20.0,38.0,51.3,1,0
2026-09-19T12:01:02+00:00,2026-09-19 12:01:02,14.47,BURSTY,20.0,38.0,51.3,1,0
2026-09-19T12:01:03+00:00,2026-09-19 12:01:03,13.91,BURSTY,20.0,38.0,51.3,1,0
2026-09-19T12:01:04+00:00,2026-09-19 12:01:04,15.16,BURSTY,20.0,38.0,51.3,1,0
2026-09-19T12:01:05+00:00,2026-09-19 12:01:05,14.48,BURSTY,20.0,38.0,51.3,1,0
2026-09-19T12:01:06+00:00,2026-09-19 12:01:06,14.3,BURSTY,20.0,38.0,51.3,1,0
2026-09-19T12:01:07+00:00,2026-09-19 12:01:07,13.9,BURSTY,20.0,38.0,51.3,1,0
2026-09-19T12:01:08+00:00,2026-09-19 12:01:08,16.5,BURSTY,20.0,38.0,51.3,1,0
2026-09-19T12:01:09+00:00,2026-09-19 12:01:09,14.62,BURSTY,20.0,38.0,51.3,1,0
2026-09-19T12:01:10+00:00,2026-09-19 12:01:10,14.72,BURSTY,20.0,38.0,51.3,1,0
2026-09-19T12:01:11+00:00,2026-09-19 12:01:11,15.85,BURSTY,20.0,38.0,51.3,1,0
2026-09-19T12:01:12+00:00,2026-09-19 12:01:12,14.74,BURSTY,20.0,38.0,51.3,1,0
2026-09-19T12:01:13+00:00,2026-09-19 12:01:13,14.27,BURSTY,20.0,38.0,51.3,1,0
2026-09-19T12:01:14+00:00,2026-09-19 12:01:14,15.14,BURSTY,20.0,38.0,51.3,1,0
2026-09-19T12:01:15+00:00,2026-09-19 12:01:15,12.79,BURSTY,20.0,38.0,51.3,1,0
2026-09-19T12:01:16+00:00,2026-09-19 12:01:16,14.75,BURSTY,20.0,38.0,51.3,1,0
2026-09-19T12:01:17+00:00,2026-09-19 12:01:17,15.73,BURSTY,20.0,38.0,51.3,1,0
2026-09-19T12:01:18+00:00,2026-09-19 12:01:18,14.93,BURSTY,20.0,38.0,51.3,1,0
2026-09-19T12:01:19+00:00,2026-09-19 12:01:19,15.9,BURSTY,20.0,38.0,51.3,1,0
2026-09-19T12:01:20+00:00,2026-09-19 12:01:20,14.54,BURSTY,20.0,38.0,51.3,1,0
2026-09-19T12:01:21+00:00,2026-09-19 12:01:21,16.45,BURSTY,20.0,38.0,51.3,1,0
2026-09-19T12:01:22+00:00,2026-09-19 12:01:22,14.86,BURSTY,20.0,38.0,51.3,1,0
2026-09-19T12:01:23+00:00,2026-09-19 12:01:23,15.8,BURSTY,20.0,38.0,51.3,1,0
2026-09-19T12:01:24+00:00,2026-09-19 12:01:24,16.52,BURSTY,20.0,38.0,51.3,1,0
2026-09-19T12:01:25+00:00,2026-09-19 12:01:25,16.09,BURSTY,20.0,38.0,51.3,1,0
2026-09-19T12:01:26+00:00,2026-09-19 12:01:26,12.38,BURSTY,20.0,38.0,51.3,1,0
2026-09-19T12:01:27+00:00,2026-09-19 12:01:27,11.97,BURSTY,20.0,38.0,51.3,1,0
2026-09-19T12:01:28+00:00,2026-09-19 12:01:28,14.32,BURSTY,20.0,38.0,51.3,1,0
2026-09-19T12:01:29+00:00,2026-09-19 12:01:29,17.61,BURSTY,20.0,38.0,51.3,1,0
2026-09-19T12:01:30+00:00,2026-09-19 12:01:30,14.85,BURSTY,20.0,38.0,51.3,1,0
2026-09-19T12:01:31+00:00,2026-09-19 12:01:31,13.62,BURSTY,20.0,38.0,51.3,1,0
2026-09-19T12:01:32+00:00,2026-09-19 12:01:32,13.8,BURSTY,20.0,38.0,51.3,1,0
2026-09-19T12:01:33+00:00,2026-09-19 12:01:33,17.75,BURSTY,20.0,38.0,51.3,1,0
2026-09-19T12:01:34+00:00,2026-09-19 12:01:34,17.16,BURSTY,20.0,38.0,51.3,1,0
2026-09-19T12:01:35+00:00,2026-09-19 12:01:35,13.06,BURSTY,20.0,38.0,51.3,1,0
2026-09-19T12:01:36+00:00,2026-09-19 12:01:36,12.85,BURSTY,20.0,38.0,51.3,1,0
2026-09-19T12:01:37+00:00,2026-09-19 12:01:37,14.3,BURSTY,20.0,38.0,51.3,1,0
2026-09-19T12:01:38+00:00,2026-09-19 12:01:38,14.35,BURSTY,20.0,38.0,51.3,1,0
2026-09-19T12:01:39+00:00,2026-09-19 12:01:39,15.67,BURSTY,20.0,38.0,51.3,1,0
2026-09-19T12:01:40+00:00,2026-09-19 12:01:40,16.16,BURSTY,20.0,38.0,51.3,1,0
2026-09-19T12:01:41+00:00,2026-09-19 12:01:41,15.72,BURSTY,20.0,38.0,51.3,1,0
2026-09-19T12:01:42+00:00,2026-09-19 12:01:42,16.2,BURSTY,20.0,38.0,51.3,1,0
2026-09-19T12:01:43+00:00,2026-09-19 12:01:43,16.37,BURSTY,20.0,38.0,51.3,1,0
2026-09-19T12:01:44+00:00,2026-09-19 12:01:44,14.62,BURSTY,20.0,38.0,51.3,1,0
2026-09-19T12:01:45+00:00,2026-09-19 12:01:45,15.12,BURSTY,20.0,38.0,51.3,1,0
2026-09-19T12:01:46+00:00,2026-09-19 12:01:46,15.64,BURSTY,20.0,38.0,51.3,1,0
2026-09-19T12:01:47+00:00,2026-09-19 12:01:47,17.09,BURSTY,20.0,38.0,51.3,1,0
2026-09-19T12:01:48+00:00,2026-09-19 12:01:48,16.0,BURSTY,20.0,38.0,51.3,1,0
2026-09-19T12:01:49+00:00,2026-09-19 12:01:49,15.88,BURSTY,20.0,38.0,51.3,1,0
2026-09-19T12:01:50+00:00,2026-09-19 12:01:50,13.02,BURSTY,20.0,38.0,51.3,1,0
2026-09-19T12:01:51+00:00,2026-09-19 12:01:51,16.03,BURSTY,20.0,38.0,51.3,1,0
2026-09-19T12:01:52+00:00,2026-09-19 12:01:52,14.85,BURSTY,20.0,38.0,51.3,1,0
2026-09-19T12:01:53+00:00,2026-09-19 12:01:53,13.93,BURSTY,20.0,38.0,51.3,1,0
2026-09-19T12:01:54+00:00,2026-09-19 12:01:54,18.46,BURSTY,20.0,38.0,51.3,1,0
2026-09-19T12:01:55+00:00,2026-09-19 12:01:55,16.87,BURSTY,20.0,38.0,51.3,1,0
2026-09-19T12:01:56+00:00,2026-09-19 12:01:56,16.06,BURSTY,20.0,38.0,51.3,1,0
2026-09-19T12:01:57+00:00,2026-09-19 12:01:57,13.47,BURSTY,20.0,38.0,51.3,1,0
2026-09-19T12:01:58+00:00,2026-09-19 12:01:58,15.19,BURSTY,20.0,38.0,51.3,1,0
2026-09-19T12:01:59+00:00,2026-09-19 12:01:59,14.98,BURSTY,20.0,38.0,51.3,1,0
2026-09-19T12:02:00+00:00,2026-09-19 12:02:00,151.89,BURSTY,86.6,71.4,96.4,5,1
2026-09-19T12:02:01+00:00,2026-09-19 12:02:01,147.71,BURSTY,85.7,70.0,94.5,5,1
2026-09-19T12:02:02+00:00,2026-09-19 12:02:02,153.91,BURSTY,86.7,61.5,83.0,5,1
2026-09-19T12:02:03+00:00,2026-09-19 12:02:03,147.92,BURSTY,83.7,79.6,107.4,5,1
2026-09-19T12:02:04+00:00,2026-09-19 12:02:04,152.01,BURSTY,83.4,75.8,102.4,5,1
2026-09-19T12:02:05+00:00,2026-09-19 12:02:05,147.22,BURSTY,84.6,64.9,87.6,5,1
2026-09-19T12:02:06+00:00,2026-09-19 12:02:06,153.14,BURSTY,85.0,68.6,92.6,5,1
2026-09-19T12:02:07+00:00,2026-09-19 12:02:07,151.12,BURSTY,83.2,75.8,102.3,5,1
2026-09-19T12:02:08+00:00,2026-09-19 12:02:08,156.62,BURSTY,90.2,72.7,98.2,5,1
2026-09-19T12:02:09+00:00,2026-09-19 12:02:09,147.83,BURSTY,80.4,71.2,96.1,5,1
2026-09-19T12:02:10+00:00,2026-09-19 12:02:10,151.09,BURSTY,86.1,77.3,104.3,5,1
2026-09-19T12:02:11+00:00,2026-09-19 12:02:11,149.1,BURSTY,83.1,73.7,99.5,5,1
2026-09-19T12:02:12+00:00,2026-09-19 12:02:12,151.1,BURSTY,85.0,69.7,94.1,5,1
2026-09-19T12:02:13+00:00,2026-09-19 12:02:13,141.27,BURSTY,81.9,71.1,96.0,5,1
2026-09-19T12:02:14+00:00,2026-09-19 12:02:14,152.64,BURSTY,85.2,69.3,93.6,5,1
2026-09-19T12:02:15+00:00,2026-09-19 12:02:15,145.43,BURSTY,80.7,65.1,87.9,5,1
2026-09-19T12:02:16+00:00,2026-09-19 12:02:16,156.02,BURSTY,86.7,74.9,101.1,5,1
2026-09-19T12:02:17+00:00,2026-09-19 12:02:17,154.83,BURSTY,88.3,71.5,96.5,5,1
2026-09-19T12:02:18+00:00,2026-09-19 12:02:18,147.51,BURSTY,83.1,72.8,98.3,5,1
2026-09-19T12:02:19+00:00,2026-09-19 12:02:19,158.37,BURSTY,92.5,73.3,98.9,5,1
2026-09-19T12:02:20+00:00,2026-09-19 12:02:20,149.09,BURSTY,84.2,74.9,101.2,5,1
2026-09-19T12:02:21+00:00,2026-09-19 12:02:21,148.2,BURSTY,85.6,70.8,95.5,5,1
2026-09-19T12:02:22+00:00,2026-09-19 12:02:22,158.65,BURSTY,87.1,74.7,100.9,5,1
2026-09-19T12:02:23+00:00,2026-09-19 12:02:23,149.0,BURSTY,83.9,74.8,101.0,5,1
2026-09-19T12:02:24+00:00,2026-09-19 12:02:24,151.24,BURSTY,87.9,76.7,103.6,5,1
2026-09-19T12:02:25+00:00,2026-09-19 12:02:25,156.3,BURSTY,90.8,72.0,97.2,5,1
2026-09-19T12:02:26+00:00,2026-09-19 12:02:26,156.81,BURSTY,88.3,68.8,92.9,5,1
2026-09-19T12:02:27+00:00,2026-09-19 12:02:27,138.33,BURSTY,78.1,68.2,92.1,5,1
2026-09-19T12:02:28+00:00,2026-09-19 12:02:28,144.54,BURSTY,83.6,67.5,91.1,5,1
2026-09-19T12:02:29+00:00,2026-09-19 12:02:29,146.67,BURSTY,85.4,77.3,104.4,5,1
2026-09-19T12:02:30+00:00,2026-09-19 12:02:30,156.53,BURSTY,91.2,71.6,96.7,5,1
2026-09-19T12:02:31+00:00,2026-09-19 12:02:31,148.15,BURSTY,82.8,77.0,104.0,5,1
2026-09-19T12:02:32+00:00,2026-09-19 12:02:32,145.7,BURSTY,81.7,70.9,95.7,5,1
2026-09-19T12:02:33+00:00,2026-09-19 12:02:33,141.65,BURSTY,78.4,72.7,98.1,5,1
2026-09-19T12:02:34+00:00,2026-09-19 12:02:34,152.15,BURSTY,81.5,69.8,94.2,5,1
2026-09-19T12:02:35+00:00,2026-09-19 12:02:35,148.38,BURSTY,86.4,74.5,100.6,5,1
2026-09-19T12:02:36+00:00,2026-09-19 12:02:36,153.85,BURSTY,87.4,75.7,102.1,5,1
2026-09-19T12:02:37+00:00,2026-09-19 12:02:37,147.7,BURSTY,81.3,71.2,96.1,5,1
2026-09-19T12:02:38+00:00,2026-09-19 12:02:38,154.91,BURSTY,87.9,65.9,89.0,5,1
2026-09-19T12:02:39+00:00,2026-09-19 12:02:39,146.69,BURSTY,82.4,70.8,95.6,5,1
2026-09-19T12:02:40+00:00,2026-09-19 12:02:40,152.5,BURSTY,83.2,73.3,98.9,5,1
2026-09-19T12:02:41+00:00,2026-09-19 12:02:41,151.22,BURSTY,83.8,77.9,105.2,5,1
2026-09-19T12:02:42+00:00,2026-09-19 12:02:42,152.3,BURSTY,84.4,69.8,94.3,5,1
2026-09-19T12:02:43+00:00,2026-09-19 12:02:43,151.9,BURSTY,85.8,75.1,101.5,5,1
2026-09-19T12:02:44+00:00,2026-09-19 12:02:44,147.38,BURSTY,81.2,64.9,87.6,5,1
2026-09-19T12:02:45+00:00,2026-09-19 12:02:45,147.82,BURSTY,84.5,77.8,105.0,5,1
2026-09-19T12:02:46+00:00,2026-09-19 12:02:46,150.12,BURSTY,84.1,77.6,104.8,5,1
2026-09-19T12:02:47+00:00,2026-09-19 12:02:47,151.42,BURSTY,84.1,70.6,95.3,5,1
2026-09-19T12:02:48+00:00,2026-09-19 12:02:48,145.67,BURSTY,83.1,69.4,93.6,5,1
2026-09-19T12:02:49+00:00,2026-09-19 12:02:49,150.57,BURSTY,86.3,67.6,91.2,5,1
2026-09-19T12:02:50+00:00,2026-09-19 12:02:50,144.85,BURSTY,81.0,75.7,102.3,5,1
2026-09-19T12:02:51+00:00,2026-09-19 12:02:51,145.03,BURSTY,81.5,74.2,100.2,5,1
2026-09-19T12:02:52+00:00,2026-09-19 12:02:52,148.99,BURSTY,84.9,76.8,103.7,5,1
2026-09-19T12:02:53+00:00,2026-09-19 12:02:53,148.56,BURSTY,83.7,76.3,103.0,5,1
2026-09-19T12:02:54+00:00,2026-09-19 12:02:54,154.3,BURSTY,89.6,76.1,102.8,5,1
2026-09-19T12:02:55+00:00,2026-09-19 12:02:55,145.81,BURSTY,80.4,74.4,100.5,5,1
2026-09-19T12:02:56+00:00,2026-09-19 12:02:56,147.88,BURSTY,82.0,75.2,101.5,5,1
2026-09-19T12:02:57+00:00,2026-09-19 12:02:57,146.71,BURSTY,84.3,68.6,92.6,5,1
2026-09-19T12:02:58+00:00,2026-09-19 12:02:58,152.99,BURSTY,86.9,70.6,95.3,5,1
2026-09-19T12:02:59+00:00,2026-09-19 12:02:59,147.85,BURSTY,85.6,72.6,98.0,5,1
2026-09-19T12:03:00+00:00,2026-09-19 12:03:00,14.79,BURSTY,20.0,38.0,51.3,1,0
2026-09-19T12:03:01+00:00,2026-09-19 12:03:01,18.28,BURSTY,20.0,38.0,51.3,1,0
2026-09-19T12:03:02+00:00,2026-09-19 12:03:02,15.22,BURSTY,20.0,38.0,51.3,1,0
2026-09-19T12:03:03+00:00,2026-09-19 12:03:03,11.86,BURSTY,20.0,38.0,51.3,1,0
2026-09-19T12:03:04+00:00,2026-09-19 12:03:04,15.59,BURSTY,20.0,38.0,51.3,1,0
2026-09-19T12:03:05+00:00,2026-09-19 12:03:05,13.8,BURSTY,20.0,38.0,51.3,1,0
2026-09-19T12:03:06+00:00,2026-09-19 12:03:06,13.94,BURSTY,20.0,38.0,51.3,1,0
2026-09-19T12:03:07+00:00,2026-09-19 12:03:07,17.7,BURSTY,20.0,38.0,51.3,1,0
2026-09-19T12:03:08+00:00,2026-09-19 12:03:08,14.27,BURSTY,20.0,38.0,51.3,1,0
2026-09-19T12:03:09+00:00,2026-09-19 12:03:09,13.99,BURSTY,20.0,38.0,51.3,1,0
2026-09-19T12:03:10+00:00,2026-09-19 12:03:10,15.08,BURSTY,20.0,38.0,51.3,1,0
2026-09-19T12:03:11+00:00,2026-09-19 12:03:11,12.4,BURSTY,20.0,38.0,51.3,1,0
2026-09-19T12:03:12+00:00,2026-09-19 12:03:12,13.61,BURSTY,20.0,38.0,51.3,1,0
2026-09-19T12:03:13+00:00,2026-09-19 12:03:13,16.01,BURSTY,20.0,38.0,51.3,1,0
2026-09-19T12:03:14+00:00,2026-09-19 12:03:14,10.52,BURSTY,20.0,38.0,51.3,1,0
2026-09-19T12:03:15+00:00,2026-09-19 12:03:15,13.66,BURSTY,20.0,38.0,51.3,1,0
2026-09-19T12:03:16+00:00,2026-09-19 12:03:16,15.42,BURSTY,20.0,38.0,51.3,1,0
2026-09-19T12:03:17+00:00,2026-09-19 12:03:17,14.02,BURSTY,20.0,38.0,51.3,1,0
2026-09-19T12:03:18+00:00,2026-09-19 12:03:18,15.42,BURSTY,20.0,38.0,51.3,1,0
2026-09-19T12:03:19+00:00,2026-09-19 12:03:19,14.66,BURSTY,20.0,38.0,51.3,1,0
2026-09-19T12:03:20+00:00,2026-09-19 12:03:20,16.33,BURSTY,20.0,38.0,51.3,1,0
2026-09-19T12:03:21+00:00,2026-09-19 12:03:21,15.93,BURSTY,20.0,38.0,51.3,1,0
2026-09-19T12:03:22+00:00,2026-09-19 12:03:22,17.56,BURSTY,20.0,38.0,51.3,1,0
2026-09-19T12:03:23+00:00,2026-09-19 12:03:23,15.56,BURSTY,20.0,38.0,51.3,1,0
2026-09-19T12:03:24+00:00,2026-09-19 12:03:24,17.15,BURSTY,20.0,38.0,51.3,1,0
2026-09-19T12:03:25+00:00,2026-09-19 12:03:25,14.77,BURSTY,20.0,38.0,51.3,1,0
2026-09-19T12:03:26+00:00,2026-09-19 12:03:26,12.56,BURSTY,20.0,38.0,51.3,1,0
2026-09-19T12:03:27+00:00,2026-09-19 12:03:27,14.44,BURSTY,20.0,38.0,51.3,1,0
2026-09-19T12:03:28+00:00,2026-09-19 12:03:28,13.32,BURSTY,20.0,38.0,51.3,1,0
2026-09-19T12:03:29+00:00,2026-09-19 12:03:29,11.74,BURSTY,20.0,38.0,51.3,1,0
2026-09-19T12:03:30+00:00,2026-09-19 12:03:30,16.3,BURSTY,20.0,38.0,51.3,1,0
2026-09-19T12:03:31+00:00,2026-09-19 12:03:31,14.4,BURSTY,20.0,38.0,51.3,1,0
2026-09-19T12:03:32+00:00,2026-09-19 12:03:32,12.59,BURSTY,20.0,38.0,51.3,1,0
2026-09-19T12:03:33+00:00,2026-09-19 12:03:33,15.48,BURSTY,20.0,38.0,51.3,1,0
2026-09-19T12:03:34+00:00,2026-09-19 12:03:34,14.22,BURSTY,20.0,38.0,51.3,1,0
2026-09-19T12:03:35+00:00,2026-09-19 12:03:35,14.95,BURSTY,20.0,38.0,51.3,1,0
2026-09-19T12:03:36+00:00,2026-09-19 12:03:36,14.61,BURSTY,20.0,38.0,51.3,1,0
2026-09-19T12:03:37+00:00,2026-09-19 12:03:37,15.6,BURSTY,20.0,38.0,51.3,1,0
2026-09-19T12:03:38+00:00,2026-09-19 12:03:38,15.6,BURSTY,20.0,38.0,51.3,1,0
2026-09-19T12:03:39+00:00,2026-09-19 12:03:39,13.17,BURSTY,20.0,38.0,51.3,1,0
2026-09-19T12:03:40+00:00,2026-09-19 12:03:40,12.2,BURSTY,20.0,38.0,51.3,1,0
2026-09-19T12:03:41+00:00,2026-09-19 12:03:41,17.6,BURSTY,20.0,38.0,51.3,1,0
2026-09-19T12:03:42+00:00,2026-09-19 12:03:42,13.28,BURSTY,20.0,38.0,51.3,1,0
2026-09-19T12:03:43+00:00,2026-09-19 12:03:43,14.94,BURSTY,20.0,38.0,51.3,1,0
2026-09-19T12:03:44+00:00,2026-09-19 12:03:44,14.77,BURSTY,20.0,38.0,51.3,1,0
2026-09-19T12:03:45+00:00,2026-09-19 12:03:45,14.0,BURSTY,20.0,38.0,51.3,1,0
2026-09-19T12:03:46+00:00,2026-09-19 12:03:46,16.85,BURSTY,20.0,38.0,51.3,1,0
2026-09-19T12:03:47+00:00,2026-09-19 12:03:47,13.95,BURSTY,20.0,38.0,51.3,1,0
2026-09-19T12:03:48+00:00,2026-09-19 12:03:48,15.21,BURSTY,20.0,38.0,51.3,1,0
2026-09-19T12:03:49+00:00,2026-09-19 12:03:49,15.07,BURSTY,20.0,38.0,51.3,1,0
2026-09-19T12:03:50+00:00,2026-09-19 12:03:50,16.33,BURSTY,20.0,38.0,51.3,1,0
2026-09-19T12:03:51+00:00,2026-09-19 12:03:51,13.93,BURSTY,20.0,38.0,51.3,1,0
2026-09-19T12:03:52+00:00,2026-09-19 12:03:52,16.82,BURSTY,20.0,38.0,51.3,1,0
2026-09-19T12:03:53+00:00,2026-09-19 12:03:53,15.77,BURSTY,20.0,38.0,51.3,1,0
2026-09-19T12:03:54+00:00,2026-09-19 12:03:54,16.97,BURSTY,20.0,38.0,51.3,1,0
2026-09-19T12:03:55+00:00,2026-09-19 12:03:55,15.53,BURSTY,20.0,38.0,51.3,1,0
2026-09-19T12:03:56+00:00,2026-09-19 12:03:56,16.15,BURSTY,20.0,38.0,51.3,1,0
2026-09-19T12:03:57+00:00,2026-09-19 12:03:57,12.89,BURSTY,20.0,38.0,51.3,1,0
2026-09-19T12:03:58+00:00,2026-09-19 12:03:58,14.1,BURSTY,20.0,38.0,51.3,1,0
2026-09-19T12:03:59+00:00,2026-09-19 12:03:59,13.52,BURSTY,20.0,38.0,51.3,1,0
2026-09-19T12:04:00+00:00,2026-09-19 12:04:00,12.61,BURSTY,20.0,38.0,51.3,1,0
2026-09-19T12:04:01+00:00,2026-09-19 12:04:01,13.63,BURSTY,20.0,38.0,51.3,1,0
2026-09-19T12:04:02+00:00,2026-09-19 12:04:02,18.04,BURSTY,20.0,38.0,51.3,1,0
2026-09-19T12:04:03+00:00,2026-09-19 12:04:03,13.96,BURSTY,20.0,38.0,51.3,1,0
2026-09-19T12:04:04+00:00,2026-09-19 12:04:04,14.95,BURSTY,20.0,38.0,51.3,1,0
2026-09-19T12:04:05+00:00,2026-09-19 12:04:05,15.53,BURSTY,20.0,38.0,51.3,1,0
2026-09-19T12:04:06+00:00,2026-09-19 12:04:06,16.36,BURSTY,20.0,38.0,51.3,1,0
2026-09-19T12:04:07+00:00,2026-09-19 12:04:07,13.11,BURSTY,20.0,38.0,51.3,1,0
2026-09-19T12:04:08+00:00,2026-09-19 12:04:08,16.93,BURSTY,20.0,38.0,51.3,1,0
2026-09-19T12:04:09+00:00,2026-09-19 12:04:09,14.34,BURSTY,20.0,38.0,51.3,1,0
2026-09-19T12:04:10+00:00,2026-09-19 12:04:10,17.37,BURSTY,20.0,38.0,51.3,1,0
2026-09-19T12:04:11+00:00,2026-09-19 12:04:11,14.9,BURSTY,20.0,38.0,51.3,1,0
2026-09-19T12:04:12+00:00,2026-09-19 12:04:12,14.37,BURSTY,20.0,38.0,51.3,1,0
2026-09-19T12:04:13+00:00,2026-09-19 12:04:13,14.14,BURSTY,20.0,38.0,51.3,1,0
2026-09-19T12:04:14+00:00,2026-09-19 12:04:14,16.49,BURSTY,20.0,38.0,51.3,1,0
2026-09-19T12:04:15+00:00,2026-09-19 12:04:15,16.31,BURSTY,20.0,38.0,51.3,1,0
2026-09-19T12:04:16+00:00,2026-09-19 12:04:16,15.78,BURSTY,20.0,38.0,51.3,1,0
2026-09-19T12:04:17+00:00,2026-09-19 12:04:17,12.82,BURSTY,20.0,38.0,51.3,1,0
2026-09-19T12:04:18+00:00,2026-09-19 12:04:18,14.17,BURSTY,20.0,38.0,51.3,1,0
2026-09-19T12:04:19+00:00,2026-09-19 12:04:19,15.89,BURSTY,20.0,38.0,51.3,1,0
2026-09-19T12:04:20+00:00,2026-09-19 12:04:20,14.76,BURSTY,20.0,38.0,51.3,1,0
2026-09-19T12:04:21+00:00,2026-09-19 12:04:21,15.49,BURSTY,20.0,38.0,51.3,1,0
2026-09-19T12:04:22+00:00,2026-09-19 12:04:22,15.26,BURSTY,20.0,38.0,51.3,1,0
2026-09-19T12:04:23+00:00,2026-09-19 12:04:23,13.36,BURSTY,20.0,38.0,51.3,1,0
2026-09-19T12:04:24+00:00,2026-09-19 12:04:24,15.57,BURSTY,20.0,38.0,51.3,1,0
2026-09-19T12:04:25+00:00,2026-09-19 12:04:25,14.91,BURSTY,20.0,38.0,51.3,1,0
2026-09-19T12:04:26+00:00,2026-09-19 12:04:26,14.55,BURSTY,20.0,38.0,51.3,1,0
2026-09-19T12:04:27+00:00,2026-09-19 12:04:27,16.51,BURSTY,20.0,38.0,51.3,1,0
2026-09-19T12:04:28+00:00,2026-09-19 12:04:28,14.5,BURSTY,20.0,38.0,51.3,1,0
2026-09-19T12:04:29+00:00,2026-09-19 12:04:29,15.92,BURSTY,20.0,38.0,51.3,1,0
2026-09-19T12:04:30+00:00,2026-09-19 12:04:30,12.26,BURSTY,20.0,38.0,51.3,1,0
2026-09-19T12:04:31+00:00,2026-09-19 12:04:31,13.88,BURSTY,20.0,38.0,51.3,1,0
2026-09-19T12:04:32+00:00,2026-09-19 12:04:32,13.49,BURSTY,20.0,38.0,51.3,1,0
2026-09-19T12:04:33+00:00,2026-09-19 12:04:33,15.35,BURSTY,20.0,38.0,51.3,1,0
2026-09-19T12:04:34+00:00,2026-09-19 12:04:34,12.24,BURSTY,20.0,38.0,51.3,1,0
2026-09-19T12:04:35+00:00,2026-09-19 12:04:35,13.23,BURSTY,20.0,38.0,51.3,1,0
2026-09-19T12:04:36+00:00,2026-09-19 12:04:36,11.72,BURSTY,20.0,38.0,51.3,1,0
2026-09-19T12:04:37+00:00,2026-09-19 12:04:37,15.32,BURSTY,20.0,38.0,51.3,1,0
2026-09-19T12:04:38+00:00,2026-09-19 12:04:38,15.71,BURSTY,20.0,38.0,51.3,1,0
2026-09-19T12:04:39+00:00,2026-09-19 12:04:39,14.81,BURSTY,20.0,38.0,51.3,1,0
2026-09-19T12:04:40+00:00,2026-09-19 12:04:40,14.62,BURSTY,20.0,38.0,51.3,1,0
2026-09-19T12:04:41+00:00,2026-09-19 12:04:41,14.6,BURSTY,20.0,38.0,51.3,1,0
2026-09-19T12:04:42+00:00,2026-09-19 12:04:42,17.41,BURSTY,20.0,38.0,51.3,1,0
2026-09-19T12:04:43+00:00,2026-09-19 12:04:43,17.7,BURSTY,20.0,38.0,51.3,1,0
2026-09-19T12:04:44+00:00,2026-09-19 12:04:44,16.3,BURSTY,20.0,38.0,51.3,1,0
2026-09-19T12:04:45+00:00,2026-09-19 12:04:45,16.28,BURSTY,20.0,38.0,51.3,1,0
2026-09-19T12:04:46+00:00,2026-09-19 12:04:46,16.5,BURSTY,20.0,38.0,51.3,1,0
2026-09-19T12:04:47+00:00,2026-09-19 12:04:47,12.98,BURSTY,20.0,38.0,51.3,1,0
2026-09-19T12:04:48+00:00,2026-09-19 12:04:48,15.51,BURSTY,20.0,38.0,51.3,1,0
2026-09-19T12:04:49+00:00,2026-09-19 12:04:49,16.67,BURSTY,20.0,38.0,51.3,1,0
2026-09-19T12:04:50+00:00,2026-09-19 12:04:50,16.95,BURSTY,20.0,38.0,51.3,1,0
2026-09-19T12:04:51+00:00,2026-09-19 12:04:51,17.37,BURSTY,20.0,38.0,51.3,1,0
2026-09-19T12:04:52+00:00,2026-09-19 12:04:52,15.05,BURSTY,20.0,38.0,51.3,1,0
2026-09-19T12:04:53+00:00,2026-09-19 12:04:53,13.83,BURSTY,20.0,38.0,51.3,1,0
2026-09-19T12:04:54+00:00,2026-09-19 12:04:54,14.76,BURSTY,20.0,38.0,51.3,1,0
2026-09-19T12:04:55+00:00,2026-09-19 12:04:55,14.98,BURSTY,20.0,38.0,51.3,1,0
2026-09-19T12:04:56+00:00,2026-09-19 12:04:56,16.72,BURSTY,20.0,38.0,51.3,1,0
2026-09-19T12:04:57+00:00,2026-09-19 12:04:57,19.43,BURSTY,20.0,38.0,51.3,1,0
2026-09-19T12:04:58+00:00,2026-09-19 12:04:58,13.48,BURSTY,20.0,38.0,51.3,1,0
2026-09-19T12:04:59+00:00,2026-09-19 12:04:59,14.19,BURSTY,20.0,38.0,51.3,1,0
2026-09-19T12:05:00+00:00,2026-09-19 12:05:00,16.84,BURSTY,20.0,38.0,51.3,1,0
2026-09-19T12:05:01+00:00,2026-09-19 12:05:01,15.36,BURSTY,20.0,38.0,51.3,1,0
2026-09-19T12:05:02+00:00,2026-09-19 12:05:02,14.45,BURSTY,20.0,38.0,51.3,1,0
2026-09-19T12:05:03+00:00,2026-09-19 12:05:03,16.15,BURSTY,20.0,38.0,51.3,1,0
2026-09-19T12:05:04+00:00,2026-09-19 12:05:04,15.89,BURSTY,20.0,38.0,51.3,1,0
2026-09-19T12:05:05+00:00,2026-09-19 12:05:05,17.17,BURSTY,20.0,38.0,51.3,1,0
2026-09-19T12:05:06+00:00,2026-09-19 12:05:06,16.07,BURSTY,20.0,38.0,51.3,1,0
2026-09-19T12:05:07+00:00,2026-09-19 12:05:07,16.03,BURSTY,20.0,38.0,51.3,1,0
2026-09-19T12:05:08+00:00,2026-09-19 12:05:08,15.72,BURSTY,20.0,38.0,51.3,1,0
2026-09-19T12:05:09+00:00,2026-09-19 12:05:09,14.4,BURSTY,20.0,38.0,51.3,1,0
2026-09-19T12:05:10+00:00,2026-09-19 12:05:10,16.27,BURSTY,20.0,38.0,51.3,1,0
2026-09-19T12:05:11+00:00,2026-09-19 12:05:11,13.55,BURSTY,20.0,38.0,51.3,1,0
2026-09-19T12:05:12+00:00,2026-09-19 12:05:12,12.78,BURSTY,20.0,38.0,51.3,1,0
2026-09-19T12:05:13+00:00,2026-09-19 12:05:13,17.2,BURSTY,20.0,38.0,51.3,1,0
2026-09-19T12:05:14+00:00,2026-09-19 12:05:14,16.59,BURSTY,20.0,38.0,51.3,1,0
2026-09-19T12:05:15+00:00,2026-09-19 12:05:15,15.2,BURSTY,20.0,38.0,51.3,1,0
2026-09-19T12:05:16+00:00,2026-09-19 12:05:16,15.75,BURSTY,20.0,38.0,51.3,1,0
2026-09-19T12:05:17+00:00,2026-09-19 12:05:17,14.23,BURSTY,20.0,38.0,51.3,1,0
2026-09-19T12:05:18+00:00,2026-09-19 12:05:18,13.37,BURSTY,20.0,38.0,51.3,1,0
2026-09-19T12:05:19+00:00,2026-09-19 12:05:19,15.29,BURSTY,20.0,38.0,51.3,1,0
2026-09-19T12:05:20+00:00,2026-09-19 12:05:20,15.55,BURSTY,20.0,38.0,51.3,1,0
2026-09-19T12:05:21+00:00,2026-09-19 12:05:21,17.39,BURSTY,20.0,38.0,51.3,1,0
2026-09-19T12:05:22+00:00,2026-09-19 12:05:22,16.37,BURSTY,20.0,38.0,51.3,1,0
2026-09-19T12:05:23+00:00,2026-09-19 12:05:23,14.05,BURSTY,20.0,38.0,51.3,1,0
2026-09-19T12:05:24+00:00,2026-09-19 12:05:24,14.33,BURSTY,20.0,38.0,51.3,1,0
2026-09-19T12:05:25+00:00,2026-09-19 12:05:25,15.21,BURSTY,20.0,38.0,51.3,1,0
2026-09-19T12:05:26+00:00,2026-09-19 12:05:26,15.76,BURSTY,20.0,38.0,51.3,1,0
2026-09-19T12:05:27+00:00,2026-09-19 12:05:27,17.28,BURSTY,20.0,38.0,51.3,1,0
2026-09-19T12:05:28+00:00,2026-09-19 12:05:28,14.31,BURSTY,20.0,38.0,51.3,1,0
2026-09-19T12:05:29+00:00,2026-09-19 12:05:29,15.24,BURSTY,20.0,38.0,51.3,1,0
2026-09-19T12:05:30+00:00,2026-09-19 12:05:30,16.7,BURSTY,20.0,38.0,51.3,1,0
2026-09-19T12:05:31+00:00,2026-09-19 12:05:31,15.03,BURSTY,20.0,38.0,51.3,1,0
2026-09-19T12:05:32+00:00,2026-09-19 12:05:32,14.59,BURSTY,20.0,38.0,51.3,1,0
2026-09-19T12:05:33+00:00,2026-09-19 12:05:33,14.45,BURSTY,20.0,38.0,51.3,1,0
2026-09-19T12:05:34+00:00,2026-09-19 12:05:34,14.24,BURSTY,20.0,38.0,51.3,1,0
2026-09-19T12:05:35+00:00,2026-09-19 12:05:35,14.17,BURSTY,20.0,38.0,51.3,1,0
2026-09-19T12:05:36+00:00,2026-09-19 12:05:36,13.69,BURSTY,20.0,38.0,51.3,1,0
2026-09-19T12:05:37+00:00,2026-09-19 12:05:37,15.93,BURSTY,20.0,38.0,51.3,1,0
2026-09-19T12:05:38+00:00,2026-09-19 12:05:38,16.06,BURSTY,20.0,38.0,51.3,1,0
2026-09-19T12:05:39+00:00,2026-09-19 12:05:39,14.23,BURSTY,20.0,38.0,51.3,1,0
2026-09-19T12:05:40+00:00,2026-09-19 12:05:40,16.02,BURSTY,20.0,38.0,51.3,1,0
2026-09-19T12:05:41+00:00,2026-09-19 12:05:41,16.62,BURSTY,20.0,38.0,51.3,1,0
2026-09-19T12:05:42+00:00,2026-09-19 12:05:42,14.18,BURSTY,20.0,38.0,51.3,1,0
2026-09-19T12:05:43+00:00,2026-09-19 12:05:43,14.88,BURSTY,20.0,38.0,51.3,1,0
2026-09-19T12:05:44+00:00,2026-09-19 12:05:44,15.04,BURSTY,20.0,38.0,51.3,1,0
2026-09-19T12:05:45+00:00,2026-09-19 12:05:45,13.35,BURSTY,20.0,38.0,51.3,1,0
2026-09-19T12:05:46+00:00,2026-09-19 12:05:46,12.19,BURSTY,20.0,38.0,51.3,1,0
2026-09-19T12:05:47+00:00,2026-09-19 12:05:47,13.6,BURSTY,20.0,38.0,51.3,1,0
2026-09-19T12:05:48+00:00,2026-09-19 12:05:48,15.11,BURSTY,20.0,38.0,51.3,1,0
2026-09-19T12:05:49+00:00,2026-09-19 12:05:49,13.96,BURSTY,20.0,38.0,51.3,1,0
2026-09-19T12:05:50+00:00,2026-09-19 12:05:50,14.29,BURSTY,20.0,38.0,51.3,1,0
2026-09-19T12:05:51+00:00,2026-09-19 12:05:51,13.39,BURSTY,20.0,38.0,51.3,1,0
2026-09-19T12:05:52+00:00,2026-09-19 12:05:52,16.24,BURSTY,20.0,38.0,51.3,1,0
2026-09-19T12:05:53+00:00,2026-09-19 12:05:53,12.5,BURSTY,20.0,38.0,51.3,1,0
2026-09-19T12:05:54+00:00,2026-09-19 12:05:54,14.13,BURSTY,20.0,38.0,51.3,1,0
2026-09-19T12:05:55+00:00,2026-09-19 12:05:55,13.42,BURSTY,20.0,38.0,51.3,1,0
2026-09-19T12:05:56+00:00,2026-09-19 12:05:56,13.32,BURSTY,20.0,38.0,51.3,1,0
2026-09-19T12:05:57+00:00,2026-09-19 12:05:57,14.59,BURSTY,20.0,38.0,51.3,1,0
2026-09-19T12:05:58+00:00,2026-09-19 12:05:58,16.68,BURSTY,20.0,38.0,51.3,1,0
2026-09-19T12:05:59+00:00,2026-09-19 12:05:59,13.42,BURSTY,20.0,38.0,51.3,1,0
2026-09-19T12:06:00+00:00,2026-09-19 12:06:00,146.13,BURSTY,80.0,67.2,90.7,5,1
2026-09-19T12:06:01+00:00,2026-09-19 12:06:01,155.88,BURSTY,85.1,78.4,105.9,5,1
2026-09-19T12:06:02+00:00,2026-09-19 12:06:02,149.62,BURSTY,85.3,75.5,101.9,5,1
2026-09-19T12:06:03+00:00,2026-09-19 12:06:03,150.66,BURSTY,87.1,69.5,93.8,5,1
2026-09-19T12:06:04+00:00,2026-09-19 12:06:04,157.34,BURSTY,86.6,78.7,106.3,5,1
2026-09-19T12:06:05+00:00,2026-09-19 12:06:05,152.11,BURSTY,86.8,67.8,91.5,5,1
2026-09-19T12:06:06+00:00,2026-09-19 12:06:06,148.05,BURSTY,86.2,71.2,96.2,5,1
2026-09-19T12:06:07+00:00,2026-09-19 12:06:07,148.05,BURSTY,84.4,75.5,101.9,5,1
2026-09-19T12:06:08+00:00,2026-09-19 12:06:08,142.21,BURSTY,79.1,69.8,94.2,5,1
2026-09-19T12:06:09+00:00,2026-09-19 12:06:09,147.24,BURSTY,80.2,72.2,97.4,5,1
2026-09-19T12:06:10+00:00,2026-09-19 12:06:10,151.97,BURSTY,88.5,75.8,102.3,5,1
2026-09-19T12:06:11+00:00,2026-09-19 12:06:11,149.46,BURSTY,83.4,76.7,103.5,5,1
2026-09-19T12:06:12+00:00,2026-09-19 12:06:12,156.15,BURSTY,88.4,76.1,102.7,5,1
2026-09-19T12:06:13+00:00,2026-09-19 12:06:13,144.46,BURSTY,83.0,67.0,90.5,5,1
2026-09-19T12:06:14+00:00,2026-09-19 12:06:14,151.25,BURSTY,85.6,73.0,98.6,5,1
2026-09-19T12:06:15+00:00,2026-09-19 12:06:15,152.23,BURSTY,84.3,66.4,89.6,5,1
2026-09-19T12:06:16+00:00,2026-09-19 12:06:16,150.08,BURSTY,86.7,72.7,98.2,5,1
2026-09-19T12:06:17+00:00,2026-09-19 12:06:17,148.82,BURSTY,84.4,80.3,108.4,5,1
2026-09-19T12:06:18+00:00,2026-09-19 12:06:18,154.06,BURSTY,85.9,72.0,97.2,5,1
2026-09-19T12:06:19+00:00,2026-09-19 12:06:19,155.34,BURSTY,88.3,73.6,99.4,5,1
2026-09-19T12:06:20+00:00,2026-09-19 12:06:20,151.69,BURSTY,86.2,68.0,91.8,5,1
2026-09-19T12:06:21+00:00,2026-09-19 12:06:21,144.66,BURSTY,80.0,73.6,99.3,5,1
2026-09-19T12:06:22+00:00,2026-09-19 12:06:22,152.47,BURSTY,87.6,70.9,95.7,5,1
2026-09-19T12:06:23+00:00,2026-09-19 12:06:23,149.15,BURSTY,82.1,67.7,91.4,5,1
2026-09-19T12:06:24+00:00,2026-09-19 12:06:24,154.01,BURSTY,86.4,74.7,100.8,5,1
2026-09-19T12:06:25+00:00,2026-09-19 12:06:25,145.55,BURSTY,84.4,75.3,101.7,5,1
2026-09-19T12:06:26+00:00,2026-09-19 12:06:26,144.92,BURSTY,84.1,71.2,96.1,5,1
2026-09-19T12:06:27+00:00,2026-09-19 12:06:27,156.21,BURSTY,87.1,73.7,99.4,5,1
2026-09-19T12:06:28+00:00,2026-09-19 12:06:28,149.3,BURSTY,81.2,72.0,97.2,5,1
2026-09-19T12:06:29+00:00,2026-09-19 12:06:29,149.11,BURSTY,79.5,71.6,96.6,5,1
2026-09-19T12:06:30+00:00,2026-09-19 12:06:30,143.61,BURSTY,80.6,76.0,102.6,5,1
2026-09-19T12:06:31+00:00,2026-09-19 12:06:31,150.15,BURSTY,85.9,71.0,95.9,5,1
2026-09-19T12:06:32+00:00,2026-09-19 12:06:32,158.79,BURSTY,90.1,72.2,97.5,5,1
2026-09-19T12:06:33+00:00,2026-09-19 12:06:33,150.02,BURSTY,87.5,68.4,92.4,5,1
2026-09-19T12:06:34+00:00,2026-09-19 12:06:34,152.76,BURSTY,85.8,68.3,92.2,5,1
2026-09-19T12:06:35+00:00,2026-09-19 12:06:35,149.59,BURSTY,85.6,78.0,105.3,5,1
2026-09-19T12:06:36+00:00,2026-09-19 12:06:36,145.13,BURSTY,83.9,78.5,106.0,5,1
2026-09-19T12:06:37+00:00,2026-09-19 12:06:37,138.13,BURSTY,77.0,67.8,91.6,5,1
2026-09-19T12:06:38+00:00,2026-09-19 12:06:38,151.36,BURSTY,86.3,71.7,96.9,5,1
2026-09-19T12:06:39+00:00,2026-09-19 12:06:39,152.83,BURSTY,89.0,73.2,98.8,5,1
2026-09-19T12:06:40+00:00,2026-09-19 12:06:40,149.02,BURSTY,86.0,82.9,111.9,5,1
2026-09-19T12:06:41+00:00,2026-09-19 12:06:41,141.12,BURSTY,80.9,68.8,92.9,5,1
2026-09-19T12:06:42+00:00,2026-09-19 12:06:42,151.78,BURSTY,84.6,67.7,91.4,5,1
2026-09-19T12:06:43+00:00,2026-09-19 12:06:43,153.83,BURSTY,88.0,71.5,96.6,5,1
2026-09-19T12:06:44+00:00,2026-09-19 12:06:44,142.86,BURSTY,81.6,74.1,100.0,5,1
2026-09-19T12:06:45+00:00,2026-09-19 12:06:45,154.95,BURSTY,88.9,67.8,91.5,5,1
2026-09-19T12:06:46+00:00,2026-09-19 12:06:46,146.78,BURSTY,82.9,75.3,101.7,5,1
2026-09-19T12:06:47+00:00,2026-09-19 12:06:47,144.42,BURSTY,78.7,76.9,103.8,5,1
2026-09-19T12:06:48+00:00,2026-09-19 12:06:48,148.99,BURSTY,82.5,72.1,97.4,5,1
2026-09-19T12:06:49+00:00,2026-09-19 12:06:49,146.47,BURSTY,85.5,68.5,92.5,5,1
2026-09-19T12:06:50+00:00,2026-09-19 12:06:50,150.05,BURSTY,86.5,69.8,94.3,5,1
2026-09-19T12:06:51+00:00,2026-09-19 12:06:51,153.25,BURSTY,84.8,72.5,97.9,5,1
2026-09-19T12:06:52+00:00,2026-09-19 12:06:52,149.81,BURSTY,85.0,75.2,101.6,5,1
2026-09-19T12:06:53+00:00,2026-09-19 12:06:53,146.6,BURSTY,84.4,68.8,92.9,5,1
2026-09-19T12:06:54+00:00,2026-09-19 12:06:54,145.87,BURSTY,82.8,69.3,93.6,5,1
2026-09-19T12:06:55+00:00,2026-09-19 12:06:55,150.9,BURSTY,86.1,71.3,96.2,5,1
2026-09-19T12:06:56+00:00,2026-09-19 12:06:56,145.62,BURSTY,78.8,72.1,97.3,5,1
2026-09-19T12:06:57+00:00,2026-09-19 12:06:57,158.12,BURSTY,90.7,72.6,98.0,5,1
2026-09-19T12:06:58+00:00,2026-09-19 12:06:58,156.86,BURSTY,89.9,76.3,103.0,5,1
2026-09-19T12:06:59+00:00,2026-09-19 12:06:59,153.43,BURSTY,87.2,76.8,103.7,5,1
2026-09-19T12:07:00+00:00,2026-09-19 12:07:00,15.43,BURSTY,20.0,38.0,51.3,1,0
2026-09-19T12:07:01+00:00,2026-09-19 12:07:01,14.53,BURSTY,20.0,38.0,51.3,1,0
2026-09-19T12:07:02+00:00,2026-09-19 12:07:02,13.07,BURSTY,20.0,38.0,51.3,1,0
2026-09-19T12:07:03+00:00,2026-09-19 12:07:03,14.55,BURSTY,20.0,38.0,51.3,1,0
2026-09-19T12:07:04+00:00,2026-09-19 12:07:04,15.13,BURSTY,20.0,38.0,51.3,1,0
2026-09-19T12:07:05+00:00,2026-09-19 12:07:05,16.53,BURSTY,20.0,38.0,51.3,1,0
2026-09-19T12:07:06+00:00,2026-09-19 12:07:06,13.64,BURSTY,20.0,38.0,51.3,1,0
2026-09-19T12:07:07+00:00,2026-09-19 12:07:07,14.76,BURSTY,20.0,38.0,51.3,1,0
2026-09-19T12:07:08+00:00,2026-09-19 12:07:08,13.43,BURSTY,20.0,38.0,51.3,1,0
2026-09-19T12:07:09+00:00,2026-09-19 12:07:09,13.59,BURSTY,20.0,38.0,51.3,1,0
2026-09-19T12:07:10+00:00,2026-09-19 12:07:10,12.76,BURSTY,20.0,38.0,51.3,1,0
2026-09-19T12:07:11+00:00,2026-09-19 12:07:11,13.55,BURSTY,20.0,38.0,51.3,1,0
2026-09-19T12:07:12+00:00,2026-09-19 12:07:12,15.65,BURSTY,20.0,38.0,51.3,1,0
2026-09-19T12:07:13+00:00,2026-09-19 12:07:13,13.61,BURSTY,20.0,38.0,51.3,1,0
2026-09-19T12:07:14+00:00,2026-09-19 12:07:14,10.76,BURSTY,20.0,38.0,51.3,1,0
2026-09-19T12:07:15+00:00,2026-09-19 12:07:15,14.46,BURSTY,20.0,38.0,51.3,1,0
2026-09-19T12:07:16+00:00,2026-09-19 12:07:16,13.93,BURSTY,20.0,38.0,51.3,1,0
2026-09-19T12:07:17+00:00,2026-09-19 12:07:17,12.13,BURSTY,20.0,38.0,51.3,1,0
2026-09-19T12:07:18+00:00,2026-09-19 12:07:18,13.52,BURSTY,20.0,38.0,51.3,1,0
2026-09-19T12:07:19+00:00,2026-09-19 12:07:19,14.29,BURSTY,20.0,38.0,51.3,1,0
2026-09-19T12:07:20+00:00,2026-09-19 12:07:20,13.58,BURSTY,20.0,38.0,51.3,1,0
2026-09-19T12:07:21+00:00,2026-09-19 12:07:21,15.28,BURSTY,20.0,38.0,51.3,1,0
2026-09-19T12:07:22+00:00,2026-09-19 12:07:22,14.72,BURSTY,20.0,38.0,51.3,1,0
2026-09-19T12:07:23+00:00,2026-09-19 12:07:23,16.29,BURSTY,20.0,38.0,51.3,1,0
2026-09-19T12:07:24+00:00,2026-09-19 12:07:24,16.18,BURSTY,20.0,38.0,51.3,1,0
2026-09-19T12:07:25+00:00,2026-09-19 12:07:25,16.8,BURSTY,20.0,38.0,51.3,1,0
2026-09-19T12:07:26+00:00,2026-09-19 12:07:26,13.39,BURSTY,20.0,38.0,51.3,1,0
2026-09-19T12:07:27+00:00,2026-09-19 12:07:27,15.67,BURSTY,20.0,38.0,51.3,1,0
2026-09-19T12:07:28+00:00,2026-09-19 12:07:28,16.84,BURSTY,20.0,38.0,51.3,1,0
2026-09-19T12:07:29+00:00,2026-09-19 12:07:29,16.18,BURSTY,20.0,38.0,51.3,1,0
2026-09-19T12:07:30+00:00,2026-09-19 12:07:30,15.46,BURSTY,20.0,38.0,51.3,1,0
2026-09-19T12:07:31+00:00,2026-09-19 12:07:31,14.93,BURSTY,20.0,38.0,51.3,1,0
2026-09-19T12:07:32+00:00,2026-09-19 12:07:32,16.96,BURSTY,20.0,38.0,51.3,1,0
2026-09-19T12:07:33+00:00,2026-09-19 12:07:33,15.98,BURSTY,20.0,38.0,51.3,1,0
2026-09-19T12:07:34+00:00,2026-09-19 12:07:34,13.62,BURSTY,20.0,38.0,51.3,1,0
2026-09-19T12:07:35+00:00,2026-09-19 12:07:35,14.63,BURSTY,20.0,38.0,51.3,1,0
2026-09-19T12:07:36+00:00,2026-09-19 12:07:36,13.92,BURSTY,20.0,38.0,51.3,1,0
2026-09-19T12:07:37+00:00,2026-09-19 12:07:37,11.56,BURSTY,20.0,38.0,51.3,1,0
2026-09-19T12:07:38+00:00,2026-09-19 12:07:38,14.6,BURSTY,20.0,38.0,51.3,1,0
2026-09-19T12:07:39+00:00,2026-09-19 12:07:39,13.76,BURSTY,20.0,38.0,51.3,1,0
2026-09-19T12:07:40+00:00,2026-09-19 12:07:40,15.76,BURSTY,20.0,38.0,51.3,1,0
2026-09-19T12:07:41+00:00,2026-09-19 12:07:41,14.54,BURSTY,20.0,38.0,51.3,1,0
2026-09-19T12:07:42+00:00,2026-09-19 12:07:42,16.15,BURSTY,20.0,38.0,51.3,1,0
2026-09-19T12:07:43+00:00,2026-09-19 12:07:43,18.29,BURSTY,20.0,38.0,51.3,1,0
2026-09-19T12:07:44+00:00,2026-09-19 12:07:44,16.94,BURSTY,20.0,38.0,51.3,1,0
2026-09-19T12:07:45+00:00,2026-09-19 12:07:45,16.18,BURSTY,20.0,38.0,51.3,1,0
2026-09-19T12:07:46+00:00,2026-09-19 12:07:46,14.35,BURSTY,20.0,38.0,51.3,1,0
2026-09-19T12:07:47+00:00,2026-09-19 12:07:47,16.04,BURSTY,20.0,38.0,51.3,1,0
2026-09-19T12:07:48+00:00,2026-09-19 12:07:48,14.44,BURSTY,20.0,38.0,51.3,1,0
2026-09-19T12:07:49+00:00,2026-09-19 12:07:49,11.66,BURSTY,20.0,38.0,51.3,1,0
2026-09-19T12:07:50+00:00,2026-09-19 12:07:50,12.95,BURSTY,20.0,38.0,51.3,1,0
2026-09-19T12:07:51+00:00,2026-09-19 12:07:51,16.17,BURSTY,20.0,38.0,51.3,1,0
2026-09-19T12:07:52+00:00,2026-09-19 12:07:52,15.67,BURSTY,20.0,38.0,51.3,1,0
2026-09-19T12:07:53+00:00,2026-09-19 12:07:53,14.68,BURSTY,20.0,38.0,51.3,1,0
2026-09-19T12:07:54+00:00,2026-09-19 12:07:54,15.57,BURSTY,20.0,38.0,51.3,1,0
2026-09-19T12:07:55+00:00,2026-09-19 12:07:55,16.13,BURSTY,20.0,38.0,51.3,1,0
2026-09-19T12:07:56+00:00,2026-09-19 12:07:56,14.88,BURSTY,20.0,38.0,51.3,1,0
2026-09-19T12:07:57+00:00,2026-09-19 12:07:57,13.83,BURSTY,20.0,38.0,51.3,1,0
2026-09-19T12:07:58+00:00,2026-09-19 12:07:58,17.18,BURSTY,20.0,38.0,51.3,1,0
2026-09-19T12:07:59+00:00,2026-09-19 12:07:59,17.43,BURSTY,20.0,38.0,51.3,1,0
2026-09-19T12:08:00+00:00,2026-09-19 12:08:00,13.79,BURSTY,20.0,38.0,51.3,1,0
2026-09-19T12:08:01+00:00,2026-09-19 12:08:01,13.9,BURSTY,20.0,38.0,51.3,1,0
2026-09-19T12:08:02+00:00,2026-09-19 12:08:02,12.71,BURSTY,20.0,38.0,51.3,1,0
2026-09-19T12:08:03+00:00,2026-09-19 12:08:03,15.18,BURSTY,20.0,38.0,51.3,1,0
2026-09-19T12:08:04+00:00,2026-09-19 12:08:04,14.54,BURSTY,20.0,38.0,51.3,1,0
2026-09-19T12:08:05+00:00,2026-09-19 12:08:05,15.0,BURSTY,20.0,38.0,51.3,1,0
2026-09-19T12:08:06+00:00,2026-09-19 12:08:06,13.88,BURSTY,20.0,38.0,51.3,1,0
2026-09-19T12:08:07+00:00,2026-09-19 12:08:07,14.4,BURSTY,20.0,38.0,51.3,1,0
2026-09-19T12:08:08+00:00,2026-09-19 12:08:08,13.5,BURSTY,20.0,38.0,51.3,1,0
2026-09-19T12:08:09+00:00,2026-09-19 12:08:09,11.87,BURSTY,20.0,38.0,51.3,1,0
2026-09-19T12:08:10+00:00,2026-09-19 12:08:10,16.89,BURSTY,20.0,38.0,51.3,1,0
2026-09-19T12:08:11+00:00,2026-09-19 12:08:11,16.34,BURSTY,20.0,38.0,51.3,1,0
2026-09-19T12:08:12+00:00,2026-09-19 12:08:12,18.1,BURSTY,20.0,38.0,51.3,1,0
2026-09-19T12:08:13+00:00,2026-09-19 12:08:13,17.14,BURSTY,20.0,38.0,51.3,1,0
2026-09-19T12:08:14+00:00,2026-09-19 12:08:14,16.05,BURSTY,20.0,38.0,51.3,1,0
2026-09-19T12:08:15+00:00,2026-09-19 12:08:15,14.94,BURSTY,20.0,38.0,51.3,1,0
2026-09-19T12:08:16+00:00,2026-09-19 12:08:16,14.13,BURSTY,20.0,38.0,51.3,1,0
2026-09-19T12:08:17+00:00,2026-09-19 12:08:17,16.45,BURSTY,20.0,38.0,51.3,1,0
2026-09-19T12:08:18+00:00,2026-09-19 12:08:18,14.13,BURSTY,20.0,38.0,51.3,1,0
2026-09-19T12:08:19+00:00,2026-09-19 12:08:19,16.92,BURSTY,20.0,38.0,51.3,1,0
2026-09-19T12:08:20+00:00,2026-09-19 12:08:20,14.44,BURSTY,20.0,38.0,51.3,1,0
2026-09-19T12:08:21+00:00,2026-09-19 12:08:21,14.84,BURSTY,20.0,38.0,51.3,1,0
2026-09-19T12:08:22+00:00,2026-09-19 12:08:22,15.92,BURSTY,20.0,38.0,51.3,1,0
2026-09-19T12:08:23+00:00,2026-09-19 12:08:23,15.32,BURSTY,20.0,38.0,51.3,1,0
2026-09-19T12:08:24+00:00,2026-09-19 12:08:24,15.98,BURSTY,20.0,38.0,51.3,1,0
2026-09-19T12:08:25+00:00,2026-09-19 12:08:25,14.46,BURSTY,20.0,38.0,51.3,1,0
2026-09-19T12:08:26+00:00,2026-09-19 12:08:26,14.25,BURSTY,20.0,38.0,51.3,1,0
2026-09-19T12:08:27+00:00,2026-09-19 12:08:27,17.57,BURSTY,20.0,38.0,51.3,1,0
2026-09-19T12:08:28+00:00,2026-09-19 12:08:28,16.51,BURSTY,20.0,38.0,51.3,1,0
2026-09-19T12:08:29+00:00,2026-09-19 12:08:29,18.96,BURSTY,20.0,38.0,51.3,1,0
2026-09-19T12:08:30+00:00,2026-09-19 12:08:30,15.61,BURSTY,20.0,38.0,51.3,1,0
2026-09-19T12:08:31+00:00,2026-09-19 12:08:31,11.44,BURSTY,20.0,38.0,51.3,1,0
2026-09-19T12:08:32+00:00,2026-09-19 12:08:32,16.18,BURSTY,20.0,38.0,51.3,1,0
2026-09-19T12:08:33+00:00,2026-09-19 12:08:33,13.39,BURSTY,20.0,38.0,51.3,1,0
2026-09-19T12:08:34+00:00,2026-09-19 12:08:34,17.46,BURSTY,20.0,38.0,51.3,1,0
2026-09-19T12:08:35+00:00,2026-09-19 12:08:35,14.09,BURSTY,20.0,38.0,51.3,1,0
2026-09-19T12:08:36+00:00,2026-09-19 12:08:36,15.39,BURSTY,20.0,38.0,51.3,1,0
2026-09-19T12:08:37+00:00,2026-09-19 12:08:37,13.2,BURSTY,20.0,38.0,51.3,1,0
2026-09-19T12:08:38+00:00,2026-09-19 12:08:38,14.09,BURSTY,20.0,38.0,51.3,1,0
2026-09-19T12:08:39+00:00,2026-09-19 12:08:39,14.57,BURSTY,20.0,38.0,51.3,1,0
2026-09-19T12:08:40+00:00,2026-09-19 12:08:40,14.68,BURSTY,20.0,38.0,51.3,1,0
2026-09-19T12:08:41+00:00,2026-09-19 12:08:41,14.99,BURSTY,20.0,38.0,51.3,1,0
2026-09-19T12:08:42+00:00,2026-09-19 12:08:42,14.69,BURSTY,20.0,38.0,51.3,1,0
2026-09-19T12:08:43+00:00,2026-09-19 12:08:43,13.78,BURSTY,20.0,38.0,51.3,1,0
2026-09-19T12:08:44+00:00,2026-09-19 12:08:44,16.47,BURSTY,20.0,38.0,51.3,1,0
2026-09-19T12:08:45+00:00,2026-09-19 12:08:45,14.02,BURSTY,20.0,38.0,51.3,1,0
2026-09-19T12:08:46+00:00,2026-09-19 12:08:46,12.94,BURSTY,20.0,38.0,51.3,1,0
2026-09-19T12:08:47+00:00,2026-09-19 12:08:47,14.23,BURSTY,20.0,38.0,51.3,1,0
2026-09-19T12:08:48+00:00,2026-09-19 12:08:48,17.53,BURSTY,20.0,38.0,51.3,1,0
2026-09-19T12:08:49+00:00,2026-09-19 12:08:49,16.74,BURSTY,20.0,38.0,51.3,1,0
2026-09-19T12:08:50+00:00,2026-09-19 12:08:50,17.4,BURSTY,20.0,38.0,51.3,1,0
2026-09-19T12:08:51+00:00,2026-09-19 12:08:51,14.13,BURSTY,20.0,38.0,51.3,1,0
2026-09-19T12:08:52+00:00,2026-09-19 12:08:52,14.7,BURSTY,20.0,38.0,51.3,1,0
2026-09-19T12:08:53+00:00,2026-09-19 12:08:53,13.14,BURSTY,20.0,38.0,51.3,1,0
2026-09-19T12:08:54+00:00,2026-09-19 12:08:54,11.01,BURSTY,20.0,38.0,51.3,1,0
2026-09-19T12:08:55+00:00,2026-09-19 12:08:55,15.74,BURSTY,20.0,38.0,51.3,1,0
2026-09-19T12:08:56+00:00,2026-09-19 12:08:56,16.64,BURSTY,20.0,38.0,51.3,1,0
2026-09-19T12:08:57+00:00,2026-09-19 12:08:57,14.08,BURSTY,20.0,38.0,51.3,1,0
2026-09-19T12:08:58+00:00,2026-09-19 12:08:58,14.77,BURSTY,20.0,38.0,51.3,1,0
2026-09-19T12:08:59+00:00,2026-09-19 12:08:59,13.56,BURSTY,20.0,38.0,51.3,1,0
2026-09-19T12:09:00+00:00,2026-09-19 12:09:00,14.49,BURSTY,20.0,38.0,51.3,1,0
2026-09-19T12:09:01+00:00,2026-09-19 12:09:01,15.58,BURSTY,20.0,38.0,51.3,1,0
2026-09-19T12:09:02+00:00,2026-09-19 12:09:02,16.32,BURSTY,20.0,38.0,51.3,1,0
2026-09-19T12:09:03+00:00,2026-09-19 12:09:03,15.09,BURSTY,20.0,38.0,51.3,1,0
2026-09-19T12:09:04+00:00,2026-09-19 12:09:04,13.76,BURSTY,20.0,38.0,51.3,1,0
2026-09-19T12:09:05+00:00,2026-09-19 12:09:05,14.58,BURSTY,20.0,38.0,51.3,1,0
2026-09-19T12:09:06+00:00,2026-09-19 12:09:06,13.32,BURSTY,20.0,38.0,51.3,1,0
2026-09-19T12:09:07+00:00,2026-09-19 12:09:07,12.01,BURSTY,20.0,38.0,51.3,1,0
2026-09-19T12:09:08+00:00,2026-09-19 12:09:08,13.65,BURSTY,20.0,38.0,51.3,1,0
2026-09-19T12:09:09+00:00,2026-09-19 12:09:09,13.41,BURSTY,20.0,38.0,51.3,1,0
2026-09-19T12:09:10+00:00,2026-09-19 12:09:10,15.68,BURSTY,20.0,38.0,51.3,1,0
2026-09-19T12:09:11+00:00,2026-09-19 12:09:11,15.41,BURSTY,20.0,38.0,51.3,1,0
2026-09-19T12:09:12+00:00,2026-09-19 12:09:12,14.62,BURSTY,20.0,38.0,51.3,1,0
2026-09-19T12:09:13+00:00,2026-09-19 12:09:13,16.81,BURSTY,20.0,38.0,51.3,1,0
2026-09-19T12:09:14+00:00,2026-09-19 12:09:14,15.18,BURSTY,20.0,38.0,51.3,1,0
2026-09-19T12:09:15+00:00,2026-09-19 12:09:15,15.14,BURSTY,20.0,38.0,51.3,1,0
2026-09-19T12:09:16+00:00,2026-09-19 12:09:16,15.18,BURSTY,20.0,38.0,51.3,1,0
2026-09-19T12:09:17+00:00,2026-09-19 12:09:17,16.36,BURSTY,20.0,38.0,51.3,1,0
2026-09-19T12:09:18+00:00,2026-09-19 12:09:18,17.25,BURSTY,20.0,38.0,51.3,1,0
2026-09-19T12:09:19+00:00,2026-09-19 12:09:19,12.94,BURSTY,20.0,38.0,51.3,1,0
2026-09-19T12:09:20+00:00,2026-09-19 12:09:20,15.8,BURSTY,20.0,38.0,51.3,1,0
2026-09-19T12:09:21+00:00,2026-09-19 12:09:21,16.62,BURSTY,20.0,38.0,51.3,1,0
2026-09-19T12:09:22+00:00,2026-09-19 12:09:22,16.38,BURSTY,20.0,38.0,51.3,1,0
2026-09-19T12:09:23+00:00,2026-09-19 12:09:23,15.38,BURSTY,20.0,38.0,51.3,1,0
2026-09-19T12:09:24+00:00,2026-09-19 12:09:24,15.44,BURSTY,20.0,38.0,51.3,1,0
2026-09-19T12:09:25+00:00,2026-09-19 12:09:25,16.68,BURSTY,20.0,38.0,51.3,1,0
2026-09-19T12:09:26+00:00,2026-09-19 12:09:26,16.05,BURSTY,20.0,38.0,51.3,1,0
2026-09-19T12:09:27+00:00,2026-09-19 12:09:27,15.55,BURSTY,20.0,38.0,51.3,1,0
2026-09-19T12:09:28+00:00,2026-09-19 12:09:28,16.84,BURSTY,20.0,38.0,51.3,1,0
2026-09-19T12:09:29+00:00,2026-09-19 12:09:29,14.34,BURSTY,20.0,38.0,51.3,1,0
2026-09-19T12:09:30+00:00,2026-09-19 12:09:30,16.39,BURSTY,20.0,38.0,51.3,1,0
2026-09-19T12:09:31+00:00,2026-09-19 12:09:31,15.24,BURSTY,20.0,38.0,51.3,1,0
2026-09-19T12:09:32+00:00,2026-09-19 12:09:32,14.61,BURSTY,20.0,38.0,51.3,1,0
2026-09-19T12:09:33+00:00,2026-09-19 12:09:33,13.87,BURSTY,20.0,38.0,51.3,1,0
2026-09-19T12:09:34+00:00,2026-09-19 12:09:34,14.24,BURSTY,20.0,38.0,51.3,1,0
2026-09-19T12:09:35+00:00,2026-09-19 12:09:35,11.2,BURSTY,20.0,38.0,51.3,1,0
2026-09-19T12:09:36+00:00,2026-09-19 12:09:36,14.31,BURSTY,20.0,38.0,51.3,1,0
2026-09-19T12:09:37+00:00,2026-09-19 12:09:37,13.11,BURSTY,20.0,38.0,51.3,1,0
2026-09-19T12:09:38+00:00,2026-09-19 12:09:38,14.65,BURSTY,20.0,38.0,51.3,1,0
2026-09-19T12:09:39+00:00,2026-09-19 12:09:39,13.6,BURSTY,20.0,38.0,51.3,1,0
2026-09-19T12:09:40+00:00,2026-09-19 12:09:40,13.61,BURSTY,20.0,38.0,51.3,1,0
2026-09-19T12:09:41+00:00,2026-09-19 12:09:41,13.92,BURSTY,20.0,38.0,51.3,1,0
2026-09-19T12:09:42+00:00,2026-09-19 12:09:42,15.35,BURSTY,20.0,38.0,51.3,1,0
2026-09-19T12:09:43+00:00,2026-09-19 12:09:43,16.02,BURSTY,20.0,38.0,51.3,1,0
2026-09-19T12:09:44+00:00,2026-09-19 12:09:44,15.84,BURSTY,20.0,38.0,51.3,1,0
2026-09-19T12:09:45+00:00,2026-09-19 12:09:45,14.14,BURSTY,20.0,38.0,51.3,1,0
2026-09-19T12:09:46+00:00,2026-09-19 12:09:46,14.31,BURSTY,20.0,38.0,51.3,1,0
2026-09-19T12:09:47+00:00,2026-09-19 12:09:47,14.4,BURSTY,20.0,38.0,51.3,1,0
2026-09-19T12:09:48+00:00,2026-09-19 12:09:48,11.17,BURSTY,20.0,38.0,51.3,1,0
2026-09-19T12:09:49+00:00,2026-09-19 12:09:49,14.25,BURSTY,20.0,38.0,51.3,1,0
2026-09-19T12:09:50+00:00,2026-09-19 12:09:50,13.65,BURSTY,20.0,38.0,51.3,1,0
2026-09-19T12:09:51+00:00,2026-09-19 12:09:51,13.21,BURSTY,20.0,38.0,51.3,1,0
2026-09-19T12:09:52+00:00,2026-09-19 12:09:52,13.87,BURSTY,20.0,38.0,51.3,1,0
2026-09-19T12:09:53+00:00,2026-09-19 12:09:53,14.41,BURSTY,20.0,38.0,51.3,1,0
2026-09-19T12:09:54+00:00,2026-09-19 12:09:54,15.04,BURSTY,20.0,38.0,51.3,1,0
2026-09-19T12:09:55+00:00,2026-09-19 12:09:55,13.9,BURSTY,20.0,38.0,51.3,1,0
2026-09-19T12:09:56+00:00,2026-09-19 12:09:56,15.1,BURSTY,20.0,38.0,51.3,1,0
2026-09-19T12:09:57+00:00,2026-09-19 12:09:57,15.32,BURSTY,20.0,38.0,51.3,1,0
2026-09-19T12:09:58+00:00,2026-09-19 12:09:58,14.3,BURSTY,20.0,38.0,51.3,1,0
2026-09-19T12:09:59+00:00,2026-09-19 12:09:59,12.94,BURSTY,20.0,38.0,51.3,1,0
2026-09-19T12:00:00+00:00,2026-09-19 12:00:00,87.35,PERIODIC,44.5,56.8,76.7,3,0
2026-09-19T12:00:01+00:00,2026-09-19 12:00:01,85.0,PERIODIC,44.8,56.6,76.4,3,0
2026-09-19T12:00:02+00:00,2026-09-19 12:00:02,87.15,PERIODIC,45.3,47.0,63.5,3,0
2026-09-19T12:00:03+00:00,2026-09-19 12:00:03,95.57,PERIODIC,50.9,53.3,72.0,4,0
2026-09-19T12:00:04+00:00,2026-09-19 12:00:04,98.97,PERIODIC,54.7,52.5,70.8,4,0
2026-09-19T12:00:05+00:00,2026-09-19 12:00:05,98.38,PERIODIC,52.5,56.6,76.4,4,0
2026-09-19T12:00:06+00:00,2026-09-19 12:00:06,105.44,PERIODIC,59.0,50.2,67.7,4,1
2026-09-19T12:00:07+00:00,2026-09-19 12:00:07,105.95,PERIODIC,55.0,51.9,70.1,4,1
2026-09-19T12:00:08+00:00,2026-09-19 12:00:08,114.94,PERIODIC,58.9,51.3,69.3,4,1
2026-09-19T12:00:09+00:00,2026-09-19 12:00:09,112.79,PERIODIC,62.6,51.0,68.8,4,1
2026-09-19T12:00:10+00:00,2026-09-19 12:00:10,117.09,PERIODIC,59.7,50.3,67.9,4,1
2026-09-19T12:00:11+00:00,2026-09-19 12:00:11,120.92,PERIODIC,65.2,47.8,64.6,5,1
2026-09-19T12:00:12+00:00,2026-09-19 12:00:12,122.15,PERIODIC,63.8,48.5,65.5,5,1
2026-09-19T12:00:13+00:00,2026-09-19 12:00:13,127.06,PERIODIC,69.0,49.4,66.7,5,1
2026-09-19T12:00:14+00:00,2026-09-19 12:00:14,130.33,PERIODIC,69.8,51.1,69.0,5,1
2026-09-19T12:00:15+00:00,2026-09-19 12:00:15,126.9,PERIODIC,63.6,49.3,66.6,5,1
2026-09-19T12:00:16+00:00,2026-09-19 12:00:16,132.22,PERIODIC,71.4,53.0,71.6,5,1
2026-09-19T12:00:17+00:00,2026-09-19 12:00:17,133.13,PERIODIC,69.7,51.2,69.2,5,1
2026-09-19T12:00:18+00:00,2026-09-19 12:00:18,136.07,PERIODIC,71.0,47.8,64.5,5,1
2026-09-19T12:00:19+00:00,2026-09-19 12:00:19,140.14,PERIODIC,75.4,45.1,60.9,5,1
2026-09-19T12:00:20+00:00,2026-09-19 12:00:20,140.0,PERIODIC,74.0,49.8,67.2,5,1
2026-09-19T12:00:21+00:00,2026-09-19 12:00:21,141.54,PERIODIC,72.9,53.4,72.1,5,1
2026-09-19T12:00:22+00:00,2026-09-19 12:00:22,144.1,PERIODIC,76.5,53.7,72.6,5,1
2026-09-19T12:00:23+00:00,2026-09-19 12:00:23,142.19,PERIODIC,77.3,50.2,67.8,5,1
2026-09-19T12:00:24+00:00,2026-09-19 12:00:24,145.7,PERIODIC,75.3,48.6,65.6,5,1
2026-09-19T12:00:25+00:00,2026-09-19 12:00:25,146.34,PERIODIC,80.0,48.4,65.4,5,1
2026-09-19T12:00:26+00:00,2026-09-19 12:00:26,149.45,PERIODIC,79.2,55.3,74.6,5,1
2026-09-19T12:00:27+00:00,2026-09-19 12:00:27,150.29,PERIODIC,85.5,49.8,67.2,5,1
2026-09-19T12:00:28+00:00,2026-09-19 12:00:28,149.38,PERIODIC,79.1,49.7,67.1,5,1
2026-09-19T12:00:29+00:00,2026-09-19 12:00:29,150.02,PERIODIC,79.0,54.9,74.1,5,1
2026-09-19T12:00:30+00:00,2026-09-19 12:00:30,147.23,PERIODIC,79.3,54.8,74.0,5,1
2026-09-19T12:00:31+00:00,2026-09-19 12:00:31,150.5,PERIODIC,81.8,46.1,62.2,5,1
2026-09-19T12:00:32+00:00,2026-09-19 12:00:32,146.98,PERIODIC,77.4,51.1,69.0,5,1
2026-09-19T12:00:33+00:00,2026-09-19 12:00:33,150.0,PERIODIC,82.2,55.8,75.3,5,1
2026-09-19T12:00:34+00:00,2026-09-19 12:00:34,152.15,PERIODIC,80.3,58.9,79.5,5,1
2026-09-19T12:00:35+00:00,2026-09-19 12:00:35,149.16,PERIODIC,81.6,51.2,69.1,5,1
2026-09-19T12:00:36+00:00,2026-09-19 12:00:36,146.95,PERIODIC,81.1,58.4,78.9,5,1
2026-09-19T12:00:37+00:00,2026-09-19 12:00:37,144.66,PERIODIC,73.8,50.3,67.9,5,1
2026-09-19T12:00:38+00:00,2026-09-19 12:00:38,142.95,PERIODIC,75.5,51.2,69.1,5,1
2026-09-19T12:00:39+00:00,2026-09-19 12:00:39,137.9,PERIODIC,71.6,51.5,69.5,5,1
2026-09-19T12:00:40+00:00,2026-09-19 12:00:40,147.63,PERIODIC,80.3,45.6,61.6,5,1
2026-09-19T12:00:41+00:00,2026-09-19 12:00:41,137.71,PERIODIC,72.2,56.3,75.9,5,1
2026-09-19T12:00:42+00:00,2026-09-19 12:00:42,135.76,PERIODIC,73.1,50.2,67.8,5,1
2026-09-19T12:00:43+00:00,2026-09-19 12:00:43,136.23,PERIODIC,75.6,52.6,71.0,5,1
2026-09-19T12:00:44+00:00,2026-09-19 12:00:44,135.15,PERIODIC,73.9,53.7,72.5,5,1
2026-09-19T12:00:45+00:00,2026-09-19 12:00:45,128.57,PERIODIC,69.1,50.6,68.3,5,1
2026-09-19T12:00:46+00:00,2026-09-19 12:00:46,132.28,PERIODIC,70.0,55.2,74.5,5,1
2026-09-19T12:00:47+00:00,2026-09-19 12:00:47,124.24,PERIODIC,64.8,47.5,64.1,5,1
2026-09-19T12:00:48+00:00,2026-09-19 12:00:48,120.91,PERIODIC,66.4,55.0,74.2,5,1
2026-09-19T12:00:49+00:00,2026-09-19 12:00:49,121.46,PERIODIC,70.1,53.7,72.5,5,1
2026-09-19T12:00:50+00:00,2026-09-19 12:00:50,117.94,PERIODIC,59.1,53.8,72.6,4,1
2026-09-19T12:00:51+00:00,2026-09-19 12:00:51,114.99,PERIODIC,64.0,59.3,80.1,4,1
2026-09-19T12:00:52+00:00,2026-09-19 12:00:52,114.07,PERIODIC,62.1,56.7,76.6,4,1
2026-09-19T12:00:53+00:00,2026-09-19 12:00:53,109.32,PERIODIC,56.9,49.5,66.8,4,1
2026-09-19T12:00:54+00:00,2026-09-19 12:00:54,106.88,PERIODIC,56.1,50.9,68.7,4,1
2026-09-19T12:00:55+00:00,2026-09-19 12:00:55,104.75,PERIODIC,52.2,48.6,65.7,4,1
2026-09-19T12:00:56+00:00,2026-09-19 12:00:56,104.28,PERIODIC,56.0,52.2,70.4,4,1
2026-09-19T12:00:57+00:00,2026-09-19 12:00:57,95.06,PERIODIC,51.4,49.1,66.2,4,0
2026-09-19T12:00:58+00:00,2026-09-19 12:00:58,92.41,PERIODIC,44.3,50.0,67.5,4,0
2026-09-19T12:00:59+00:00,2026-09-19 12:00:59,88.45,PERIODIC,42.0,52.1,70.3,3,0
2026-09-19T12:01:00+00:00,2026-09-19 12:01:00,83.44,PERIODIC,45.7,49.2,66.4,3,0
2026-09-19T12:01:01+00:00,2026-09-19 12:01:01,81.47,PERIODIC,39.4,50.1,67.7,3,0
2026-09-19T12:01:02+00:00,2026-09-19 12:01:02,75.52,PERIODIC,44.5,52.5,70.9,3,0
2026-09-19T12:01:03+00:00,2026-09-19 12:01:03,73.8,PERIODIC,38.6,48.4,65.4,3,0
2026-09-19T12:01:04+00:00,2026-09-19 12:01:04,66.01,PERIODIC,41.5,56.6,76.3,3,0
2026-09-19T12:01:05+00:00,2026-09-19 12:01:05,71.1,PERIODIC,36.1,52.3,70.6,3,0
2026-09-19T12:01:06+00:00,2026-09-19 12:01:06,63.87,PERIODIC,33.6,59.1,79.8,3,0
2026-09-19T12:01:07+00:00,2026-09-19 12:01:07,58.19,PERIODIC,30.6,49.0,66.2,2,0
2026-09-19T12:01:08+00:00,2026-09-19 12:01:08,60.35,PERIODIC,33.9,42.3,57.1,3,0
2026-09-19T12:01:09+00:00,2026-09-19 12:01:09,52.6,PERIODIC,27.9,54.8,74.0,2,0
2026-09-19T12:01:10+00:00,2026-09-19 12:01:10,53.45,PERIODIC,29.5,45.6,61.6,2,0
2026-09-19T12:01:11+00:00,2026-09-19 12:01:11,46.58,PERIODIC,23.2,54.7,73.8,2,0
2026-09-19T12:01:12+00:00,2026-09-19 12:01:12,44.7,PERIODIC,23.2,54.7,73.8,2,0
2026-09-19T12:01:13+00:00,2026-09-19 12:01:13,45.64,PERIODIC,26.3,52.3,70.6,2,0
2026-09-19T12:01:14+00:00,2026-09-19 12:01:14,39.53,PERIODIC,20.0,56.5,76.2,2,0
2026-09-19T12:01:15+00:00,2026-09-19 12:01:15,37.61,PERIODIC,20.8,51.8,70.0,2,0
2026-09-19T12:01:16+00:00,2026-09-19 12:01:16,33.64,PERIODIC,20.0,46.1,62.3,2,0
2026-09-19T12:01:17+00:00,2026-09-19 12:01:17,33.71,PERIODIC,20.0,50.7,68.4,2,0
2026-09-19T12:01:18+00:00,2026-09-19 12:01:18,33.51,PERIODIC,22.1,60.7,82.0,2,0
2026-09-19T12:01:19+00:00,2026-09-19 12:01:19,32.15,PERIODIC,20.0,50.5,68.2,2,0
2026-09-19T12:01:20+00:00,2026-09-19 12:01:20,28.11,PERIODIC,20.0,50.3,68.0,1,0
2026-09-19T12:01:21+00:00,2026-09-19 12:01:21,26.71,PERIODIC,20.0,54.7,73.8,1,0
2026-09-19T12:01:22+00:00,2026-09-19 12:01:22,26.04,PERIODIC,20.0,53.1,71.6,1,0
2026-09-19T12:01:23+00:00,2026-09-19 12:01:23,25.14,PERIODIC,20.0,51.7,69.8,1,0
2026-09-19T12:01:24+00:00,2026-09-19 12:01:24,19.09,PERIODIC,20.0,52.6,71.0,1,0
2026-09-19T12:01:25+00:00,2026-09-19 12:01:25,24.07,PERIODIC,20.0,56.9,76.8,1,0
2026-09-19T12:01:26+00:00,2026-09-19 12:01:26,23.44,PERIODIC,20.0,51.5,69.6,1,0
2026-09-19T12:01:27+00:00,2026-09-19 12:01:27,16.3,PERIODIC,20.0,54.2,73.2,1,0
2026-09-19T12:01:28+00:00,2026-09-19 12:01:28,19.52,PERIODIC,20.0,43.7,59.0,1,0
2026-09-19T12:01:29+00:00,2026-09-19 12:01:29,23.29,PERIODIC,20.0,56.2,75.8,1,0
2026-09-19T12:01:30+00:00,2026-09-19 12:01:30,18.13,PERIODIC,20.0,52.7,71.1,1,0
2026-09-19T12:01:31+00:00,2026-09-19 12:01:31,17.42,PERIODIC,20.0,42.5,57.3,1,0
2026-09-19T12:01:32+00:00,2026-09-19 12:01:32,21.81,PERIODIC,20.0,53.8,72.6,1,0
2026-09-19T12:01:33+00:00,2026-09-19 12:01:33,19.41,PERIODIC,20.0,48.4,65.4,1,0
2026-09-19T12:01:34+00:00,2026-09-19 12:01:34,20.77,PERIODIC,20.0,54.6,73.8,1,0
2026-09-19T12:01:35+00:00,2026-09-19 12:01:35,20.53,PERIODIC,20.0,54.2,73.1,1,0
2026-09-19T12:01:36+00:00,2026-09-19 12:01:36,28.09,PERIODIC,20.0,56.3,76.1,1,0
2026-09-19T12:01:37+00:00,2026-09-19 12:01:37,24.82,PERIODIC,20.0,54.4,73.4,1,0
2026-09-19T12:01:38+00:00,2026-09-19 12:01:38,23.73,PERIODIC,20.0,51.5,69.5,1,0
2026-09-19T12:01:39+00:00,2026-09-19 12:01:39,22.29,PERIODIC,20.0,49.3,66.6,1,0
2026-09-19T12:01:40+00:00,2026-09-19 12:01:40,25.88,PERIODIC,20.0,45.1,60.9,1,0
2026-09-19T12:01:41+00:00,2026-09-19 12:01:41,29.88,PERIODIC,20.0,51.6,69.6,1,0
2026-09-19T12:01:42+00:00,2026-09-19 12:01:42,35.08,PERIODIC,20.0,56.9,76.9,2,0
2026-09-19T12:01:43+00:00,2026-09-19 12:01:43,39.08,PERIODIC,20.0,52.7,71.1,2,0
2026-09-19T12:01:44+00:00,2026-09-19 12:01:44,41.62,PERIODIC,23.9,48.7,65.8,2,0
2026-09-19T12:01:45+00:00,2026-09-19 12:01:45,42.1,PERIODIC,24.2,54.3,73.3,2,0
2026-09-19T12:01:46+00:00,2026-09-19 12:01:46,42.1,PERIODIC,25.5,52.2,70.5,2,0
2026-09-19T12:01:47+00:00,2026-09-19 12:01:47,44.5,PERIODIC,25.6,58.6,79.2,2,0
2026-09-19T12:01:48+00:00,2026-09-19 12:01:48,44.92,PERIODIC,25.5,58.3,78.7,2,0
2026-09-19T12:01:49+00:00,2026-09-19 12:01:49,52.78,PERIODIC,26.8,50.8,68.6,2,0
2026-09-19T12:01:50+00:00,2026-09-19 12:01:50,52.23,PERIODIC,26.5,55.3,74.7,2,0
2026-09-19T12:01:51+00:00,2026-09-19 12:01:51,56.51,PERIODIC,27.5,56.9,76.8,2,0
2026-09-19T12:01:52+00:00,2026-09-19 12:01:52,62.1,PERIODIC,35.2,51.3,69.2,3,0
2026-09-19T12:01:53+00:00,2026-09-19 12:01:53,60.05,PERIODIC,33.6,57.0,76.9,3,0
2026-09-19T12:01:54+00:00,2026-09-19 12:01:54,62.28,PERIODIC,34.9,54.0,72.9,3,0
2026-09-19T12:01:55+00:00,2026-09-19 12:01:55,70.09,PERIODIC,36.6,53.9,72.8,3,0
2026-09-19T12:01:56+00:00,2026-09-19 12:01:56,71.92,PERIODIC,38.8,51.9,70.1,3,0
2026-09-19T12:01:57+00:00,2026-09-19 12:01:57,76.93,PERIODIC,41.6,51.3,69.2,3,0
2026-09-19T12:01:58+00:00,2026-09-19 12:01:58,75.38,PERIODIC,41.3,47.5,64.2,3,0
2026-09-19T12:01:59+00:00,2026-09-19 12:01:59,78.06,PERIODIC,41.4,52.3,70.6,3,0
2026-09-19T12:02:00+00:00,2026-09-19 12:02:00,86.45,PERIODIC,46.5,49.9,67.4,3,0
2026-09-19T12:02:01+00:00,2026-09-19 12:02:01,90.75,PERIODIC,48.8,46.4,62.6,4,0
2026-09-19T12:02:02+00:00,2026-09-19 12:02:02,89.49,PERIODIC,47.0,48.0,64.7,3,0
2026-09-19T12:02:03+00:00,2026-09-19 12:02:03,90.11,PERIODIC,46.7,52.3,70.7,4,0
2026-09-19T12:02:04+00:00,2026-09-19 12:02:04,102.36,PERIODIC,57.8,62.5,84.4,4,1
2026-09-19T12:02:05+00:00,2026-09-19 12:02:05,103.74,PERIODIC,54.1,51.2,69.1,4,1
2026-09-19T12:02:06+00:00,2026-09-19 12:02:06,104.96,PERIODIC,55.2,50.4,68.1,4,1
2026-09-19T12:02:07+00:00,2026-09-19 12:02:07,106.82,PERIODIC,57.9,50.0,67.5,4,1
2026-09-19T12:02:08+00:00,2026-09-19 12:02:08,112.5,PERIODIC,61.5,49.9,67.3,4,1
2026-09-19T12:02:09+00:00,2026-09-19 12:02:09,116.97,PERIODIC,58.4,51.5,69.6,4,1
2026-09-19T12:02:10+00:00,2026-09-19 12:02:10,120.06,PERIODIC,61.5,46.4,62.6,5,1
2026-09-19T12:02:11+00:00,2026-09-19 12:02:11,120.87,PERIODIC,66.3,53.7,72.5,5,1
2026-09-19T12:02:12+00:00,2026-09-19 12:02:12,121.82,PERIODIC,65.2,48.0,64.8,5,1
2026-09-19T12:02:13+00:00,2026-09-19 12:02:13,126.22,PERIODIC,68.5,56.9,76.8,5,1
2026-09-19T12:02:14+00:00,2026-09-19 12:02:14,127.47,PERIODIC,68.8,50.3,67.9,5,1
2026-09-19T12:02:15+00:00,2026-09-19 12:02:15,129.07,PERIODIC,71.8,54.3,73.3,5,1
2026-09-19T12:02:16+00:00,2026-09-19 12:02:16,133.73,PERIODIC,69.6,48.2,65.1,5,1
2026-09-19T12:02:17+00:00,2026-09-19 12:02:17,131.75,PERIODIC,73.7,54.5,73.6,5,1
2026-09-19T12:02:18+00:00,2026-09-19 12:02:18,136.11,PERIODIC,72.6,53.6,72.4,5,1
2026-09-19T12:02:19+00:00,2026-09-19 12:02:19,137.29,PERIODIC,72.5,47.7,64.3,5,1
2026-09-19T12:02:20+00:00,2026-09-19 12:02:20,143.55,PERIODIC,76.0,53.5,72.3,5,1
2026-09-19T12:02:21+00:00,2026-09-19 12:02:21,140.67,PERIODIC,72.1,51.5,69.5,5,1
2026-09-19T12:02:22+00:00,2026-09-19 12:02:22,145.87,PERIODIC,75.1,52.5,70.9,5,1
2026-09-19T12:02:23+00:00,2026-09-19 12:02:23,147.19,PERIODIC,78.2,51.1,69.0,5,1
2026-09-19T12:02:24+00:00,2026-09-19 12:02:24,146.86,PERIODIC,81.3,48.2,65.1,5,1
2026-09-19T12:02:25+00:00,2026-09-19 12:02:25,152.17,PERIODIC,80.1,47.8,64.6,5,1
2026-09-19T12:02:26+00:00,2026-09-19 12:02:26,145.85,PERIODIC,77.2,50.4,68.0,5,1
2026-09-19T12:02:27+00:00,2026-09-19 12:02:27,149.8,PERIODIC,78.8,55.1,74.3,5,1
2026-09-19T12:02:28+00:00,2026-09-19 12:02:28,146.63,PERIODIC,76.3,47.9,64.6,5,1
2026-09-19T12:02:29+00:00,2026-09-19 12:02:29,150.36,PERIODIC,77.0,51.0,68.9,5,1
2026-09-19T12:02:30+00:00,2026-09-19 12:02:30,150.99,PERIODIC,81.9,54.0,72.9,5,1
2026-09-19T12:02:31+00:00,2026-09-19 12:02:31,149.48,PERIODIC,82.6,43.5,58.7,5,1
2026-09-19T12:02:32+00:00,2026-09-19 12:02:32,151.54,PERIODIC,84.7,50.8,68.6,5,1
2026-09-19T12:02:33+00:00,2026-09-19 12:02:33,144.79,PERIODIC,80.6,54.5,73.6,5,1
2026-09-19T12:02:34+00:00,2026-09-19 12:02:34,148.19,PERIODIC,78.7,52.2,70.5,5,1
2026-09-19T12:02:35+00:00,2026-09-19 12:02:35,145.02,PERIODIC,76.5,52.4,70.7,5,1
2026-09-19T12:02:36+00:00,2026-09-19 12:02:36,146.87,PERIODIC,78.0,54.2,73.2,5,1
2026-09-19T12:02:37+00:00,2026-09-19 12:02:37,149.62,PERIODIC,79.5,53.2,71.9,5,1
2026-09-19T12:02:38+00:00,2026-09-19 12:02:38,142.23,PERIODIC,77.6,46.6,62.9,5,1
2026-09-19T12:02:39+00:00,2026-09-19 12:02:39,141.79,PERIODIC,74.6,47.0,63.5,5,1
2026-09-19T12:02:40+00:00,2026-09-19 12:02:40,140.48,PERIODIC,71.0,53.6,72.3,5,1
2026-09-19T12:02:41+00:00,2026-09-19 12:02:41,140.81,PERIODIC,74.7,49.6,67.0,5,1
2026-09-19T12:02:42+00:00,2026-09-19 12:02:42,138.99,PERIODIC,75.3,55.2,74.5,5,1
2026-09-19T12:02:43+00:00,2026-09-19 12:02:43,136.17,PERIODIC,71.3,55.2,74.5,5,1
2026-09-19T12:02:44+00:00,2026-09-19 12:02:44,135.31,PERIODIC,71.5,56.0,75.6,5,1
2026-09-19T12:02:45+00:00,2026-09-19 12:02:45,131.29,PERIODIC,73.3,48.5,65.5,5,1
2026-09-19T12:02:46+00:00,2026-09-19 12:02:46,128.51,PERIODIC,69.7,55.9,75.5,5,1
2026-09-19T12:02:47+00:00,2026-09-19 12:02:47,124.27,PERIODIC,64.5,53.5,72.2,5,1
2026-09-19T12:02:48+00:00,2026-09-19 12:02:48,121.62,PERIODIC,63.5,51.7,69.8,5,1
2026-09-19T12:02:49+00:00,2026-09-19 12:02:49,119.29,PERIODIC,65.1,48.7,65.8,4,1
2026-09-19T12:02:50+00:00,2026-09-19 12:02:50,123.71,PERIODIC,62.6,53.7,72.5,5,1
2026-09-19T12:02:51+00:00,2026-09-19 12:02:51,111.02,PERIODIC,54.5,55.8,75.3,4,1
2026-09-19T12:02:52+00:00,2026-09-19 12:02:52,111.21,PERIODIC,59.6,54.5,73.5,4,1
2026-09-19T12:02:53+00:00,2026-09-19 12:02:53,110.77,PERIODIC,60.0,53.5,72.2,4,1
2026-09-19T12:02:54+00:00,2026-09-19 12:02:54,102.78,PERIODIC,54.2,52.0,70.2,4,1
2026-09-19T12:02:55+00:00,2026-09-19 12:02:55,103.61,PERIODIC,56.5,60.5,81.7,4,1
2026-09-19T12:02:56+00:00,2026-09-19 12:02:56,103.19,PERIODIC,54.8,55.3,74.7,4,1
2026-09-19T12:02:57+00:00,2026-09-19 12:02:57,93.37,PERIODIC,49.1,49.3,66.5,4,0
2026-09-19T12:02:58+00:00,2026-09-19 12:02:58,87.85,PERIODIC,48.0,50.0,67.5,3,0
2026-09-19T12:02:59+00:00,2026-09-19 12:02:59,89.41,PERIODIC,46.9,51.1,69.0,3,0
2026-09-19T12:03:00+00:00,2026-09-19 12:03:00,86.27,PERIODIC,47.3,55.3,74.7,3,0
2026-09-19T12:03:01+00:00,2026-09-19 12:03:01,76.55,PERIODIC,38.3,51.8,69.9,3,0
2026-09-19T12:03:02+00:00,2026-09-19 12:03:02,78.39,PERIODIC,42.2,47.3,63.9,3,0
2026-09-19T12:03:03+00:00,2026-09-19 12:03:03,81.67,PERIODIC,42.3,47.7,64.3,3,0
2026-09-19T12:03:04+00:00,2026-09-19 12:03:04,74.29,PERIODIC,39.8,49.7,67.1,3,0
2026-09-19T12:03:05+00:00,2026-09-19 12:03:05,65.73,PERIODIC,31.3,52.4,70.7,3,0
2026-09-19T12:03:06+00:00,2026-09-19 12:03:06,64.0,PERIODIC,35.8,63.7,86.0,3,0
2026-09-19T12:03:07+00:00,2026-09-19 12:03:07,60.8,PERIODIC,35.3,49.5,66.8,3,0
2026-09-19T12:03:08+00:00,2026-09-19 12:03:08,57.92,PERIODIC,28.9,54.6,73.7,2,0
2026-09-19T12:03:09+00:00,2026-09-19 12:03:09,59.25,PERIODIC,31.0,53.5,72.2,2,0
2026-09-19T12:03:10+00:00,2026-09-19 12:03:10,51.57,PERIODIC,24.1,54.4,73.5,2,0
2026-09-19T12:03:11+00:00,2026-09-19 12:03:11,49.03,PERIODIC,30.9,51.4,69.4,2,0
2026-09-19T12:03:12+00:00,2026-09-19 12:03:12,50.08,PERIODIC,26.2,49.8,67.2,2,0
2026-09-19T12:03:13+00:00,2026-09-19 12:03:13,40.03,PERIODIC,22.2,49.5,66.9,2,0
2026-09-19T12:03:14+00:00,2026-09-19 12:03:14,38.13,PERIODIC,20.8,48.8,65.9,2,0
2026-09-19T12:03:15+00:00,2026-09-19 12:03:15,37.66,PERIODIC,20.6,51.8,69.9,2,0
2026-09-19T12:03:16+00:00,2026-09-19 12:03:16,39.21,PERIODIC,22.6,52.8,71.3,2,0
2026-09-19T12:03:17+00:00,2026-09-19 12:03:17,35.92,PERIODIC,20.0,51.5,69.5,2,0
2026-09-19T12:03:18+00:00,2026-09-19 12:03:18,31.93,PERIODIC,20.0,53.4,72.1,2,0
2026-09-19T12:03:19+00:00,2026-09-19 12:03:19,27.29,PERIODIC,20.0,54.9,74.1,1,0
2026-09-19T12:03:20+00:00,2026-09-19 12:03:20,27.06,PERIODIC,20.0,51.2,69.1,1,0
2026-09-19T12:03:21+00:00,2026-09-19 12:03:21,24.4,PERIODIC,20.0,47.5,64.1,1,0
2026-09-19T12:03:22+00:00,2026-09-19 12:03:22,26.05,PERIODIC,20.0,46.7,63.1,1,0
2026-09-19T12:03:23+00:00,2026-09-19 12:03:23,24.51,PERIODIC,20.0,51.6,69.6,1,0
2026-09-19T12:03:24+00:00,2026-09-19 12:03:24,23.46,PERIODIC,20.0,57.6,77.8,1,0
2026-09-19T12:03:25+00:00,2026-09-19 12:03:25,21.32,PERIODIC,20.0,52.5,70.8,1,0
2026-09-19T12:03:26+00:00,2026-09-19 12:03:26,17.56,PERIODIC,20.0,44.9,60.7,1,0
2026-09-19T12:03:27+00:00,2026-09-19 12:03:27,24.68,PERIODIC,20.0,57.9,78.1,1,0
2026-09-19T12:03:28+00:00,2026-09-19 12:03:28,22.88,PERIODIC,20.0,53.0,71.6,1,0
2026-09-19T12:03:29+00:00,2026-09-19 12:03:29,20.4,PERIODIC,20.0,54.3,73.3,1,0
2026-09-19T12:03:30+00:00,2026-09-19 12:03:30,22.34,PERIODIC,20.0,51.1,68.9,1,0
2026-09-19T12:03:31+00:00,2026-09-19 12:03:31,23.2,PERIODIC,20.0,55.2,74.6,1,0
2026-09-19T12:03:32+00:00,2026-09-19 12:03:32,15.69,PERIODIC,20.0,50.8,68.6,1,0
2026-09-19T12:03:33+00:00,2026-09-19 12:03:33,22.89,PERIODIC,20.0,53.1,71.7,1,0
2026-09-19T12:03:34+00:00,2026-09-19 12:03:34,17.61,PERIODIC,20.0,51.8,69.9,1,0
2026-09-19T12:03:35+00:00,2026-09-19 12:03:35,22.49,PERIODIC,20.0,46.9,63.4,1,0
2026-09-19T12:03:36+00:00,2026-09-19 12:03:36,27.99,PERIODIC,20.0,50.0,67.5,1,0
2026-09-19T12:03:37+00:00,2026-09-19 12:03:37,26.15,PERIODIC,20.0,53.9,72.8,1,0
2026-09-19T12:03:38+00:00,2026-09-19 12:03:38,23.06,PERIODIC,20.0,43.6,58.8,1,0
2026-09-19T12:03:39+00:00,2026-09-19 12:03:39,27.33,PERIODIC,20.0,48.9,66.0,1,0
2026-09-19T12:03:40+00:00,2026-09-19 12:03:40,30.49,PERIODIC,20.0,54.4,73.4,2,0
2026-09-19T12:03:41+00:00,2026-09-19 12:03:41,29.14,PERIODIC,20.0,46.6,62.8,1,0
2026-09-19T12:03:42+00:00,2026-09-19 12:03:42,32.67,PERIODIC,20.0,48.2,65.1,2,0
2026-09-19T12:03:43+00:00,2026-09-19 12:03:43,32.11,PERIODIC,20.0,57.1,77.0,2,0
2026-09-19T12:03:44+00:00,2026-09-19 12:03:44,37.67,PERIODIC,20.0,52.1,70.4,2,0
2026-09-19T12:03:45+00:00,2026-09-19 12:03:45,39.66,PERIODIC,21.6,60.3,81.4,2,0
2026-09-19T12:03:46+00:00,2026-09-19 12:03:46,41.43,PERIODIC,22.4,46.1,62.3,2,0
2026-09-19T12:03:47+00:00,2026-09-19 12:03:47,44.53,PERIODIC,20.4,55.4,74.7,2,0
2026-09-19T12:03:48+00:00,2026-09-19 12:03:48,42.91,PERIODIC,23.6,51.0,68.8,2,0
2026-09-19T12:03:49+00:00,2026-09-19 12:03:49,48.76,PERIODIC,22.7,52.0,70.2,2,0
2026-09-19T12:03:50+00:00,2026-09-19 12:03:50,54.82,PERIODIC,29.9,53.7,72.5,2,0
2026-09-19T12:03:51+00:00,2026-09-19 12:03:51,55.83,PERIODIC,28.8,49.5,66.9,2,0
2026-09-19T12:03:52+00:00,2026-09-19 12:03:52,59.39,PERIODIC,31.8,53.3,71.9,2,0
2026-09-19T12:03:53+00:00,2026-09-19 12:03:53,57.36,PERIODIC,30.4,51.8,69.9,2,0
2026-09-19T12:03:54+00:00,2026-09-19 12:03:54,56.9,PERIODIC,30.7,58.7,79.3,2,0
2026-09-19T12:03:55+00:00,2026-09-19 12:03:55,65.67,PERIODIC,37.9,51.3,69.3,3,0
2026-09-19T12:03:56+00:00,2026-09-19 12:03:56,70.02,PERIODIC,40.3,52.5,70.8,3,0
2026-09-19T12:03:57+00:00,2026-09-19 12:03:57,76.54,PERIODIC,43.6,51.4,69.4,3,0
2026-09-19T12:03:58+00:00,2026-09-19 12:03:58,77.31,PERIODIC,39.4,52.4,70.8,3,0
2026-09-19T12:03:59+00:00,2026-09-19 12:03:59,80.25,PERIODIC,39.6,49.1,66.3,3,0
2026-09-19T12:04:00+00:00,2026-09-19 12:04:00,85.93,PERIODIC,46.7,56.9,76.9,3,0
2026-09-19T12:04:01+00:00,2026-09-19 12:04:01,85.52,PERIODIC,45.4,48.7,65.8,3,0
2026-09-19T12:04:02+00:00,2026-09-19 12:04:02,95.38,PERIODIC,50.3,50.8,68.6,4,0
2026-09-19T12:04:03+00:00,2026-09-19 12:04:03,94.85,PERIODIC,51.2,52.5,70.8,4,0
2026-09-19T12:04:04+00:00,2026-09-19 12:04:04,96.84,PERIODIC,51.6,48.0,64.9,4,0
2026-09-19T12:04:05+00:00,2026-09-19 12:04:05,105.3,PERIODIC,56.8,48.4,65.4,4,1
2026-09-19T12:04:06+00:00,2026-09-19 12:04:06,102.39,PERIODIC,51.5,48.4,65.3,4,1
2026-09-19T12:04:07+00:00,2026-09-19 12:04:07,106.23,PERIODIC,55.3,50.1,67.7,4,1
2026-09-19T12:04:08+00:00,2026-09-19 12:04:08,113.07,PERIODIC,59.4,51.3,69.3,4,1
2026-09-19T12:04:09+00:00,2026-09-19 12:04:09,112.46,PERIODIC,58.4,56.5,76.3,4,1
2026-09-19T12:04:10+00:00,2026-09-19 12:04:10,117.05,PERIODIC,57.6,50.3,67.9,4,1
2026-09-19T12:04:11+00:00,2026-09-19 12:04:11,118.49,PERIODIC,66.4,54.0,72.9,4,1
2026-09-19T12:04:12+00:00,2026-09-19 12:04:12,123.41,PERIODIC,63.0,53.4,72.0,5,1
2026-09-19T12:04:13+00:00,2026-09-19 12:04:13,122.73,PERIODIC,64.7,53.7,72.4,5,1
2026-09-19T12:04:14+00:00,2026-09-19 12:04:14,132.15,PERIODIC,74.2,54.8,74.0,5,1
2026-09-19T12:04:15+00:00,2026-09-19 12:04:15,131.63,PERIODIC,69.0,49.1,66.3,5,1
2026-09-19T12:04:16+00:00,2026-09-19 12:04:16,131.23,PERIODIC,72.3,52.8,71.2,5,1
2026-09-19T12:04:17+00:00,2026-09-19 12:04:17,137.28,PERIODIC,75.9,52.8,71.3,5,1
2026-09-19T12:04:18+00:00,2026-09-19 12:04:18,134.12,PERIODIC,70.9,57.2,77.2,5,1
2026-09-19T12:04:19+00:00,2026-09-19 12:04:19,142.97,PERIODIC,75.8,49.3,66.6,5,1
2026-09-19T12:04:20+00:00,2026-09-19 12:04:20,144.4,PERIODIC,77.6,52.5,70.8,5,1
2026-09-19T12:04:21+00:00,2026-09-19 12:04:21,144.31,PERIODIC,77.7,49.7,67.2,5,1
2026-09-19T12:04:22+00:00,2026-09-19 12:04:22,143.9,PERIODIC,76.1,50.7,68.5,5,1
2026-09-19T12:04:23+00:00,2026-09-19 12:04:23,140.85,PERIODIC,75.3,46.4,62.6,5,1
2026-09-19T12:04:24+00:00,2026-09-19 12:04:24,142.48,PERIODIC,76.9,48.3,65.3,5,1
2026-09-19T12:04:25+00:00,2026-09-19 12:04:25,144.67,PERIODIC,78.0,57.0,76.9,5,1
2026-09-19T12:04:26+00:00,2026-09-19 12:04:26,145.22,PERIODIC,77.2,56.5,76.3,5,1
2026-09-19T12:04:27+00:00,2026-09-19 12:04:27,148.56,PERIODIC,77.5,54.1,73.0,5,1
2026-09-19T12:04:28+00:00,2026-09-19 12:04:28,147.82,PERIODIC,79.0,45.8,61.9,5,1
2026-09-19T12:04:29+00:00,2026-09-19 12:04:29,145.2,PERIODIC,78.1,52.1,70.4,5,1
2026-09-19T12:04:30+00:00,2026-09-19 12:04:30,149.4,PERIODIC,78.4,48.9,66.1,5,1
2026-09-19T12:04:31+00:00,2026-09-19 12:04:31,152.45,PERIODIC,83.8,50.8,68.6,5,1
2026-09-19T12:04:32+00:00,2026-09-19 12:04:32,151.48,PERIODIC,78.3,51.3,69.3,5,1
2026-09-19T12:04:33+00:00,2026-09-19 12:04:33,153.38,PERIODIC,80.8,47.3,63.9,5,1
2026-09-19T12:04:34+00:00,2026-09-19 12:04:34,147.79,PERIODIC,81.6,49.2,66.4,5,1
2026-09-19T12:04:35+00:00,2026-09-19 12:04:35,151.99,PERIODIC,81.1,46.2,62.3,5,1
2026-09-19T12:04:36+00:00,2026-09-19 12:04:36,148.3,PERIODIC,74.8,58.7,79.3,5,1
2026-09-19T12:04:37+00:00,2026-09-19 12:04:37,147.76,PERIODIC,78.7,50.8,68.6,5,1
2026-09-19T12:04:38+00:00,2026-09-19 12:04:38,140.97,PERIODIC,74.6,50.0,67.5,5,1
2026-09-19T12:04:39+00:00,2026-09-19 12:04:39,147.69,PERIODIC,78.9,52.6,71.0,5,1
2026-09-19T12:04:40+00:00,2026-09-19 12:04:40,142.57,PERIODIC,76.8,53.7,72.6,5,1
2026-09-19T12:04:41+00:00,2026-09-19 12:04:41,138.5,PERIODIC,75.7,48.8,65.9,5,1
2026-09-19T12:04:42+00:00,2026-09-19 12:04:42,138.27,PERIODIC,72.1,56.8,76.7,5,1
2026-09-19T12:04:43+00:00,2026-09-19 12:04:43,141.97,PERIODIC,75.4,51.2,69.1,5,1
2026-09-19T12:04:44+00:00,2026-09-19 12:04:44,134.94,PERIODIC,73.2,55.5,74.9,5,1
2026-09-19T12:04:45+00:00,2026-09-19 12:04:45,130.68,PERIODIC,71.0,54.9,74.1,5,1
2026-09-19T12:04:46+00:00,2026-09-19 12:04:46,133.2,PERIODIC,72.8,52.6,71.0,5,1
2026-09-19T12:04:47+00:00,2026-09-19 12:04:47,121.8,PERIODIC,64.7,45.9,62.0,5,1
2026-09-19T12:04:48+00:00,2026-09-19 12:04:48,123.35,PERIODIC,66.1,50.0,67.5,5,1
2026-09-19T12:04:49+00:00,2026-09-19 12:04:49,122.06,PERIODIC,64.2,52.7,71.1,5,1
2026-09-19T12:04:50+00:00,2026-09-19 12:04:50,115.89,PERIODIC,60.8,52.8,71.3,4,1
2026-09-19T12:04:51+00:00,2026-09-19 12:04:51,116.07,PERIODIC,59.2,56.3,76.0,4,1
2026-09-19T12:04:52+00:00,2026-09-19 12:04:52,118.42,PERIODIC,62.8,50.7,68.4,4,1
2026-09-19T12:04:53+00:00,2026-09-19 12:04:53,108.19,PERIODIC,55.5,53.4,72.0,4,1
2026-09-19T12:04:54+00:00,2026-09-19 12:04:54,105.86,PERIODIC,55.3,48.4,65.3,4,1
2026-09-19T12:04:55+00:00,2026-09-19 12:04:55,99.95,PERIODIC,55.0,53.6,72.4,4,0
2026-09-19T12:04:56+00:00,2026-09-19 12:04:56,99.49,PERIODIC,51.4,51.6,69.7,4,0
2026-09-19T12:04:57+00:00,2026-09-19 12:04:57,91.88,PERIODIC,47.9,57.8,78.0,4,0
2026-09-19T12:04:58+00:00,2026-09-19 12:04:58,90.55,PERIODIC,48.7,53.1,71.7,4,0
2026-09-19T12:04:59+00:00,2026-09-19 12:04:59,87.89,PERIODIC,47.3,56.2,75.8,3,0
2026-09-19T12:05:00+00:00,2026-09-19 12:05:00,86.38,PERIODIC,45.1,51.5,69.5,3,0
2026-09-19T12:05:01+00:00,2026-09-19 12:05:01,81.83,PERIODIC,42.5,47.3,63.8,3,0
2026-09-19T12:05:02+00:00,2026-09-19 12:05:02,78.89,PERIODIC,44.5,49.4,66.7,3,0
2026-09-19T12:05:03+00:00,2026-09-19 12:05:03,72.73,PERIODIC,36.6,55.3,74.7,3,0
2026-09-19T12:05:04+00:00,2026-09-19 12:05:04,72.32,PERIODIC,39.6,54.1,73.1,3,0
2026-09-19T12:05:05+00:00,2026-09-19 12:05:05,66.49,PERIODIC,35.1,54.4,73.4,3,0
2026-09-19T12:05:06+00:00,2026-09-19 12:05:06,60.39,PERIODIC,30.9,48.9,66.0,3,0
2026-09-19T12:05:07+00:00,2026-09-19 12:05:07,63.5,PERIODIC,35.1,53.8,72.6,3,0
2026-09-19T12:05:08+00:00,2026-09-19 12:05:08,53.8,PERIODIC,29.3,49.9,67.3,2,0
2026-09-19T12:05:09+00:00,2026-09-19 12:05:09,54.09,PERIODIC,30.4,50.2,67.7,2,0
2026-09-19T12:05:10+00:00,2026-09-19 12:05:10,51.87,PERIODIC,25.2,51.8,69.9,2,0
2026-09-19T12:05:11+00:00,2026-09-19 12:05:11,50.29,PERIODIC,23.4,49.6,66.9,2,0
2026-09-19T12:05:12+00:00,2026-09-19 12:05:12,48.86,PERIODIC,25.1,57.0,77.0,2,0
2026-09-19T12:05:13+00:00,2026-09-19 12:05:13,44.68,PERIODIC,22.5,50.2,67.7,2,0
2026-09-19T12:05:14+00:00,2026-09-19 12:05:14,38.3,PERIODIC,20.0,52.7,71.2,2,0
2026-09-19T12:05:15+00:00,2026-09-19 12:05:15,38.95,PERIODIC,20.0,51.7,69.8,2,0
2026-09-19T12:05:16+00:00,2026-09-19 12:05:16,34.19,PERIODIC,20.0,45.5,61.4,2,0
2026-09-19T12:05:17+00:00,2026-09-19 12:05:17,34.65,PERIODIC,20.2,52.3,70.6,2,0
2026-09-19T12:05:18+00:00,2026-09-19 12:05:18,30.51,PERIODIC,20.0,50.9,68.7,2,0
2026-09-19T12:05:19+00:00,2026-09-19 12:05:19,31.75,PERIODIC,20.0,49.1,66.2,2,0
2026-09-19T12:05:20+00:00,2026-09-19 12:05:20,29.21,PERIODIC,20.0,55.7,75.2,1,0
2026-09-19T12:05:21+00:00,2026-09-19 12:05:21,24.21,PERIODIC,20.0,52.9,71.4,1,0
2026-09-19T12:05:22+00:00,2026-09-19 12:05:22,24.81,PERIODIC,20.0,50.2,67.8,1,0
2026-09-19T12:05:23+00:00,2026-09-19 12:05:23,25.26,PERIODIC,20.0,48.8,65.9,1,0
2026-09-19T12:05:24+00:00,2026-09-19 12:05:24,23.52,PERIODIC,20.0,49.6,67.0,1,0
2026-09-19T12:05:25+00:00,2026-09-19 12:05:25,21.14,PERIODIC,20.0,49.8,67.2,1,0
2026-09-19T12:05:26+00:00,2026-09-19 12:05:26,19.07,PERIODIC,20.0,49.5,66.8,1,0
2026-09-19T12:05:27+00:00,2026-09-19 12:05:27,19.96,PERIODIC,20.0,47.8,64.5,1,0
2026-09-19T12:05:28+00:00,2026-09-19 12:05:28,22.61,PERIODIC,20.0,53.1,71.7,1,0
2026-09-19T12:05:29+00:00,2026-09-19 12:05:29,23.14,PERIODIC,20.0,55.3,74.6,1,0
2026-09-19T12:05:30+00:00,2026-09-19 12:05:30,19.12,PERIODIC,20.0,58.5,79.0,1,0
2026-09-19T12:05:31+00:00,2026-09-19 12:05:31,20.42,PERIODIC,20.0,57.1,77.0,1,0
2026-09-19T12:05:32+00:00,2026-09-19 12:05:32,25.47,PERIODIC,20.0,53.4,72.1,1,0
2026-09-19T12:05:33+00:00,2026-09-19 12:05:33,21.41,PERIODIC,20.0,50.4,68.0,1,0
2026-09-19T12:05:34+00:00,2026-09-19 12:05:34,20.2,PERIODIC,20.0,51.1,69.0,1,0
2026-09-19T12:05:35+00:00,2026-09-19 12:05:35,23.15,PERIODIC,20.0,49.7,67.0,1,0
2026-09-19T12:05:36+00:00,2026-09-19 12:05:36,20.82,PERIODIC,20.0,49.6,66.9,1,0
2026-09-19T12:05:37+00:00,2026-09-19 12:05:37,26.49,PERIODIC,20.0,51.0,68.8,1,0
2026-09-19T12:05:38+00:00,2026-09-19 12:05:38,24.3,PERIODIC,20.0,51.9,70.1,1,0
2026-09-19T12:05:39+00:00,2026-09-19 12:05:39,28.32,PERIODIC,20.0,52.2,70.5,1,0
2026-09-19T12:05:40+00:00,2026-09-19 12:05:40,28.97,PERIODIC,20.0,57.5,77.6,1,0
2026-09-19T12:05:41+00:00,2026-09-19 12:05:41,32.06,PERIODIC,20.0,49.8,67.2,2,0
2026-09-19T12:05:42+00:00,2026-09-19 12:05:42,29.85,PERIODIC,20.0,48.0,64.8,1,0
2026-09-19T12:05:43+00:00,2026-09-19 12:05:43,36.17,PERIODIC,20.4,47.9,64.6,2,0
2026-09-19T12:05:44+00:00,2026-09-19 12:05:44,37.53,PERIODIC,20.0,49.2,66.5,2,0
2026-09-19T12:05:45+00:00,2026-09-19 12:05:45,39.73,PERIODIC,20.0,54.7,73.8,2,0
2026-09-19T12:05:46+00:00,2026-09-19 12:05:46,44.35,PERIODIC,23.3,50.7,68.5,2,0
2026-09-19T12:05:47+00:00,2026-09-19 12:05:47,43.36,PERIODIC,24.6,48.8,65.9,2,0
2026-09-19T12:05:48+00:00,2026-09-19 12:05:48,42.22,PERIODIC,20.0,51.2,69.1,2,0
2026-09-19T12:05:49+00:00,2026-09-19 12:05:49,51.72,PERIODIC,23.9,53.6,72.4,2,0
2026-09-19T12:05:50+00:00,2026-09-19 12:05:50,53.4,PERIODIC,27.1,52.3,70.6,2,0
2026-09-19T12:05:51+00:00,2026-09-19 12:05:51,54.75,PERIODIC,28.1,47.4,64.0,2,0
2026-09-19T12:05:52+00:00,2026-09-19 12:05:52,63.0,PERIODIC,33.5,50.3,67.8,3,0
2026-09-19T12:05:53+00:00,2026-09-19 12:05:53,62.28,PERIODIC,33.1,58.3,78.6,3,0
2026-09-19T12:05:54+00:00,2026-09-19 12:05:54,62.68,PERIODIC,35.8,51.1,68.9,3,0
2026-09-19T12:05:55+00:00,2026-09-19 12:05:55,67.87,PERIODIC,36.6,48.9,66.0,3,0
2026-09-19T12:05:56+00:00,2026-09-19 12:05:56,72.98,PERIODIC,39.8,50.3,67.9,3,0
2026-09-19T12:05:57+00:00,2026-09-19 12:05:57,71.56,PERIODIC,38.7,48.7,65.7,3,0
2026-09-19T12:05:58+00:00,2026-09-19 12:05:58,80.48,PERIODIC,43.1,49.8,67.3,3,0
2026-09-19T12:05:59+00:00,2026-09-19 12:05:59,81.4,PERIODIC,42.4,49.1,66.2,3,0
2026-09-19T12:06:00+00:00,2026-09-19 12:06:00,89.23,PERIODIC,44.9,58.4,78.8,3,0
2026-09-19T12:06:01+00:00,2026-09-19 12:06:01,89.56,PERIODIC,46.0,50.9,68.8,3,0
2026-09-19T12:06:02+00:00,2026-09-19 12:06:02,93.35,PERIODIC,50.7,50.1,67.6,4,0
2026-09-19T12:06:03+00:00,2026-09-19 12:06:03,93.65,PERIODIC,49.8,51.6,69.7,4,0
2026-09-19T12:06:04+00:00,2026-09-19 12:06:04,98.39,PERIODIC,54.9,49.9,67.4,4,0
2026-09-19T12:06:05+00:00,2026-09-19 12:06:05,104.71,PERIODIC,57.9,51.4,69.4,4,1
2026-09-19T12:06:06+00:00,2026-09-19 12:06:06,104.71,PERIODIC,55.1,52.8,71.3,4,1
2026-09-19T12:06:07+00:00,2026-09-19 12:06:07,106.44,PERIODIC,57.7,46.3,62.6,4,1
2026-09-19T12:06:08+00:00,2026-09-19 12:06:08,111.88,PERIODIC,59.0,56.3,76.0,4,1
2026-09-19T12:06:09+00:00,2026-09-19 12:06:09,112.48,PERIODIC,57.3,49.4,66.6,4,1
2026-09-19T12:06:10+00:00,2026-09-19 12:06:10,118.28,PERIODIC,58.2,53.3,72.0,4,1
2026-09-19T12:06:11+00:00,2026-09-19 12:06:11,119.81,PERIODIC,65.2,53.1,71.6,4,1
2026-09-19T12:06:12+00:00,2026-09-19 12:06:12,124.84,PERIODIC,65.2,57.8,78.0,5,1
2026-09-19T12:06:13+00:00,2026-09-19 12:06:13,122.64,PERIODIC,60.1,42.7,57.7,5,1
2026-09-19T12:06:14+00:00,2026-09-19 12:06:14,120.91,PERIODIC,63.1,50.9,68.8,5,1
2026-09-19T12:06:15+00:00,2026-09-19 12:06:15,133.26,PERIODIC,73.0,51.5,69.5,5,1
2026-09-19T12:06:16+00:00,2026-09-19 12:06:16,131.53,PERIODIC,73.6,53.6,72.3,5,1
2026-09-19T12:06:17+00:00,2026-09-19 12:06:17,140.29,PERIODIC,75.5,54.8,74.0,5,1
2026-09-19T12:06:18+00:00,2026-09-19 12:06:18,136.62,PERIODIC,73.9,53.2,71.8,5,1
2026-09-19T12:06:19+00:00,2026-09-19 12:06:19,138.21,PERIODIC,71.4,46.7,63.0,5,1
2026-09-19T12:06:20+00:00,2026-09-19 12:06:20,142.81,PERIODIC,75.3,51.9,70.1,5,1
2026-09-19T12:06:21+00:00,2026-09-19 12:06:21,139.27,PERIODIC,71.8,48.7,65.7,5,1
2026-09-19T12:06:22+00:00,2026-09-19 12:06:22,141.92,PERIODIC,76.9,49.6,67.0,5,1
2026-09-19T12:06:23+00:00,2026-09-19 12:06:23,148.77,PERIODIC,83.4,46.9,63.3,5,1
2026-09-19T12:06:24+00:00,2026-09-19 12:06:24,142.68,PERIODIC,79.2,49.7,67.0,5,1
2026-09-19T12:06:25+00:00,2026-09-19 12:06:25,148.46,PERIODIC,83.2,56.2,75.8,5,1
2026-09-19T12:06:26+00:00,2026-09-19 12:06:26,148.63,PERIODIC,79.4,48.4,65.3,5,1
2026-09-19T12:06:27+00:00,2026-09-19 12:06:27,149.31,PERIODIC,78.8,52.3,70.5,5,1
2026-09-19T12:06:28+00:00,2026-09-19 12:06:28,142.76,PERIODIC,75.7,46.5,62.7,5,1
2026-09-19T12:06:29+00:00,2026-09-19 12:06:29,144.75,PERIODIC,75.2,49.7,67.1,5,1
2026-09-19T12:06:30+00:00,2026-09-19 12:06:30,151.71,PERIODIC,81.6,58.2,78.5,5,1
2026-09-19T12:06:31+00:00,2026-09-19 12:06:31,153.2,PERIODIC,80.8,51.5,69.6,5,1
2026-09-19T12:06:32+00:00,2026-09-19 12:06:32,152.72,PERIODIC,81.8,48.5,65.5,5,1
2026-09-19T12:06:33+00:00,2026-09-19 12:06:33,146.98,PERIODIC,81.4,52.0,70.2,5,1
2026-09-19T12:06:34+00:00,2026-09-19 12:06:34,147.66,PERIODIC,77.9,48.1,65.0,5,1
2026-09-19T12:06:35+00:00,2026-09-19 12:06:35,148.21,PERIODIC,73.6,56.4,76.2,5,1
2026-09-19T12:06:36+00:00,2026-09-19 12:06:36,141.71,PERIODIC,76.4,53.1,71.7,5,1
2026-09-19T12:06:37+00:00,2026-09-19 12:06:37,143.84,PERIODIC,77.7,61.8,83.5,5,1
2026-09-19T12:06:38+00:00,2026-09-19 12:06:38,143.94,PERIODIC,78.8,51.7,69.8,5,1
2026-09-19T12:06:39+00:00,2026-09-19 12:06:39,143.78,PERIODIC,77.8,48.8,65.9,5,1
2026-09-19T12:06:40+00:00,2026-09-19 12:06:40,137.6,PERIODIC,76.4,49.1,66.3,5,1
2026-09-19T12:06:41+00:00,2026-09-19 12:06:41,135.86,PERIODIC,72.0,49.9,67.3,5,1
2026-09-19T12:06:42+00:00,2026-09-19 12:06:42,142.0,PERIODIC,77.1,52.2,70.5,5,1
2026-09-19T12:06:43+00:00,2026-09-19 12:06:43,138.95,PERIODIC,75.3,56.3,76.0,5,1
2026-09-19T12:06:44+00:00,2026-09-19 12:06:44,136.46,PERIODIC,72.7,50.9,68.7,5,1
2026-09-19T12:06:45+00:00,2026-09-19 12:06:45,127.57,PERIODIC,66.2,50.2,67.8,5,1
2026-09-19T12:06:46+00:00,2026-09-19 12:06:46,133.15,PERIODIC,66.6,51.4,69.3,5,1
2026-09-19T12:06:47+00:00,2026-09-19 12:06:47,124.65,PERIODIC,68.0,53.3,71.9,5,1
2026-09-19T12:06:48+00:00,2026-09-19 12:06:48,118.56,PERIODIC,62.3,56.7,76.5,4,1
2026-09-19T12:06:49+00:00,2026-09-19 12:06:49,118.65,PERIODIC,66.1,49.3,66.5,4,1
2026-09-19T12:06:50+00:00,2026-09-19 12:06:50,117.79,PERIODIC,63.2,58.1,78.4,4,1
2026-09-19T12:06:51+00:00,2026-09-19 12:06:51,113.06,PERIODIC,61.7,51.5,69.6,4,1
2026-09-19T12:06:52+00:00,2026-09-19 12:06:52,112.2,PERIODIC,58.5,53.3,71.9,4,1
2026-09-19T12:06:53+00:00,2026-09-19 12:06:53,106.27,PERIODIC,54.9,54.7,73.8,4,1
2026-09-19T12:06:54+00:00,2026-09-19 12:06:54,100.47,PERIODIC,51.7,51.0,68.8,4,1
2026-09-19T12:06:55+00:00,2026-09-19 12:06:55,105.45,PERIODIC,57.4,53.1,71.7,4,1
2026-09-19T12:06:56+00:00,2026-09-19 12:06:56,102.88,PERIODIC,51.7,52.8,71.3,4,1
2026-09-19T12:06:57+00:00,2026-09-19 12:06:57,93.03,PERIODIC,45.8,47.2,63.7,4,0
2026-09-19T12:06:58+00:00,2026-09-19 12:06:58,91.99,PERIODIC,52.0,48.5,65.4,4,0
2026-09-19T12:06:59+00:00,2026-09-19 12:06:59,87.87,PERIODIC,43.4,53.5,72.3,3,0
2026-09-19T12:07:00+00:00,2026-09-19 12:07:00,85.58,PERIODIC,48.1,51.3,69.3,3,0
2026-09-19T12:07:01+00:00,2026-09-19 12:07:01,81.91,PERIODIC,41.2,53.9,72.7,3,0
2026-09-19T12:07:02+00:00,2026-09-19 12:07:02,75.33,PERIODIC,35.8,52.8,71.3,3,0
2026-09-19T12:07:03+00:00,2026-09-19 12:07:03,74.07,PERIODIC,36.7,49.8,67.2,3,0
2026-09-19T12:07:04+00:00,2026-09-19 12:07:04,71.11,PERIODIC,33.9,52.2,70.4,3,0
2026-09-19T12:07:05+00:00,2026-09-19 12:07:05,69.95,PERIODIC,32.7,56.6,76.4,3,0
2026-09-19T12:07:06+00:00,2026-09-19 12:07:06,61.45,PERIODIC,37.6,54.7,73.9,3,0
2026-09-19T12:07:07+00:00,2026-09-19 12:07:07,61.2,PERIODIC,32.3,56.4,76.1,3,0
2026-09-19T12:07:08+00:00,2026-09-19 12:07:08,59.67,PERIODIC,29.1,55.9,75.5,2,0
2026-09-19T12:07:09+00:00,2026-09-19 12:07:09,56.61,PERIODIC,31.1,51.5,69.5,2,0
2026-09-19T12:07:10+00:00,2026-09-19 12:07:10,54.4,PERIODIC,30.4,57.0,76.9,2,0
2026-09-19T12:07:11+00:00,2026-09-19 12:07:11,44.86,PERIODIC,23.1,54.8,74.0,2,0
2026-09-19T12:07:12+00:00,2026-09-19 12:07:12,45.43,PERIODIC,23.9,55.8,75.4,2,0
2026-09-19T12:07:13+00:00,2026-09-19 12:07:13,47.25,PERIODIC,20.8,49.1,66.2,2,0
2026-09-19T12:07:14+00:00,2026-09-19 12:07:14,41.39,PERIODIC,23.4,51.7,69.8,2,0
2026-09-19T12:07:15+00:00,2026-09-19 12:07:15,40.64,PERIODIC,21.1,56.2,75.9,2,0
2026-09-19T12:07:16+00:00,2026-09-19 12:07:16,35.8,PERIODIC,20.2,55.5,74.9,2,0
2026-09-19T12:07:17+00:00,2026-09-19 12:07:17,33.18,PERIODIC,20.0,52.1,70.4,2,0
2026-09-19T12:07:18+00:00,2026-09-19 12:07:18,30.87,PERIODIC,20.0,51.5,69.5,2,0
2026-09-19T12:07:19+00:00,2026-09-19 12:07:19,27.47,PERIODIC,20.0,46.5,62.8,1,0
2026-09-19T12:07:20+00:00,2026-09-19 12:07:20,27.68,PERIODIC,20.0,51.5,69.6,1,0
2026-09-19T12:07:21+00:00,2026-09-19 12:07:21,26.09,PERIODIC,20.0,48.7,65.7,1,0
2026-09-19T12:07:22+00:00,2026-09-19 12:07:22,21.74,PERIODIC,20.0,52.1,70.3,1,0
2026-09-19T12:07:23+00:00,2026-09-19 12:07:23,19.56,PERIODIC,20.0,54.8,74.0,1,0
2026-09-19T12:07:24+00:00,2026-09-19 12:07:24,26.1,PERIODIC,20.0,49.1,66.2,1,0
2026-09-19T12:07:25+00:00,2026-09-19 12:07:25,20.77,PERIODIC,20.0,56.9,76.8,1,0
2026-09-19T12:07:26+00:00,2026-09-19 12:07:26,22.72,PERIODIC,20.0,55.9,75.4,1,0
2026-09-19T12:07:27+00:00,2026-09-19 12:07:27,22.34,PERIODIC,20.0,51.3,69.2,1,0
2026-09-19T12:07:28+00:00,2026-09-19 12:07:28,20.48,PERIODIC,20.0,50.0,67.5,1,0
2026-09-19T12:07:29+00:00,2026-09-19 12:07:29,21.97,PERIODIC,20.0,55.2,74.6,1,0
2026-09-19T12:07:30+00:00,2026-09-19 12:07:30,12.39,PERIODIC,20.0,56.0,75.6,1,0
2026-09-19T12:07:31+00:00,2026-09-19 12:07:31,17.72,PERIODIC,20.0,57.1,77.1,1,0
2026-09-19T12:07:32+00:00,2026-09-19 12:07:32,22.42,PERIODIC,20.0,53.2,71.8,1,0
2026-09-19T12:07:33+00:00,2026-09-19 12:07:33,20.63,PERIODIC,20.0,52.7,71.1,1,0
2026-09-19T12:07:34+00:00,2026-09-19 12:07:34,21.88,PERIODIC,20.0,46.8,63.2,1,0
2026-09-19T12:07:35+00:00,2026-09-19 12:07:35,25.12,PERIODIC,20.0,53.3,72.0,1,0
2026-09-19T12:07:36+00:00,2026-09-19 12:07:36,23.03,PERIODIC,20.0,48.3,65.2,1,0
2026-09-19T12:07:37+00:00,2026-09-19 12:07:37,24.35,PERIODIC,20.0,50.1,67.6,1,0
2026-09-19T12:07:38+00:00,2026-09-19 12:07:38,25.06,PERIODIC,20.0,46.4,62.6,1,0
2026-09-19T12:07:39+00:00,2026-09-19 12:07:39,31.34,PERIODIC,20.0,45.9,61.9,2,0
2026-09-19T12:07:40+00:00,2026-09-19 12:07:40,29.62,PERIODIC,20.0,50.9,68.7,1,0
2026-09-19T12:07:41+00:00,2026-09-19 12:07:41,28.38,PERIODIC,20.0,57.1,77.1,1,0
2026-09-19T12:07:42+00:00,2026-09-19 12:07:42,29.63,PERIODIC,20.0,48.7,65.7,1,0
2026-09-19T12:07:43+00:00,2026-09-19 12:07:43,34.37,PERIODIC,20.0,49.0,66.2,2,0
2026-09-19T12:07:44+00:00,2026-09-19 12:07:44,35.66,PERIODIC,20.8,50.2,67.8,2,0
2026-09-19T12:07:45+00:00,2026-09-19 12:07:45,39.17,PERIODIC,22.1,52.4,70.8,2,0
2026-09-19T12:07:46+00:00,2026-09-19 12:07:46,46.14,PERIODIC,23.5,56.1,75.8,2,0
2026-09-19T12:07:47+00:00,2026-09-19 12:07:47,45.61,PERIODIC,23.8,51.0,68.9,2,0
2026-09-19T12:07:48+00:00,2026-09-19 12:07:48,46.44,PERIODIC,26.0,50.8,68.5,2,0
2026-09-19T12:07:49+00:00,2026-09-19 12:07:49,48.73,PERIODIC,23.7,50.5,68.2,2,0
2026-09-19T12:07:50+00:00,2026-09-19 12:07:50,52.35,PERIODIC,29.9,49.6,67.0,2,0
2026-09-19T12:07:51+00:00,2026-09-19 12:07:51,57.58,PERIODIC,33.9,54.2,73.1,2,0
2026-09-19T12:07:52+00:00,2026-09-19 12:07:52,62.27,PERIODIC,32.8,59.6,80.4,3,0
2026-09-19T12:07:53+00:00,2026-09-19 12:07:53,62.11,PERIODIC,34.0,52.9,71.5,3,0
2026-09-19T12:07:54+00:00,2026-09-19 12:07:54,64.66,PERIODIC,33.1,54.9,74.2,3,0
2026-09-19T12:07:55+00:00,2026-09-19 12:07:55,71.25,PERIODIC,41.0,42.8,57.7,3,0
2026-09-19T12:07:56+00:00,2026-09-19 12:07:56,70.73,PERIODIC,34.2,50.1,67.6,3,0
2026-09-19T12:07:57+00:00,2026-09-19 12:07:57,76.9,PERIODIC,40.1,52.5,70.9,3,0
2026-09-19T12:07:58+00:00,2026-09-19 12:07:58,77.26,PERIODIC,41.0,49.4,66.7,3,0
2026-09-19T12:07:59+00:00,2026-09-19 12:07:59,78.92,PERIODIC,42.7,53.1,71.7,3,0
2026-09-19T12:08:00+00:00,2026-09-19 12:08:00,84.04,PERIODIC,43.7,52.7,71.1,3,0
2026-09-19T12:08:01+00:00,2026-09-19 12:08:01,88.25,PERIODIC,46.4,51.3,69.3,3,0
2026-09-19T12:08:02+00:00,2026-09-19 12:08:02,87.73,PERIODIC,45.8,45.9,61.9,3,0
2026-09-19T12:08:03+00:00,2026-09-19 12:08:03,87.54,PERIODIC,44.6,56.5,76.2,3,0
2026-09-19T12:08:04+00:00,2026-09-19 12:08:04,101.45,PERIODIC,57.5,49.8,67.2,4,1
2026-09-19T12:08:05+00:00,2026-09-19 12:08:05,99.95,PERIODIC,53.0,52.9,71.5,4,0
2026-09-19T12:08:06+00:00,2026-09-19 12:08:06,103.55,PERIODIC,54.7,54.0,72.9,4,1
2026-09-19T12:08:07+00:00,2026-09-19 12:08:07,114.67,PERIODIC,57.9,50.0,67.6,4,1
2026-09-19T12:08:08+00:00,2026-09-19 12:08:08,109.55,PERIODIC,62.0,57.4,77.5,4,1
2026-09-19T12:08:09+00:00,2026-09-19 12:08:09,110.09,PERIODIC,57.8,56.1,75.8,4,1
2026-09-19T12:08:10+00:00,2026-09-19 12:08:10,117.61,PERIODIC,63.9,52.1,70.3,4,1
2026-09-19T12:08:11+00:00,2026-09-19 12:08:11,118.2,PERIODIC,63.3,50.4,68.1,4,1
2026-09-19T12:08:12+00:00,2026-09-19 12:08:12,125.02,PERIODIC,67.5,47.6,64.3,5,1
2026-09-19T12:08:13+00:00,2026-09-19 12:08:13,121.79,PERIODIC,66.8,49.7,67.1,5,1
2026-09-19T12:08:14+00:00,2026-09-19 12:08:14,128.03,PERIODIC,67.8,51.7,69.8,5,1
2026-09-19T12:08:15+00:00,2026-09-19 12:08:15,128.02,PERIODIC,68.4,53.4,72.1,5,1
2026-09-19T12:08:16+00:00,2026-09-19 12:08:16,133.5,PERIODIC,70.7,58.0,78.3,5,1
2026-09-19T12:08:17+00:00,2026-09-19 12:08:17,134.74,PERIODIC,73.7,50.4,68.0,5,1
2026-09-19T12:08:18+00:00,2026-09-19 12:08:18,135.74,PERIODIC,71.7,52.5,70.9,5,1
2026-09-19T12:08:19+00:00,2026-09-19 12:08:19,140.89,PERIODIC,73.8,52.8,71.3,5,1
2026-09-19T12:08:20+00:00,2026-09-19 12:08:20,139.68,PERIODIC,73.3,50.6,68.3,5,1
2026-09-19T12:08:21+00:00,2026-09-19 12:08:21,137.34,PERIODIC,74.3,53.6,72.4,5,1
2026-09-19T12:08:22+00:00,2026-09-19 12:08:22,141.77,PERIODIC,76.6,54.6,73.7,5,1
2026-09-19T12:08:23+00:00,2026-09-19 12:08:23,143.16,PERIODIC,74.5,52.5,70.9,5,1
2026-09-19T12:08:24+00:00,2026-09-19 12:08:24,147.0,PERIODIC,80.0,54.6,73.7,5,1
2026-09-19T12:08:25+00:00,2026-09-19 12:08:25,150.59,PERIODIC,81.5,54.3,73.3,5,1
2026-09-19T12:08:26+00:00,2026-09-19 12:08:26,149.02,PERIODIC,81.9,44.6,60.2,5,1
2026-09-19T12:08:27+00:00,2026-09-19 12:08:27,151.31,PERIODIC,81.8,46.7,63.0,5,1
2026-09-19T12:08:28+00:00,2026-09-19 12:08:28,147.95,PERIODIC,76.1,56.5,76.3,5,1
2026-09-19T12:08:29+00:00,2026-09-19 12:08:29,145.58,PERIODIC,76.6,56.5,76.3,5,1
2026-09-19T12:08:30+00:00,2026-09-19 12:08:30,151.96,PERIODIC,82.1,55.2,74.5,5,1
2026-09-19T12:08:31+00:00,2026-09-19 12:08:31,147.43,PERIODIC,76.6,52.0,70.2,5,1
2026-09-19T12:08:32+00:00,2026-09-19 12:08:32,148.31,PERIODIC,77.5,55.3,74.6,5,1
2026-09-19T12:08:33+00:00,2026-09-19 12:08:33,150.57,PERIODIC,80.2,50.2,67.7,5,1
2026-09-19T12:08:34+00:00,2026-09-19 12:08:34,148.43,PERIODIC,76.6,49.7,67.1,5,1
2026-09-19T12:08:35+00:00,2026-09-19 12:08:35,145.09,PERIODIC,81.9,54.6,73.8,5,1
2026-09-19T12:08:36+00:00,2026-09-19 12:08:36,150.23,PERIODIC,80.9,53.9,72.8,5,1
2026-09-19T12:08:37+00:00,2026-09-19 12:08:37,146.33,PERIODIC,80.8,51.8,69.9,5,1
2026-09-19T12:08:38+00:00,2026-09-19 12:08:38,151.32,PERIODIC,77.0,51.4,69.4,5,1
2026-09-19T12:08:39+00:00,2026-09-19 12:08:39,143.82,PERIODIC,77.5,50.2,67.8,5,1
2026-09-19T12:08:40+00:00,2026-09-19 12:08:40,141.21,PERIODIC,78.1,53.7,72.5,5,1
2026-09-19T12:08:41+00:00,2026-09-19 12:08:41,140.05,PERIODIC,73.4,55.8,75.3,5,1
2026-09-19T12:08:42+00:00,2026-09-19 12:08:42,134.58,PERIODIC,69.0,51.3,69.3,5,1
2026-09-19T12:08:43+00:00,2026-09-19 12:08:43,134.8,PERIODIC,69.6,51.5,69.6,5,1
2026-09-19T12:08:44+00:00,2026-09-19 12:08:44,133.81,PERIODIC,73.4,52.6,71.0,5,1
2026-09-19T12:08:45+00:00,2026-09-19 12:08:45,129.47,PERIODIC,67.8,46.4,62.6,5,1
2026-09-19T12:08:46+00:00,2026-09-19 12:08:46,130.47,PERIODIC,67.9,54.3,73.2,5,1
2026-09-19T12:08:47+00:00,2026-09-19 12:08:47,125.61,PERIODIC,66.2,47.1,63.6,5,1
2026-09-19T12:08:48+00:00,2026-09-19 12:08:48,123.95,PERIODIC,66.9,55.4,74.8,5,1
2026-09-19T12:08:49+00:00,2026-09-19 12:08:49,119.91,PERIODIC,64.5,51.7,69.9,4,1
2026-09-19T12:08:50+00:00,2026-09-19 12:08:50,122.0,PERIODIC,65.6,46.5,62.8,5,1
2026-09-19T12:08:51+00:00,2026-09-19 12:08:51,113.13,PERIODIC,63.7,50.7,68.5,4,1
2026-09-19T12:08:52+00:00,2026-09-19 12:08:52,113.34,PERIODIC,61.0,52.4,70.8,4,1
2026-09-19T12:08:53+00:00,2026-09-19 12:08:53,113.06,PERIODIC,59.9,52.1,70.3,4,1
2026-09-19T12:08:54+00:00,2026-09-19 12:08:54,104.53,PERIODIC,55.7,50.8,68.6,4,1
2026-09-19T12:08:55+00:00,2026-09-19 12:08:55,103.66,PERIODIC,53.1,46.7,63.1,4,1
2026-09-19T12:08:56+00:00,2026-09-19 12:08:56,95.73,PERIODIC,48.7,55.2,74.5,4,0
2026-09-19T12:08:57+00:00,2026-09-19 12:08:57,94.65,PERIODIC,48.3,47.4,64.0,4,0
2026-09-19T12:08:58+00:00,2026-09-19 12:08:58,90.17,PERIODIC,49.2,45.8,61.8,4,0
2026-09-19T12:08:59+00:00,2026-09-19 12:08:59,84.17,PERIODIC,46.3,56.3,76.1,3,0
2026-09-19T12:09:00+00:00,2026-09-19 12:09:00,83.52,PERIODIC,44.9,51.9,70.1,3,0
2026-09-19T12:09:01+00:00,2026-09-19 12:09:01,82.0,PERIODIC,42.4,48.4,65.3,3,0
2026-09-19T12:09:02+00:00,2026-09-19 12:09:02,74.06,PERIODIC,38.7,59.7,80.6,3,0
2026-09-19T12:09:03+00:00,2026-09-19 12:09:03,77.03,PERIODIC,42.4,54.9,74.1,3,0
2026-09-19T12:09:04+00:00,2026-09-19 12:09:04,71.09,PERIODIC,40.7,50.6,68.3,3,0
2026-09-19T12:09:05+00:00,2026-09-19 12:09:05,66.05,PERIODIC,32.1,47.9,64.7,3,0
2026-09-19T12:09:06+00:00,2026-09-19 12:09:06,63.8,PERIODIC,31.1,47.2,63.7,3,0
2026-09-19T12:09:07+00:00,2026-09-19 12:09:07,58.17,PERIODIC,30.2,49.4,66.7,2,0
2026-09-19T12:09:08+00:00,2026-09-19 12:09:08,59.79,PERIODIC,35.1,51.9,70.1,2,0
2026-09-19T12:09:09+00:00,2026-09-19 12:09:09,52.93,PERIODIC,27.7,54.1,73.0,2,0
2026-09-19T12:09:10+00:00,2026-09-19 12:09:10,51.89,PERIODIC,28.5,48.6,65.6,2,0
2026-09-19T12:09:11+00:00,2026-09-19 12:09:11,48.68,PERIODIC,24.1,45.4,61.3,2,0
2026-09-19T12:09:12+00:00,2026-09-19 12:09:12,46.02,PERIODIC,26.6,52.3,70.6,2,0
2026-09-19T12:09:13+00:00,2026-09-19 12:09:13,38.34,PERIODIC,20.0,47.3,63.9,2,0
2026-09-19T12:09:14+00:00,2026-09-19 12:09:14,41.14,PERIODIC,25.4,55.3,74.6,2,0
2026-09-19T12:09:15+00:00,2026-09-19 12:09:15,37.1,PERIODIC,20.0,51.4,69.5,2,0
2026-09-19T12:09:16+00:00,2026-09-19 12:09:16,37.32,PERIODIC,20.0,49.3,66.6,2,0
2026-09-19T12:09:17+00:00,2026-09-19 12:09:17,34.85,PERIODIC,20.0,52.3,70.6,2,0
2026-09-19T12:09:18+00:00,2026-09-19 12:09:18,32.1,PERIODIC,20.0,52.9,71.5,2,0
2026-09-19T12:09:19+00:00,2026-09-19 12:09:19,26.29,PERIODIC,20.0,47.8,64.5,1,0
2026-09-19T12:09:20+00:00,2026-09-19 12:09:20,27.61,PERIODIC,20.0,55.6,75.1,1,0
2026-09-19T12:09:21+00:00,2026-09-19 12:09:21,23.27,PERIODIC,20.0,57.2,77.3,1,0
2026-09-19T12:09:22+00:00,2026-09-19 12:09:22,28.26,PERIODIC,20.0,57.6,77.7,1,0
2026-09-19T12:09:23+00:00,2026-09-19 12:09:23,23.36,PERIODIC,20.0,55.2,74.5,1,0
2026-09-19T12:09:24+00:00,2026-09-19 12:09:24,28.14,PERIODIC,20.0,55.0,74.2,1,0
2026-09-19T12:09:25+00:00,2026-09-19 12:09:25,21.2,PERIODIC,20.0,55.2,74.5,1,0
2026-09-19T12:09:26+00:00,2026-09-19 12:09:26,19.08,PERIODIC,20.0,49.5,66.9,1,0
2026-09-19T12:09:27+00:00,2026-09-19 12:09:27,16.53,PERIODIC,20.0,55.6,75.1,1,0
2026-09-19T12:09:28+00:00,2026-09-19 12:09:28,21.89,PERIODIC,20.0,42.6,57.5,1,0
2026-09-19T12:09:29+00:00,2026-09-19 12:09:29,20.8,PERIODIC,20.0,53.1,71.6,1,0
2026-09-19T12:09:30+00:00,2026-09-19 12:09:30,18.71,PERIODIC,20.0,45.1,60.8,1,0
2026-09-19T12:09:31+00:00,2026-09-19 12:09:31,17.31,PERIODIC,20.0,51.7,69.8,1,0
2026-09-19T12:09:32+00:00,2026-09-19 12:09:32,19.67,PERIODIC,20.0,47.7,64.4,1,0
2026-09-19T12:09:33+00:00,2026-09-19 12:09:33,21.67,PERIODIC,20.0,57.7,77.9,1,0
2026-09-19T12:09:34+00:00,2026-09-19 12:09:34,20.9,PERIODIC,20.0,50.5,68.1,1,0
2026-09-19T12:09:35+00:00,2026-09-19 12:09:35,26.14,PERIODIC,20.0,49.9,67.4,1,0
2026-09-19T12:09:36+00:00,2026-09-19 12:09:36,17.15,PERIODIC,20.0,53.0,71.5,1,0
2026-09-19T12:09:37+00:00,2026-09-19 12:09:37,23.29,PERIODIC,20.0,58.7,79.2,1,0
2026-09-19T12:09:38+00:00,2026-09-19 12:09:38,24.28,PERIODIC,20.0,43.0,58.0,1,0
2026-09-19T12:09:39+00:00,2026-09-19 12:09:39,28.8,PERIODIC,20.0,49.8,67.2,1,0
2026-09-19T12:09:40+00:00,2026-09-19 12:09:40,35.01,PERIODIC,23.0,55.3,74.6,2,0
2026-09-19T12:09:41+00:00,2026-09-19 12:09:41,29.06,PERIODIC,20.0,52.5,70.9,1,0
2026-09-19T12:09:42+00:00,2026-09-19 12:09:42,30.26,PERIODIC,20.0,52.9,71.4,2,0
2026-09-19T12:09:43+00:00,2026-09-19 12:09:43,35.95,PERIODIC,20.0,46.5,62.8,2,0
2026-09-19T12:09:44+00:00,2026-09-19 12:09:44,36.35,PERIODIC,20.0,49.9,67.3,2,0
2026-09-19T12:09:45+00:00,2026-09-19 12:09:45,36.6,PERIODIC,21.4,55.7,75.1,2,0
2026-09-19T12:09:46+00:00,2026-09-19 12:09:46,42.85,PERIODIC,22.7,49.5,66.8,2,0
2026-09-19T12:09:47+00:00,2026-09-19 12:09:47,43.4,PERIODIC,20.8,49.4,66.7,2,0
2026-09-19T12:09:48+00:00,2026-09-19 12:09:48,48.77,PERIODIC,25.3,47.8,64.5,2,0
2026-09-19T12:09:49+00:00,2026-09-19 12:09:49,54.58,PERIODIC,25.6,48.6,65.6,2,0
2026-09-19T12:09:50+00:00,2026-09-19 12:09:50,55.2,PERIODIC,28.0,51.0,68.8,2,0
2026-09-19T12:09:51+00:00,2026-09-19 12:09:51,58.89,PERIODIC,31.7,48.9,66.0,2,0
2026-09-19T12:09:52+00:00,2026-09-19 12:09:52,61.23,PERIODIC,34.4,52.9,71.5,3,0
2026-09-19T12:09:53+00:00,2026-09-19 12:09:53,64.35,PERIODIC,33.2,53.9,72.8,3,0
2026-09-19T12:09:54+00:00,2026-09-19 12:09:54,65.95,PERIODIC,35.2,49.0,66.1,3,0
2026-09-19T12:09:55+00:00,2026-09-19 12:09:55,68.51,PERIODIC,35.0,56.8,76.6,3,0
2026-09-19T12:09:56+00:00,2026-09-19 12:09:56,71.0,PERIODIC,38.1,53.3,72.0,3,0
2026-09-19T12:09:57+00:00,2026-09-19 12:09:57,72.07,PERIODIC,39.3,52.2,70.5,3,0
2026-09-19T12:09:58+00:00,2026-09-19 12:09:58,76.47,PERIODIC,45.0,51.6,69.7,3,0
2026-09-19T12:09:59+00:00,2026-09-19 12:09:59,82.7,PERIODIC,45.3,52.3,70.6,3,0
2026-09-19T12:00:00+00:00,2026-09-19 12:00:00,14.65,GRADUAL,20.0,49.9,67.4,1,0
2026-09-19T12:00:01+00:00,2026-09-19 12:00:01,17.5,GRADUAL,20.0,47.3,63.8,1,0
2026-09-19T12:00:02+00:00,2026-09-19 12:00:02,15.15,GRADUAL,20.0,49.3,66.6,1,0
2026-09-19T12:00:03+00:00,2026-09-19 12:00:03,17.24,GRADUAL,20.0,51.1,69.0,1,0
2026-09-19T12:00:04+00:00,2026-09-19 12:00:04,17.35,GRADUAL,20.0,48.2,65.0,1,0
2026-09-19T12:00:05+00:00,2026-09-19 12:00:05,17.75,GRADUAL,20.0,40.7,54.9,1,0
2026-09-19T12:00:06+00:00,2026-09-19 12:00:06,22.47,GRADUAL,20.0,50.2,67.8,1,0
2026-09-19T12:00:07+00:00,2026-09-19 12:00:07,15.97,GRADUAL,20.0,45.8,61.8,1,0
2026-09-19T12:00:08+00:00,2026-09-19 12:00:08,21.32,GRADUAL,20.0,47.4,64.0,1,0
2026-09-19T12:00:09+00:00,2026-09-19 12:00:09,19.81,GRADUAL,20.0,49.0,66.1,1,0
2026-09-19T12:00:10+00:00,2026-09-19 12:00:10,18.15,GRADUAL,20.0,45.1,60.9,1,0
2026-09-19T12:00:11+00:00,2026-09-19 12:00:11,20.73,GRADUAL,20.0,48.4,65.3,1,0
2026-09-19T12:00:12+00:00,2026-09-19 12:00:12,21.43,GRADUAL,20.0,49.2,66.5,1,0
2026-09-19T12:00:13+00:00,2026-09-19 12:00:13,19.62,GRADUAL,20.0,46.3,62.6,1,0
2026-09-19T12:00:14+00:00,2026-09-19 12:00:14,24.58,GRADUAL,20.0,46.2,62.3,1,0
2026-09-19T12:00:15+00:00,2026-09-19 12:00:15,22.4,GRADUAL,20.0,46.2,62.3,1,0
2026-09-19T12:00:16+00:00,2026-09-19 12:00:16,25.47,GRADUAL,20.0,48.2,65.1,1,0
2026-09-19T12:00:17+00:00,2026-09-19 12:00:17,23.09,GRADUAL,20.0,44.8,60.5,1,0
2026-09-19T12:00:18+00:00,2026-09-19 12:00:18,23.37,GRADUAL,20.0,44.3,59.8,1,0
2026-09-19T12:00:19+00:00,2026-09-19 12:00:19,27.31,GRADUAL,20.0,45.4,61.2,1,0
2026-09-19T12:00:20+00:00,2026-09-19 12:00:20,26.99,GRADUAL,20.0,49.7,67.0,1,0
2026-09-19T12:00:21+00:00,2026-09-19 12:00:21,27.22,GRADUAL,20.0,47.2,63.8,1,0
2026-09-19T12:00:22+00:00,2026-09-19 12:00:22,26.26,GRADUAL,20.0,46.3,62.6,1,0
2026-09-19T12:00:23+00:00,2026-09-19 12:00:23,25.59,GRADUAL,20.0,47.6,64.2,1,0
2026-09-19T12:00:24+00:00,2026-09-19 12:00:24,27.9,GRADUAL,20.0,48.4,65.3,1,0
2026-09-19T12:00:25+00:00,2026-09-19 12:00:25,27.57,GRADUAL,20.0,48.3,65.3,1,0
2026-09-19T12:00:26+00:00,2026-09-19 12:00:26,28.17,GRADUAL,20.0,46.3,62.4,1,0
2026-09-19T12:00:27+00:00,2026-09-19 12:00:27,31.52,GRADUAL,20.0,43.9,59.3,1,0
2026-09-19T12:00:28+00:00,2026-09-19 12:00:28,29.8,GRADUAL,20.0,50.5,68.2,1,0
2026-09-19T12:00:29+00:00,2026-09-19 12:00:29,30.37,GRADUAL,20.0,47.8,64.5,1,0
2026-09-19T12:00:30+00:00,2026-09-19 12:00:30,30.55,GRADUAL,20.0,46.2,62.4,1,0
2026-09-19T12:00:31+00:00,2026-09-19 12:00:31,33.82,GRADUAL,20.0,47.4,64.0,2,0
2026-09-19T12:00:32+00:00,2026-09-19 12:00:32,29.79,GRADUAL,20.0,44.0,59.4,1,0
2026-09-19T12:00:33+00:00,2026-09-19 12:00:33,35.11,GRADUAL,20.0,49.5,66.8,2,0
2026-09-19T12:00:34+00:00,2026-09-19 12:00:34,33.83,GRADUAL,20.0,49.0,66.2,2,0
2026-09-19T12:00:35+00:00,2026-09-19 12:00:35,36.11,GRADUAL,20.3,46.6,63.0,2,0
2026-09-19T12:00:36+00:00,2026-09-19 12:00:36,35.66,GRADUAL,20.0,50.9,68.7,2,0
2026-09-19T12:00:37+00:00,2026-09-19 12:00:37,36.9,GRADUAL,20.0,49.6,67.0,2,0
2026-09-19T12:00:38+00:00,2026-09-19 12:00:38,35.2,GRADUAL,20.0,49.8,67.3,2,0
2026-09-19T12:00:39+00:00,2026-09-19 12:00:39,33.23,GRADUAL,20.0,50.4,68.0,2,0
2026-09-19T12:00:40+00:00,2026-09-19 12:00:40,38.51,GRADUAL,20.0,48.0,64.9,2,0
2026-09-19T12:00:41+00:00,2026-09-19 12:00:41,37.46,GRADUAL,20.0,43.3,58.4,2,0
2026-09-19T12:00:42+00:00,2026-09-19 12:00:42,37.27,GRADUAL,20.0,49.6,67.0,2,0
2026-09-19T12:00:43+00:00,2026-09-19 12:00:43,37.35,GRADUAL,20.0,48.3,65.3,2,0
2026-09-19T12:00:44+00:00,2026-09-19 12:00:44,38.43,GRADUAL,20.0,49.5,66.8,2,0
2026-09-19T12:00:45+00:00,2026-09-19 12:00:45,38.72,GRADUAL,20.0,48.1,64.9,2,0
2026-09-19T12:00:46+00:00,2026-09-19 12:00:46,41.96,GRADUAL,22.9,47.1,63.5,2,0
2026-09-19T12:00:47+00:00,2026-09-19 12:00:47,38.57,GRADUAL,21.3,44.5,60.1,2,0
2026-09-19T12:00:48+00:00,2026-09-19 12:00:48,38.62,GRADUAL,20.3,46.8,63.2,2,0
2026-09-19T12:00:49+00:00,2026-09-19 12:00:49,40.5,GRADUAL,20.7,46.9,63.3,2,0
2026-09-19T12:00:50+00:00,2026-09-19 12:00:50,42.4,GRADUAL,20.9,46.3,62.5,2,0
2026-09-19T12:00:51+00:00,2026-09-19 12:00:51,43.21,GRADUAL,20.6,45.1,60.9,2,0
2026-09-19T12:00:52+00:00,2026-09-19 12:00:52,41.65,GRADUAL,20.7,43.5,58.7,2,0
2026-09-19T12:00:53+00:00,2026-09-19 12:00:53,43.91,GRADUAL,22.8,45.2,61.0,2,0
2026-09-19T12:00:54+00:00,2026-09-19 12:00:54,44.56,GRADUAL,23.0,45.1,60.8,2,0
2026-09-19T12:00:55+00:00,2026-09-19 12:00:55,42.32,GRADUAL,21.4,46.6,62.9,2,0
2026-09-19T12:00:56+00:00,2026-09-19 12:00:56,44.04,GRADUAL,23.0,48.6,65.6,2,0
2026-09-19T12:00:57+00:00,2026-09-19 12:00:57,44.52,GRADUAL,22.1,47.9,64.7,2,0
2026-09-19T12:00:58+00:00,2026-09-19 12:00:58,48.25,GRADUAL,23.3,48.8,65.9,2,0
2026-09-19T12:00:59+00:00,2026-09-19 12:00:59,47.05,GRADUAL,20.4,49.3,66.5,2,0
2026-09-19T12:01:00+00:00,2026-09-19 12:01:00,48.63,GRADUAL,22.8,45.5,61.5,2,0
2026-09-19T12:01:01+00:00,2026-09-19 12:01:01,46.19,GRADUAL,23.9,47.4,64.0,2,0
2026-09-19T12:01:02+00:00,2026-09-19 12:01:02,48.02,GRADUAL,24.2,45.4,61.3,2,0
2026-09-19T12:01:03+00:00,2026-09-19 12:01:03,49.36,GRADUAL,25.1,50.8,68.5,2,0
2026-09-19T12:01:04+00:00,2026-09-19 12:01:04,47.83,GRADUAL,22.9,50.4,68.1,2,0
2026-09-19T12:01:05+00:00,2026-09-19 12:01:05,49.03,GRADUAL,23.2,46.3,62.5,2,0
2026-09-19T12:01:06+00:00,2026-09-19 12:01:06,50.94,GRADUAL,24.1,48.2,65.1,2,0
2026-09-19T12:01:07+00:00,2026-09-19 12:01:07,49.74,GRADUAL,24.9,53.7,72.5,2,0
2026-09-19T12:01:08+00:00,2026-09-19 12:01:08,51.16,GRADUAL,27.5,49.7,67.1,2,0
2026-09-19T12:01:09+00:00,2026-09-19 12:01:09,50.02,GRADUAL,26.0,51.2,69.1,2,0
2026-09-19T12:01:10+00:00,2026-09-19 12:01:10,53.76,GRADUAL,25.0,51.0,68.9,2,0
2026-09-19T12:01:11+00:00,2026-09-19 12:01:11,52.94,GRADUAL,27.0,47.0,63.4,2,0
2026-09-19T12:01:12+00:00,2026-09-19 12:01:12,49.98,GRADUAL,24.7,47.5,64.2,2,0
2026-09-19T12:01:13+00:00,2026-09-19 12:01:13,54.62,GRADUAL,24.4,46.8,63.2,2,0
2026-09-19T12:01:14+00:00,2026-09-19 12:01:14,54.01,GRADUAL,26.7,45.9,61.9,2,0
2026-09-19T12:01:15+00:00,2026-09-19 12:01:15,52.74,GRADUAL,28.0,43.8,59.1,2,0
2026-09-19T12:01:16+00:00,2026-09-19 12:01:16,55.09,GRADUAL,27.6,46.0,62.1,2,0
2026-09-19T12:01:17+00:00,2026-09-19 12:01:17,54.92,GRADUAL,26.9,47.2,63.7,2,0
2026-09-19T12:01:18+00:00,2026-09-19 12:01:18,58.02,GRADUAL,29.3,46.0,62.1,2,0
2026-09-19T12:01:19+00:00,2026-09-19 12:01:19,57.25,GRADUAL,29.8,46.3,62.5,2,0
2026-09-19T12:01:20+00:00,2026-09-19 12:01:20,59.07,GRADUAL,30.5,46.7,63.1,2,0
2026-09-19T12:01:21+00:00,2026-09-19 12:01:21,58.88,GRADUAL,29.9,49.6,66.9,2,0
2026-09-19T12:01:22+00:00,2026-09-19 12:01:22,60.9,GRADUAL,31.1,48.3,65.1,2,0
2026-09-19T12:01:23+00:00,2026-09-19 12:01:23,60.63,GRADUAL,28.4,44.9,60.7,2,0
2026-09-19T12:01:24+00:00,2026-09-19 12:01:24,60.38,GRADUAL,29.4,47.7,64.4,2,0
2026-09-19T12:01:25+00:00,2026-09-19 12:01:25,58.17,GRADUAL,32.1,48.5,65.4,2,0
2026-09-19T12:01:26+00:00,2026-09-19 12:01:26,60.38,GRADUAL,30.1,45.6,61.6,2,0
2026-09-19T12:01:27+00:00,2026-09-19 12:01:27,61.26,GRADUAL,28.2,46.6,62.9,2,0
2026-09-19T12:01:28+00:00,2026-09-19 12:01:28,65.81,GRADUAL,34.7,44.1,59.6,3,0
2026-09-19T12:01:29+00:00,2026-09-19 12:01:29,64.03,GRADUAL,32.1,41.1,55.5,3,0
2026-09-19T12:01:30+00:00,2026-09-19 12:01:30,64.95,GRADUAL,32.2,44.5,60.0,3,0
2026-09-19T12:01:31+00:00,2026-09-19 12:01:31,63.09,GRADUAL,33.3,48.4,65.4,2,0
2026-09-19T12:01:32+00:00,2026-09-19 12:01:32,66.38,GRADUAL,33.3,47.5,64.1,3,0
2026-09-19T12:01:33+00:00,2026-09-19 12:01:33,67.02,GRADUAL,33.4,47.9,64.7,3,0
2026-09-19T12:01:34+00:00,2026-09-19 12:01:34,64.73,GRADUAL,33.8,44.1,59.6,3,0
2026-09-19T12:01:35+00:00,2026-09-19 12:01:35,66.64,GRADUAL,32.7,48.7,65.7,3,0
2026-09-19T12:01:36+00:00,2026-09-19 12:01:36,66.53,GRADUAL,37.5,49.3,66.5,3,0
2026-09-19T12:01:37+00:00,2026-09-19 12:01:37,65.88,GRADUAL,32.4,49.4,66.6,3,0
2026-09-19T12:01:38+00:00,2026-09-19 12:01:38,67.14,GRADUAL,33.6,47.1,63.6,3,0
2026-09-19T12:01:39+00:00,2026-09-19 12:01:39,67.67,GRADUAL,35.9,48.1,64.9,3,0
2026-09-19T12:01:40+00:00,2026-09-19 12:01:40,71.06,GRADUAL,33.5,45.7,61.7,3,0
2026-09-19T12:01:41+00:00,2026-09-19 12:01:41,69.71,GRADUAL,34.1,47.3,63.8,3,0
2026-09-19T12:01:42+00:00,2026-09-19 12:01:42,69.62,GRADUAL,35.2,50.0,67.4,3,0
2026-09-19T12:01:43+00:00,2026-09-19 12:01:43,72.14,GRADUAL,35.3,49.3,66.5,3,0
2026-09-19T12:01:44+00:00,2026-09-19 12:01:44,72.52,GRADUAL,37.9,49.4,66.7,3,0
2026-09-19T12:01:45+00:00,2026-09-19 12:01:45,70.49,GRADUAL,35.4,49.5,66.8,3,0
2026-09-19T12:01:46+00:00,2026-09-19 12:01:46,74.48,GRADUAL,35.1,50.7,68.4,3,0
2026-09-19T12:01:47+00:00,2026-09-19 12:01:47,71.87,GRADUAL,33.9,44.0,59.4,3,0
2026-09-19T12:01:48+00:00,2026-09-19 12:01:48,77.76,GRADUAL,38.0,48.8,65.9,3,0
2026-09-19T12:01:49+00:00,2026-09-19 12:01:49,73.6,GRADUAL,35.5,48.4,65.4,3,0
2026-09-19T12:01:50+00:00,2026-09-19 12:01:50,74.12,GRADUAL,38.9,51.3,69.2,3,0
2026-09-19T12:01:51+00:00,2026-09-19 12:01:51,74.99,GRADUAL,35.3,48.6,65.6,3,0
2026-09-19T12:01:52+00:00,2026-09-19 12:01:52,74.88,GRADUAL,39.2,45.8,61.9,3,0
2026-09-19T12:01:53+00:00,2026-09-19 12:01:53,75.69,GRADUAL,38.0,45.6,61.5,3,0
2026-09-19T12:01:54+00:00,2026-09-19 12:01:54,75.36,GRADUAL,37.1,44.9,60.6,3,0
2026-09-19T12:01:55+00:00,2026-09-19 12:01:55,80.71,GRADUAL,40.0,48.5,65.5,3,0
2026-09-19T12:01:56+00:00,2026-09-19 12:01:56,79.26,GRADUAL,39.3,46.4,62.6,3,0
2026-09-19T12:01:57+00:00,2026-09-19 12:01:57,79.4,GRADUAL,39.6,46.6,62.9,3,0
2026-09-19T12:01:58+00:00,2026-09-19 12:01:58,80.05,GRADUAL,41.7,48.7,65.7,3,0
2026-09-19T12:01:59+00:00,2026-09-19 12:01:59,76.76,GRADUAL,36.5,48.3,65.3,3,0
2026-09-19T12:02:00+00:00,2026-09-19 12:02:00,83.14,GRADUAL,40.9,51.8,69.9,3,0
2026-09-19T12:02:01+00:00,2026-09-19 12:02:01,80.59,GRADUAL,43.5,46.6,62.9,3,0
2026-09-19T12:02:02+00:00,2026-09-19 12:02:02,78.49,GRADUAL,36.7,52.3,70.6,3,0
2026-09-19T12:02:03+00:00,2026-09-19 12:02:03,80.91,GRADUAL,39.9,47.4,64.0,3,0
2026-09-19T12:02:04+00:00,2026-09-19 12:02:04,82.14,GRADUAL,42.4,47.1,63.6,3,0
2026-09-19T12:02:05+00:00,2026-09-19 12:02:05,80.85,GRADUAL,40.9,53.7,72.5,3,0
2026-09-19T12:02:06+00:00,2026-09-19 12:02:06,81.85,GRADUAL,40.7,44.2,59.7,3,0
2026-09-19T12:02:07+00:00,2026-09-19 12:02:07,82.12,GRADUAL,41.3,48.4,65.3,3,0
2026-09-19T12:02:08+00:00,2026-09-19 12:02:08,85.32,GRADUAL,46.1,44.3,59.8,3,0
2026-09-19T12:02:09+00:00,2026-09-19 12:02:09,86.82,GRADUAL,40.1,49.2,66.4,3,0
2026-09-19T12:02:10+00:00,2026-09-19 12:02:10,85.02,GRADUAL,40.9,48.1,64.9,3,0
2026-09-19T12:02:11+00:00,2026-09-19 12:02:11,84.24,GRADUAL,39.0,50.4,68.1,3,0
2026-09-19T12:02:12+00:00,2026-09-19 12:02:12,88.09,GRADUAL,41.3,53.5,72.2,3,0
2026-09-19T12:02:13+00:00,2026-09-19 12:02:13,84.93,GRADUAL,40.9,45.8,61.8,3,0
2026-09-19T12:02:14+00:00,2026-09-19 12:02:14,87.03,GRADUAL,45.7,46.2,62.3,3,0
2026-09-19T12:02:15+00:00,2026-09-19 12:02:15,90.58,GRADUAL,45.1,47.9,64.6,3,0
2026-09-19T12:02:16+00:00,2026-09-19 12:02:16,90.67,GRADUAL,46.2,41.9,56.6,3,0
2026-09-19T12:02:17+00:00,2026-09-19 12:02:17,87.4,GRADUAL,41.8,47.1,63.6,3,0
2026-09-19T12:02:18+00:00,2026-09-19 12:02:18,86.27,GRADUAL,40.5,50.6,68.3,3,0
2026-09-19T12:02:19+00:00,2026-09-19 12:02:19,88.15,GRADUAL,45.3,49.7,67.1,3,0
2026-09-19T12:02:20+00:00,2026-09-19 12:02:20,90.61,GRADUAL,45.0,49.2,66.5,3,0
2026-09-19T12:02:21+00:00,2026-09-19 12:02:21,92.4,GRADUAL,46.4,47.6,64.3,3,0
2026-09-19T12:02:22+00:00,2026-09-19 12:02:22,93.43,GRADUAL,48.9,49.8,67.2,3,0
2026-09-19T12:02:23+00:00,2026-09-19 12:02:23,90.61,GRADUAL,45.5,49.5,66.9,3,0
2026-09-19T12:02:24+00:00,2026-09-19 12:02:24,93.42,GRADUAL,44.8,49.7,67.1,3,0
2026-09-19T12:02:25+00:00,2026-09-19 12:02:25,92.25,GRADUAL,46.1,44.8,60.5,3,0
2026-09-19T12:02:26+00:00,2026-09-19 12:02:26,93.85,GRADUAL,45.2,49.7,67.1,3,0
2026-09-19T12:02:27+00:00,2026-09-19 12:02:27,96.22,GRADUAL,47.6,47.4,64.0,4,0
2026-09-19T12:02:28+00:00,2026-09-19 12:02:28,92.99,GRADUAL,45.3,48.4,65.4,3,0
2026-09-19T12:02:29+00:00,2026-09-19 12:02:29,93.54,GRADUAL,47.0,50.0,67.5,3,0
2026-09-19T12:02:30+00:00,2026-09-19 12:02:30,94.36,GRADUAL,45.6,47.5,64.1,3,0
2026-09-19T12:02:31+00:00,2026-09-19 12:02:31,98.6,GRADUAL,49.1,46.5,62.8,4,0
2026-09-19T12:02:32+00:00,2026-09-19 12:02:32,97.5,GRADUAL,49.4,42.7,57.6,4,0
2026-09-19T12:02:33+00:00,2026-09-19 12:02:33,99.28,GRADUAL,51.1,48.2,65.1,4,0
2026-09-19T12:02:34+00:00,2026-09-19 12:02:34,96.24,GRADUAL,48.3,49.0,66.1,4,0
2026-09-19T12:02:35+00:00,2026-09-19 12:02:35,98.24,GRADUAL,49.6,45.2,61.0,4,0
2026-09-19T12:02:36+00:00,2026-09-19 12:02:36,97.52,GRADUAL,50.3,47.2,63.7,4,0
2026-09-19T12:02:37+00:00,2026-09-19 12:02:37,98.07,GRADUAL,47.6,46.7,63.1,4,0
2026-09-19T12:02:38+00:00,2026-09-19 12:02:38,97.6,GRADUAL,49.7,50.2,67.7,4,0
2026-09-19T12:02:39+00:00,2026-09-19 12:02:39,99.08,GRADUAL,49.2,49.2,66.4,4,0
2026-09-19T12:02:40+00:00,2026-09-19 12:02:40,102.04,GRADUAL,50.9,45.8,61.9,4,0
2026-09-19T12:02:41+00:00,2026-09-19 12:02:41,104.35,GRADUAL,52.5,46.7,63.0,4,0
2026-09-19T12:02:42+00:00,2026-09-19 12:02:42,102.62,GRADUAL,48.2,49.3,66.6,4,0
2026-09-19T12:02:43+00:00,2026-09-19 12:02:43,103.31,GRADUAL,51.1,52.6,70.9,4,0
2026-09-19T12:02:44+00:00,2026-09-19 12:02:44,103.98,GRADUAL,49.6,46.7,63.1,4,0
2026-09-19T12:02:45+00:00,2026-09-19 12:02:45,104.0,GRADUAL,50.3,51.7,69.8,4,0
2026-09-19T12:02:46+00:00,2026-09-19 12:02:46,104.69,GRADUAL,53.1,45.8,61.8,4,0
2026-09-19T12:02:47+00:00,2026-09-19 12:02:47,102.37,GRADUAL,52.3,49.1,66.3,4,0
2026-09-19T12:02:48+00:00,2026-09-19 12:02:48,104.1,GRADUAL,53.9,46.0,62.1,4,0
2026-09-19T12:02:49+00:00,2026-09-19 12:02:49,105.41,GRADUAL,51.7,45.7,61.8,4,0
2026-09-19T12:02:50+00:00,2026-09-19 12:02:50,107.67,GRADUAL,54.0,45.7,61.7,4,0
2026-09-19T12:02:51+00:00,2026-09-19 12:02:51,108.06,GRADUAL,54.0,47.5,64.1,4,0
2026-09-19T12:02:52+00:00,2026-09-19 12:02:52,107.65,GRADUAL,56.1,45.0,60.8,4,0
2026-09-19T12:02:53+00:00,2026-09-19 12:02:53,107.69,GRADUAL,53.3,43.0,58.1,4,0
2026-09-19T12:02:54+00:00,2026-09-19 12:02:54,108.34,GRADUAL,55.6,43.7,59.1,4,0
2026-09-19T12:02:55+00:00,2026-09-19 12:02:55,111.37,GRADUAL,54.4,51.6,69.7,4,0
2026-09-19T12:02:56+00:00,2026-09-19 12:02:56,110.31,GRADUAL,54.4,48.4,65.3,4,0
2026-09-19T12:02:57+00:00,2026-09-19 12:02:57,111.16,GRADUAL,54.9,47.2,63.7,4,0
2026-09-19T12:02:58+00:00,2026-09-19 12:02:58,110.7,GRADUAL,57.3,43.8,59.1,4,0
2026-09-19T12:02:59+00:00,2026-09-19 12:02:59,112.65,GRADUAL,59.4,47.7,64.4,4,0
2026-09-19T12:03:00+00:00,2026-09-19 12:03:00,112.12,GRADUAL,55.2,51.6,69.7,4,0
2026-09-19T12:03:01+00:00,2026-09-19 12:03:01,113.26,GRADUAL,57.0,45.9,61.9,4,0
2026-09-19T12:03:02+00:00,2026-09-19 12:03:02,115.9,GRADUAL,58.0,50.4,68.0,4,0
2026-09-19T12:03:03+00:00,2026-09-19 12:03:03,114.83,GRADUAL,58.1,50.0,67.5,4,0
2026-09-19T12:03:04+00:00,2026-09-19 12:03:04,114.89,GRADUAL,58.1,53.0,71.5,4,0
2026-09-19T12:03:05+00:00,2026-09-19 12:03:05,113.71,GRADUAL,57.8,45.7,61.7,4,0
2026-09-19T12:03:06+00:00,2026-09-19 12:03:06,115.75,GRADUAL,55.6,45.0,60.8,4,0
2026-09-19T12:03:07+00:00,2026-09-19 12:03:07,118.27,GRADUAL,59.7,44.8,60.5,4,0
2026-09-19T12:03:08+00:00,2026-09-19 12:03:08,114.61,GRADUAL,56.4,49.0,66.1,4,0
2026-09-19T12:03:09+00:00,2026-09-19 12:03:09,116.31,GRADUAL,57.1,47.7,64.4,4,0
2026-09-19T12:03:10+00:00,2026-09-19 12:03:10,118.12,GRADUAL,59.6,47.8,64.5,4,0
2026-09-19T12:03:11+00:00,2026-09-19 12:03:11,115.54,GRADUAL,59.9,46.2,62.3,4,0
2026-09-19T12:03:12+00:00,2026-09-19 12:03:12,119.34,GRADUAL,62.1,47.2,63.7,4,0
2026-09-19T12:03:13+00:00,2026-09-19 12:03:13,117.98,GRADUAL,59.3,52.3,70.6,4,0
2026-09-19T12:03:14+00:00,2026-09-19 12:03:14,117.48,GRADUAL,58.4,48.8,65.8,4,0
2026-09-19T12:03:15+00:00,2026-09-19 12:03:15,119.15,GRADUAL,58.8,49.8,67.2,4,0
2026-09-19T12:03:16+00:00,2026-09-19 12:03:16,119.94,GRADUAL,57.9,45.0,60.8,4,0
2026-09-19T12:03:17+00:00,2026-09-19 12:03:17,120.57,GRADUAL,60.8,48.4,65.4,4,1
2026-09-19T12:03:18+00:00,2026-09-19 12:03:18,121.39,GRADUAL,60.3,51.1,69.0,4,1
2026-09-19T12:03:19+00:00,2026-09-19 12:03:19,120.79,GRADUAL,60.9,45.1,60.9,4,1
2026-09-19T12:03:20+00:00,2026-09-19 12:03:20,124.22,GRADUAL,63.2,49.0,66.1,4,1
2026-09-19T12:03:21+00:00,2026-09-19 12:03:21,122.67,GRADUAL,62.3,46.4,62.6,4,1
2026-09-19T12:03:22+00:00,2026-09-19 12:03:22,124.36,GRADUAL,63.5,46.7,63.1,4,1
2026-09-19T12:03:23+00:00,2026-09-19 12:03:23,121.25,GRADUAL,59.7,49.2,66.4,4,1
2026-09-19T12:03:24+00:00,2026-09-19 12:03:24,127.73,GRADUAL,62.5,48.4,65.3,4,1
2026-09-19T12:03:25+00:00,2026-09-19 12:03:25,124.52,GRADUAL,62.3,49.7,67.1,4,1
2026-09-19T12:03:26+00:00,2026-09-19 12:03:26,126.11,GRADUAL,64.4,46.8,63.2,4,1
2026-09-19T12:03:27+00:00,2026-09-19 12:03:27,124.38,GRADUAL,62.7,46.5,62.7,4,1
2026-09-19T12:03:28+00:00,2026-09-19 12:03:28,127.74,GRADUAL,63.6,51.1,69.0,4,1
2026-09-19T12:03:29+00:00,2026-09-19 12:03:29,126.9,GRADUAL,62.5,49.4,66.7,4,1
2026-09-19T12:03:30+00:00,2026-09-19 12:03:30,125.76,GRADUAL,62.8,46.6,62.9,4,1
2026-09-19T12:03:31+00:00,2026-09-19 12:03:31,130.48,GRADUAL,64.2,46.2,62.4,5,1
2026-09-19T12:03:32+00:00,2026-09-19 12:03:32,132.21,GRADUAL,67.9,48.9,66.1,5,1
2026-09-19T12:03:33+00:00,2026-09-19 12:03:33,129.87,GRADUAL,67.0,47.4,64.0,5,1
2026-09-19T12:03:34+00:00,2026-09-19 12:03:34,131.82,GRADUAL,64.1,46.3,62.5,5,1
2026-09-19T12:03:35+00:00,2026-09-19 12:03:35,129.23,GRADUAL,62.3,44.6,60.2,5,1
2026-09-19T12:03:36+00:00,2026-09-19 12:03:36,131.13,GRADUAL,64.3,46.5,62.8,5,1
2026-09-19T12:03:37+00:00,2026-09-19 12:03:37,129.7,GRADUAL,62.5,49.7,67.0,5,1
2026-09-19T12:03:38+00:00,2026-09-19 12:03:38,132.96,GRADUAL,65.6,51.2,69.1,5,1
2026-09-19T12:03:39+00:00,2026-09-19 12:03:39,133.06,GRADUAL,68.0,51.0,68.8,5,1
2026-09-19T12:03:40+00:00,2026-09-19 12:03:40,132.86,GRADUAL,67.5,47.6,64.2,5,1
2026-09-19T12:03:41+00:00,2026-09-19 12:03:41,131.77,GRADUAL,63.6,49.3,66.5,5,1
2026-09-19T12:03:42+00:00,2026-09-19 12:03:42,137.31,GRADUAL,69.5,50.2,67.8,5,1
2026-09-19T12:03:43+00:00,2026-09-19 12:03:43,135.44,GRADUAL,67.5,49.4,66.6,5,1
2026-09-19T12:03:44+00:00,2026-09-19 12:03:44,133.22,GRADUAL,68.2,51.7,69.8,5,1
2026-09-19T12:03:45+00:00,2026-09-19 12:03:45,136.48,GRADUAL,67.4,50.9,68.8,5,1
2026-09-19T12:03:46+00:00,2026-09-19 12:03:46,137.45,GRADUAL,71.1,48.0,64.8,5,1
2026-09-19T12:03:47+00:00,2026-09-19 12:03:47,138.85,GRADUAL,70.9,49.3,66.6,5,1
2026-09-19T12:03:48+00:00,2026-09-19 12:03:48,136.61,GRADUAL,66.0,54.6,73.7,5,1
2026-09-19T12:03:49+00:00,2026-09-19 12:03:49,138.94,GRADUAL,69.8,51.5,69.6,5,1
2026-09-19T12:03:50+00:00,2026-09-19 12:03:50,137.31,GRADUAL,69.6,45.8,61.8,5,1
2026-09-19T12:03:51+00:00,2026-09-19 12:03:51,139.36,GRADUAL,70.5,43.1,58.2,5,1
2026-09-19T12:03:52+00:00,2026-09-19 12:03:52,141.33,GRADUAL,68.9,47.3,63.8,5,1
2026-09-19T12:03:53+00:00,2026-09-19 12:03:53,138.5,GRADUAL,67.8,47.8,64.5,5,1
2026-09-19T12:03:54+00:00,2026-09-19 12:03:54,140.11,GRADUAL,72.6,45.7,61.7,5,1
2026-09-19T12:03:55+00:00,2026-09-19 12:03:55,142.35,GRADUAL,70.9,50.0,67.5,5,1
2026-09-19T12:03:56+00:00,2026-09-19 12:03:56,140.78,GRADUAL,68.8,49.2,66.5,5,1
2026-09-19T12:03:57+00:00,2026-09-19 12:03:57,144.71,GRADUAL,72.3,51.3,69.2,5,1
2026-09-19T12:03:58+00:00,2026-09-19 12:03:58,142.05,GRADUAL,71.2,50.5,68.2,5,1
2026-09-19T12:03:59+00:00,2026-09-19 12:03:59,144.33,GRADUAL,71.9,45.5,61.5,5,1
2026-09-19T12:04:00+00:00,2026-09-19 12:04:00,143.54,GRADUAL,70.3,52.9,71.4,5,1
2026-09-19T12:04:01+00:00,2026-09-19 12:04:01,145.78,GRADUAL,73.2,43.5,58.7,5,1
2026-09-19T12:04:02+00:00,2026-09-19 12:04:02,144.66,GRADUAL,74.6,51.0,68.9,5,1
2026-09-19T12:04:03+00:00,2026-09-19 12:04:03,147.25,GRADUAL,73.5,49.0,66.2,5,1
2026-09-19T12:04:04+00:00,2026-09-19 12:04:04,146.51,GRADUAL,73.8,43.8,59.2,5,1
2026-09-19T12:04:05+00:00,2026-09-19 12:04:05,148.64,GRADUAL,75.8,49.7,67.2,5,1
2026-09-19T12:04:06+00:00,2026-09-19 12:04:06,149.37,GRADUAL,76.7,49.2,66.4,5,1
2026-09-19T12:04:07+00:00,2026-09-19 12:04:07,151.1,GRADUAL,74.7,44.2,59.7,5,1
2026-09-19T12:04:08+00:00,2026-09-19 12:04:08,145.64,GRADUAL,69.7,48.9,66.1,5,1
2026-09-19T12:04:09+00:00,2026-09-19 12:04:09,148.18,GRADUAL,72.7,49.7,67.1,5,1
2026-09-19T12:04:10+00:00,2026-09-19 12:04:10,150.08,GRADUAL,73.2,47.2,63.8,5,1
2026-09-19T12:04:11+00:00,2026-09-19 12:04:11,147.94,GRADUAL,76.2,50.7,68.4,5,1
2026-09-19T12:04:12+00:00,2026-09-19 12:04:12,154.34,GRADUAL,77.8,45.4,61.2,5,1
2026-09-19T12:04:13+00:00,2026-09-19 12:04:13,148.34,GRADUAL,75.3,48.3,65.1,5,1
2026-09-19T12:04:14+00:00,2026-09-19 12:04:14,149.2,GRADUAL,75.6,49.6,67.0,5,1
2026-09-19T12:04:15+00:00,2026-09-19 12:04:15,150.14,GRADUAL,74.6,50.5,68.2,5,1
2026-09-19T12:04:16+00:00,2026-09-19 12:04:16,147.97,GRADUAL,73.3,51.3,69.2,5,1
2026-09-19T12:04:17+00:00,2026-09-19 12:04:17,148.79,GRADUAL,74.5,49.2,66.5,5,1
2026-09-19T12:04:18+00:00,2026-09-19 12:04:18,148.84,GRADUAL,74.3,49.7,67.1,5,1
2026-09-19T12:04:19+00:00,2026-09-19 12:04:19,150.58,GRADUAL,77.4,46.3,62.5,5,1
2026-09-19T12:04:20+00:00,2026-09-19 12:04:20,152.77,GRADUAL,78.1,47.3,63.8,5,1
2026-09-19T12:04:21+00:00,2026-09-19 12:04:21,146.63,GRADUAL,73.5,48.5,65.5,5,1
2026-09-19T12:04:22+00:00,2026-09-19 12:04:22,152.65,GRADUAL,75.8,44.6,60.2,5,1
2026-09-19T12:04:23+00:00,2026-09-19 12:04:23,149.3,GRADUAL,75.4,51.2,69.1,5,1
2026-09-19T12:04:24+00:00,2026-09-19 12:04:24,151.27,GRADUAL,71.9,44.1,59.6,5,1
2026-09-19T12:04:25+00:00,2026-09-19 12:04:25,147.14,GRADUAL,73.9,46.9,63.4,5,1
2026-09-19T12:04:26+00:00,2026-09-19 12:04:26,151.66,GRADUAL,74.0,51.5,69.6,5,1
2026-09-19T12:04:27+00:00,2026-09-19 12:04:27,148.67,GRADUAL,76.9,45.7,61.8,5,1
2026-09-19T12:04:28+00:00,2026-09-19 12:04:28,152.13,GRADUAL,75.6,48.1,64.9,5,1
2026-09-19T12:04:29+00:00,2026-09-19 12:04:29,150.87,GRADUAL,75.6,43.0,58.1,5,1
2026-09-19T12:04:30+00:00,2026-09-19 12:04:30,148.29,GRADUAL,72.5,48.2,65.1,5,1
2026-09-19T12:04:31+00:00,2026-09-19 12:04:31,151.18,GRADUAL,73.3,43.8,59.2,5,1
2026-09-19T12:04:32+00:00,2026-09-19 12:04:32,154.2,GRADUAL,77.0,48.0,64.8,5,1
2026-09-19T12:04:33+00:00,2026-09-19 12:04:33,149.04,GRADUAL,76.0,45.8,61.8,5,1
2026-09-19T12:04:34+00:00,2026-09-19 12:04:34,148.55,GRADUAL,73.9,47.9,64.7,5,1
2026-09-19T12:04:35+00:00,2026-09-19 12:04:35,148.51,GRADUAL,74.1,52.9,71.5,5,1
2026-09-19T12:04:36+00:00,2026-09-19 12:04:36,142.46,GRADUAL,73.5,45.3,61.1,5,1
2026-09-19T12:04:37+00:00,2026-09-19 12:04:37,148.64,GRADUAL,70.4,45.1,60.9,5,1
2026-09-19T12:04:38+00:00,2026-09-19 12:04:38,153.34,GRADUAL,74.0,47.9,64.7,5,1
2026-09-19T12:04:39+00:00,2026-09-19 12:04:39,147.2,GRADUAL,76.0,48.3,65.3,5,1
2026-09-19T12:04:40+00:00,2026-09-19 12:04:40,153.22,GRADUAL,74.6,46.2,62.4,5,1
2026-09-19T12:04:41+00:00,2026-09-19 12:04:41,146.0,GRADUAL,72.4,45.7,61.7,5,1
2026-09-19T12:04:42+00:00,2026-09-19 12:04:42,147.56,GRADUAL,75.7,51.8,70.0,5,1
2026-09-19T12:04:43+00:00,2026-09-19 12:04:43,151.22,GRADUAL,77.4,46.9,63.3,5,1
2026-09-19T12:04:44+00:00,2026-09-19 12:04:44,149.04,GRADUAL,74.5,47.8,64.5,5,1
2026-09-19T12:04:45+00:00,2026-09-19 12:04:45,148.73,GRADUAL,72.8,49.0,66.1,5,1
2026-09-19T12:04:46+00:00,2026-09-19 12:04:46,148.48,GRADUAL,74.0,47.0,63.5,5,1
2026-09-19T12:04:47+00:00,2026-09-19 12:04:47,152.33,GRADUAL,78.3,50.1,67.6,5,1
2026-09-19T12:04:48+00:00,2026-09-19 12:04:48,149.26,GRADUAL,73.6,46.0,62.1,5,1
2026-09-19T12:04:49+00:00,2026-09-19 12:04:49,149.02,GRADUAL,75.5,44.5,60.1,5,1
2026-09-19T12:04:50+00:00,2026-09-19 12:04:50,150.73,GRADUAL,73.3,48.7,65.7,5,1
2026-09-19T12:04:51+00:00,2026-09-19 12:04:51,152.9,GRADUAL,77.2,51.8,70.0,5,1
2026-09-19T12:04:52+00:00,2026-09-19 12:04:52,149.74,GRADUAL,73.7,46.4,62.6,5,1
2026-09-19T12:04:53+00:00,2026-09-19 12:04:53,145.34,GRADUAL,71.9,47.2,63.7,5,1
2026-09-19T12:04:54+00:00,2026-09-19 12:04:54,149.78,GRADUAL,74.7,51.3,69.2,5,1
2026-09-19T12:04:55+00:00,2026-09-19 12:04:55,147.35,GRADUAL,74.0,47.1,63.6,5,1
2026-09-19T12:04:56+00:00,2026-09-19 12:04:56,155.0,GRADUAL,76.7,45.5,61.4,5,1
2026-09-19T12:04:57+00:00,2026-09-19 12:04:57,145.15,GRADUAL,72.2,53.0,71.6,5,1
2026-09-19T12:04:58+00:00,2026-09-19 12:04:58,149.79,GRADUAL,75.7,52.9,71.4,5,1
2026-09-19T12:04:59+00:00,2026-09-19 12:04:59,145.82,GRADUAL,75.0,47.1,63.5,5,1
2026-09-19T12:05:00+00:00,2026-09-19 12:05:00,153.43,GRADUAL,79.0,47.3,63.9,5,1
2026-09-19T12:05:01+00:00,2026-09-19 12:05:01,151.71,GRADUAL,75.5,47.9,64.7,5,1
2026-09-19T12:05:02+00:00,2026-09-19 12:05:02,149.97,GRADUAL,78.4,44.9,60.6,5,1
2026-09-19T12:05:03+00:00,2026-09-19 12:05:03,149.61,GRADUAL,74.5,45.1,60.9,5,1
2026-09-19T12:05:04+00:00,2026-09-19 12:05:04,149.33,GRADUAL,74.9,49.0,66.1,5,1
2026-09-19T12:05:05+00:00,2026-09-19 12:05:05,151.28,GRADUAL,75.8,50.3,67.8,5,1
2026-09-19T12:05:06+00:00,2026-09-19 12:05:06,146.84,GRADUAL,76.4,45.6,61.6,5,1
2026-09-19T12:05:07+00:00,2026-09-19 12:05:07,150.01,GRADUAL,75.4,47.3,63.9,5,1
2026-09-19T12:05:08+00:00,2026-09-19 12:05:08,149.16,GRADUAL,75.2,51.4,69.4,5,1
2026-09-19T12:05:09+00:00,2026-09-19 12:05:09,150.81,GRADUAL,78.5,48.2,65.0,5,1
2026-09-19T12:05:10+00:00,2026-09-19 12:05:10,150.45,GRADUAL,76.3,47.4,64.0,5,1
2026-09-19T12:05:11+00:00,2026-09-19 12:05:11,148.42,GRADUAL,72.4,47.7,64.4,5,1
2026-09-19T12:05:12+00:00,2026-09-19 12:05:12,151.0,GRADUAL,74.9,43.3,58.5,5,1
2026-09-19T12:05:13+00:00,2026-09-19 12:05:13,150.27,GRADUAL,76.7,49.8,67.2,5,1
2026-09-19T12:05:14+00:00,2026-09-19 12:05:14,154.66,GRADUAL,78.2,50.7,68.4,5,1
2026-09-19T12:05:15+00:00,2026-09-19 12:05:15,151.57,GRADUAL,73.7,48.2,65.1,5,1
2026-09-19T12:05:16+00:00,2026-09-19 12:05:16,148.73,GRADUAL,76.1,46.1,62.3,5,1
2026-09-19T12:05:17+00:00,2026-09-19 12:05:17,149.91,GRADUAL,75.5,51.8,70.0,5,1
2026-09-19T12:05:18+00:00,2026-09-19 12:05:18,147.83,GRADUAL,73.5,42.8,57.8,5,1
2026-09-19T12:05:19+00:00,2026-09-19 12:05:19,155.7,GRADUAL,78.6,52.9,71.5,5,1
2026-09-19T12:05:20+00:00,2026-09-19 12:05:20,151.9,GRADUAL,75.7,46.9,63.4,5,1
2026-09-19T12:05:21+00:00,2026-09-19 12:05:21,147.13,GRADUAL,72.1,52.2,70.5,5,1
2026-09-19T12:05:22+00:00,2026-09-19 12:05:22,152.4,GRADUAL,74.0,46.6,62.9,5,1
2026-09-19T12:05:23+00:00,2026-09-19 12:05:23,146.5,GRADUAL,73.5,44.4,59.9,5,1
2026-09-19T12:05:24+00:00,2026-09-19 12:05:24,150.63,GRADUAL,74.6,49.1,66.2,5,1
2026-09-19T12:05:25+00:00,2026-09-19 12:05:25,150.42,GRADUAL,72.8,47.6,64.3,5,1
2026-09-19T12:05:26+00:00,2026-09-19 12:05:26,149.82,GRADUAL,75.7,48.4,65.3,5,1
2026-09-19T12:05:27+00:00,2026-09-19 12:05:27,149.79,GRADUAL,74.2,43.4,58.5,5,1
2026-09-19T12:05:28+00:00,2026-09-19 12:05:28,149.26,GRADUAL,74.4,45.3,61.2,5,1
2026-09-19T12:05:29+00:00,2026-09-19 12:05:29,149.91,GRADUAL,77.1,48.8,65.9,5,1
2026-09-19T12:05:30+00:00,2026-09-19 12:05:30,147.7,GRADUAL,73.3,47.1,63.5,5,1
2026-09-19T12:05:31+00:00,2026-09-19 12:05:31,155.07,GRADUAL,78.4,52.0,70.1,5,1
2026-09-19T12:05:32+00:00,2026-09-19 12:05:32,150.9,GRADUAL,73.8,49.1,66.3,5,1
2026-09-19T12:05:33+00:00,2026-09-19 12:05:33,151.5,GRADUAL,76.2,47.7,64.5,5,1
2026-09-19T12:05:34+00:00,2026-09-19 12:05:34,147.52,GRADUAL,72.7,46.2,62.3,5,1
2026-09-19T12:05:35+00:00,2026-09-19 12:05:35,148.94,GRADUAL,75.9,46.6,62.9,5,1
2026-09-19T12:05:36+00:00,2026-09-19 12:05:36,150.32,GRADUAL,73.6,45.3,61.2,5,1
2026-09-19T12:05:37+00:00,2026-09-19 12:05:37,149.21,GRADUAL,72.2,46.6,62.9,5,1
2026-09-19T12:05:38+00:00,2026-09-19 12:05:38,151.37,GRADUAL,77.5,45.3,61.2,5,1
2026-09-19T12:05:39+00:00,2026-09-19 12:05:39,150.6,GRADUAL,75.8,47.8,64.5,5,1
2026-09-19T12:05:40+00:00,2026-09-19 12:05:40,146.56,GRADUAL,72.5,47.7,64.4,5,1
2026-09-19T12:05:41+00:00,2026-09-19 12:05:41,151.33,GRADUAL,76.1,48.7,65.7,5,1
2026-09-19T12:05:42+00:00,2026-09-19 12:05:42,148.75,GRADUAL,74.1,46.0,62.1,5,1
2026-09-19T12:05:43+00:00,2026-09-19 12:05:43,148.37,GRADUAL,74.9,48.3,65.1,5,1
2026-09-19T12:05:44+00:00,2026-09-19 12:05:44,147.55,GRADUAL,73.5,50.3,67.9,5,1
2026-09-19T12:05:45+00:00,2026-09-19 12:05:45,154.76,GRADUAL,78.1,43.7,59.0,5,1
2026-09-19T12:05:46+00:00,2026-09-19 12:05:46,150.72,GRADUAL,75.5,51.7,69.8,5,1
2026-09-19T12:05:47+00:00,2026-09-19 12:05:47,154.67,GRADUAL,80.3,49.8,67.3,5,1
2026-09-19T12:05:48+00:00,2026-09-19 12:05:48,148.74,GRADUAL,75.1,49.6,67.0,5,1
2026-09-19T12:05:49+00:00,2026-09-19 12:05:49,151.06,GRADUAL,72.5,50.3,67.9,5,1
2026-09-19T12:05:50+00:00,2026-09-19 12:05:50,149.92,GRADUAL,75.9,46.9,63.3,5,1
2026-09-19T12:05:51+00:00,2026-09-19 12:05:51,150.77,GRADUAL,77.4,53.6,72.3,5,1
2026-09-19T12:05:52+00:00,2026-09-19 12:05:52,147.81,GRADUAL,72.4,49.2,66.4,5,1
2026-09-19T12:05:53+00:00,2026-09-19 12:05:53,148.49,GRADUAL,73.5,49.7,67.1,5,1
2026-09-19T12:05:54+00:00,2026-09-19 12:05:54,149.34,GRADUAL,73.5,45.1,60.9,5,1
2026-09-19T12:05:55+00:00,2026-09-19 12:05:55,146.48,GRADUAL,72.1,49.9,67.3,5,1
2026-09-19T12:05:56+00:00,2026-09-19 12:05:56,150.66,GRADUAL,74.7,46.9,63.3,5,1
2026-09-19T12:05:57+00:00,2026-09-19 12:05:57,145.82,GRADUAL,70.4,48.4,65.4,5,1
2026-09-19T12:05:58+00:00,2026-09-19 12:05:58,143.17,GRADUAL,66.8,51.8,69.9,5,1
2026-09-19T12:05:59+00:00,2026-09-19 12:05:59,146.85,GRADUAL,70.1,49.4,66.7,5,1
2026-09-19T12:06:00+00:00,2026-09-19 12:06:00,144.26,GRADUAL,71.1,50.1,67.6,5,1
2026-09-19T12:06:01+00:00,2026-09-19 12:06:01,140.95,GRADUAL,69.3,46.6,62.9,5,1
2026-09-19T12:06:02+00:00,2026-09-19 12:06:02,144.75,GRADUAL,70.9,49.5,66.9,5,1
2026-09-19T12:06:03+00:00,2026-09-19 12:06:03,142.5,GRADUAL,71.4,43.8,59.1,5,1
2026-09-19T12:06:04+00:00,2026-09-19 12:06:04,143.74,GRADUAL,72.7,51.2,69.1,5,1
2026-09-19T12:06:05+00:00,2026-09-19 12:06:05,141.01,GRADUAL,69.3,45.5,61.4,5,1
2026-09-19T12:06:06+00:00,2026-09-19 12:06:06,142.58,GRADUAL,70.1,50.0,67.4,5,1
2026-09-19T12:06:07+00:00,2026-09-19 12:06:07,140.75,GRADUAL,71.8,47.9,64.6,5,1
2026-09-19T12:06:08+00:00,2026-09-19 12:06:08,140.0,GRADUAL,72.5,47.7,64.4,5,1
2026-09-19T12:06:09+00:00,2026-09-19 12:06:09,138.15,GRADUAL,66.6,49.5,66.8,5,1
2026-09-19T12:06:10+00:00,2026-09-19 12:06:10,139.45,GRADUAL,71.1,49.8,67.2,5,1
2026-09-19T12:06:11+00:00,2026-09-19 12:06:11,139.67,GRADUAL,70.1,45.1,60.9,5,1
2026-09-19T12:06:12+00:00,2026-09-19 12:06:12,139.78,GRADUAL,70.6,42.7,57.6,5,1
2026-09-19T12:06:13+00:00,2026-09-19 12:06:13,137.03,GRADUAL,68.5,48.2,65.0,5,1
2026-09-19T12:06:14+00:00,2026-09-19 12:06:14,136.91,GRADUAL,68.2,51.7,69.8,5,1
2026-09-19T12:06:15+00:00,2026-09-19 12:06:15,137.01,GRADUAL,68.2,49.3,66.5,5,1
2026-09-19T12:06:16+00:00,2026-09-19 12:06:16,135.78,GRADUAL,66.7,44.9,60.6,5,1
2026-09-19T12:06:17+00:00,2026-09-19 12:06:17,135.85,GRADUAL,68.3,43.0,58.0,5,1
2026-09-19T12:06:18+00:00,2026-09-19 12:06:18,132.9,GRADUAL,67.7,51.5,69.6,5,1
2026-09-19T12:06:19+00:00,2026-09-19 12:06:19,132.88,GRADUAL,65.2,48.4,65.3,5,1
2026-09-19T12:06:20+00:00,2026-09-19 12:06:20,134.51,GRADUAL,64.4,48.9,66.1,5,1
2026-09-19T12:06:21+00:00,2026-09-19 12:06:21,133.76,GRADUAL,68.5,46.2,62.4,5,1
2026-09-19T12:06:22+00:00,2026-09-19 12:06:22,133.33,GRADUAL,66.4,43.6,58.8,5,1
2026-09-19T12:06:23+00:00,2026-09-19 12:06:23,132.16,GRADUAL,66.0,46.4,62.7,5,1
2026-09-19T12:06:24+00:00,2026-09-19 12:06:24,132.54,GRADUAL,67.4,47.4,64.1,5,1
2026-09-19T12:06:25+00:00,2026-09-19 12:06:25,128.86,GRADUAL,64.0,48.5,65.5,5,1
2026-09-19T12:06:26+00:00,2026-09-19 12:06:26,130.26,GRADUAL,61.8,47.4,63.9,5,1
2026-09-19T12:06:27+00:00,2026-09-19 12:06:27,128.74,GRADUAL,65.5,46.3,62.4,5,1
2026-09-19T12:06:28+00:00,2026-09-19 12:06:28,129.24,GRADUAL,66.6,46.4,62.6,5,1
2026-09-19T12:06:29+00:00,2026-09-19 12:06:29,130.85,GRADUAL,64.6,47.7,64.4,5,1
2026-09-19T12:06:30+00:00,2026-09-19 12:06:30,127.25,GRADUAL,63.2,49.8,67.2,4,1
2026-09-19T12:06:31+00:00,2026-09-19 12:06:31,125.87,GRADUAL,63.2,46.1,62.2,4,1
2026-09-19T12:06:32+00:00,2026-09-19 12:06:32,129.11,GRADUAL,64.9,49.7,67.0,5,1
2026-09-19T12:06:33+00:00,2026-09-19 12:06:33,125.45,GRADUAL,62.0,54.7,73.8,4,1
2026-09-19T12:06:34+00:00,2026-09-19 12:06:34,125.77,GRADUAL,61.2,45.6,61.6,4,1
2026-09-19T12:06:35+00:00,2026-09-19 12:06:35,126.65,GRADUAL,62.8,46.3,62.6,4,1
2026-09-19T12:06:36+00:00,2026-09-19 12:06:36,123.51,GRADUAL,61.3,48.8,65.9,4,1
2026-09-19T12:06:37+00:00,2026-09-19 12:06:37,123.13,GRADUAL,61.7,49.5,66.8,4,1
2026-09-19T12:06:38+00:00,2026-09-19 12:06:38,126.39,GRADUAL,63.9,49.4,66.7,4,1
2026-09-19T12:06:39+00:00,2026-09-19 12:06:39,126.61,GRADUAL,65.3,50.4,68.1,4,1
2026-09-19T12:06:40+00:00,2026-09-19 12:06:40,121.66,GRADUAL,61.3,52.9,71.4,4,1
2026-09-19T12:06:41+00:00,2026-09-19 12:06:41,121.91,GRADUAL,62.8,50.0,67.4,4,1
2026-09-19T12:06:42+00:00,2026-09-19 12:06:42,121.11,GRADUAL,58.6,51.1,69.0,4,1
2026-09-19T12:06:43+00:00,2026-09-19 12:06:43,122.15,GRADUAL,58.0,43.0,58.1,4,1
2026-09-19T12:06:44+00:00,2026-09-19 12:06:44,119.67,GRADUAL,60.3,48.5,65.4,4,0
2026-09-19T12:06:45+00:00,2026-09-19 12:06:45,122.02,GRADUAL,61.1,46.4,62.6,4,1
2026-09-19T12:06:46+00:00,2026-09-19 12:06:46,122.08,GRADUAL,58.4,48.5,65.5,4,1
2026-09-19T12:06:47+00:00,2026-09-19 12:06:47,121.04,GRADUAL,63.5,46.4,62.6,4,1
2026-09-19T12:06:48+00:00,2026-09-19 12:06:48,119.98,GRADUAL,61.9,46.2,62.4,4,0
2026-09-19T12:06:49+00:00,2026-09-19 12:06:49,115.98,GRADUAL,56.3,48.3,65.2,4,0
2026-09-19T12:06:50+00:00,2026-09-19 12:06:50,117.39,GRADUAL,58.8,47.1,63.6,4,0
2026-09-19T12:06:51+00:00,2026-09-19 12:06:51,118.97,GRADUAL,58.7,45.3,61.1,4,0
2026-09-19T12:06:52+00:00,2026-09-19 12:06:52,116.6,GRADUAL,56.9,46.8,63.2,4,0
2026-09-19T12:06:53+00:00,2026-09-19 12:06:53,118.66,GRADUAL,61.8,47.6,64.2,4,0
2026-09-19T12:06:54+00:00,2026-09-19 12:06:54,114.38,GRADUAL,59.6,44.7,60.3,4,0
2026-09-19T12:06:55+00:00,2026-09-19 12:06:55,113.5,GRADUAL,56.1,50.7,68.5,4,0
2026-09-19T12:06:56+00:00,2026-09-19 12:06:56,113.18,GRADUAL,55.4,49.9,67.3,4,0
2026-09-19T12:06:57+00:00,2026-09-19 12:06:57,113.88,GRADUAL,56.1,47.3,63.9,4,0
2026-09-19T12:06:58+00:00,2026-09-19 12:06:58,113.65,GRADUAL,56.6,46.5,62.8,4,0
2026-09-19T12:06:59+00:00,2026-09-19 12:06:59,111.35,GRADUAL,54.3,44.1,59.5,4,0
2026-09-19T12:07:00+00:00,2026-09-19 12:07:00,115.02,GRADUAL,57.1,48.6,65.6,4,0
2026-09-19T12:07:01+00:00,2026-09-19 12:07:01,111.22,GRADUAL,54.9,48.7,65.8,4,0
2026-09-19T12:07:02+00:00,2026-09-19 12:07:02,111.0,GRADUAL,56.9,42.2,57.0,4,0
2026-09-19T12:07:03+00:00,2026-09-19 12:07:03,110.84,GRADUAL,54.7,50.0,67.6,4,0
2026-09-19T12:07:04+00:00,2026-09-19 12:07:04,109.84,GRADUAL,57.4,48.4,65.4,4,0
2026-09-19T12:07:05+00:00,2026-09-19 12:07:05,110.61,GRADUAL,56.1,51.3,69.2,4,0
2026-09-19T12:07:06+00:00,2026-09-19 12:07:06,107.6,GRADUAL,54.0,45.2,61.1,4,0
2026-09-19T12:07:07+00:00,2026-09-19 12:07:07,108.4,GRADUAL,55.2,53.4,72.0,4,0
2026-09-19T12:07:08+00:00,2026-09-19 12:07:08,107.15,GRADUAL,52.2,53.8,72.6,4,0
2026-09-19T12:07:09+00:00,2026-09-19 12:07:09,107.52,GRADUAL,53.4,43.6,58.9,4,0
2026-09-19T12:07:10+00:00,2026-09-19 12:07:10,104.83,GRADUAL,50.8,46.5,62.8,4,0
2026-09-19T12:07:11+00:00,2026-09-19 12:07:11,106.06,GRADUAL,53.9,45.4,61.3,4,0
2026-09-19T12:07:12+00:00,2026-09-19 12:07:12,105.4,GRADUAL,53.1,49.4,66.7,4,0
2026-09-19T12:07:13+00:00,2026-09-19 12:07:13,104.99,GRADUAL,50.2,45.3,61.2,4,0
2026-09-19T12:07:14+00:00,2026-09-19 12:07:14,103.09,GRADUAL,50.6,44.0,59.3,4,0
2026-09-19T12:07:15+00:00,2026-09-19 12:07:15,103.22,GRADUAL,52.7,46.5,62.7,4,0
2026-09-19T12:07:16+00:00,2026-09-19 12:07:16,102.96,GRADUAL,51.2,46.6,62.9,4,0
2026-09-19T12:07:17+00:00,2026-09-19 12:07:17,103.55,GRADUAL,51.5,50.0,67.6,4,0
2026-09-19T12:07:18+00:00,2026-09-19 12:07:18,104.03,GRADUAL,52.5,44.6,60.2,4,0
2026-09-19T12:07:19+00:00,2026-09-19 12:07:19,101.11,GRADUAL,51.0,47.7,64.5,4,0
2026-09-19T12:07:20+00:00,2026-09-19 12:07:20,101.65,GRADUAL,52.2,50.1,67.7,4,0
2026-09-19T12:07:21+00:00,2026-09-19 12:07:21,102.08,GRADUAL,51.5,47.3,63.9,4,0
2026-09-19T12:07:22+00:00,2026-09-19 12:07:22,98.68,GRADUAL,48.7,47.6,64.3,4,0
2026-09-19T12:07:23+00:00,2026-09-19 12:07:23,100.77,GRADUAL,52.3,42.7,57.7,4,0
2026-09-19T12:07:24+00:00,2026-09-19 12:07:24,100.53,GRADUAL,50.9,47.2,63.8,4,0
2026-09-19T12:07:25+00:00,2026-09-19 12:07:25,100.13,GRADUAL,49.1,48.6,65.7,4,0
2026-09-19T12:07:26+00:00,2026-09-19 12:07:26,98.08,GRADUAL,51.7,51.7,69.8,4,0
2026-09-19T12:07:27+00:00,2026-09-19 12:07:27,93.58,GRADUAL,47.2,45.1,60.9,3,0
2026-09-19T12:07:28+00:00,2026-09-19 12:07:28,97.37,GRADUAL,49.7,47.7,64.4,4,0
2026-09-19T12:07:29+00:00,2026-09-19 12:07:29,96.79,GRADUAL,45.8,47.2,63.7,4,0
2026-09-19T12:07:30+00:00,2026-09-19 12:07:30,96.01,GRADUAL,48.0,49.3,66.6,4,0
2026-09-19T12:07:31+00:00,2026-09-19 12:07:31,95.32,GRADUAL,47.3,51.3,69.3,3,0
2026-09-19T12:07:32+00:00,2026-09-19 12:07:32,96.42,GRADUAL,47.6,46.0,62.1,4,0
2026-09-19T12:07:33+00:00,2026-09-19 12:07:33,92.7,GRADUAL,47.2,47.0,63.5,3,0
2026-09-19T12:07:34+00:00,2026-09-19 12:07:34,90.36,GRADUAL,46.0,44.0,59.4,3,0
2026-09-19T12:07:35+00:00,2026-09-19 12:07:35,92.1,GRADUAL,46.9,50.3,67.9,3,0
2026-09-19T12:07:36+00:00,2026-09-19 12:07:36,94.23,GRADUAL,46.8,48.3,65.1,3,0
2026-09-19T12:07:37+00:00,2026-09-19 12:07:37,91.51,GRADUAL,45.7,49.1,66.3,3,0
2026-09-19T12:07:38+00:00,2026-09-19 12:07:38,91.43,GRADUAL,46.3,46.6,62.8,3,0
2026-09-19T12:07:39+00:00,2026-09-19 12:07:39,94.52,GRADUAL,47.0,48.7,65.8,3,0
2026-09-19T12:07:40+00:00,2026-09-19 12:07:40,90.74,GRADUAL,48.9,49.0,66.1,3,0
2026-09-19T12:07:41+00:00,2026-09-19 12:07:41,86.83,GRADUAL,44.8,39.7,53.6,3,0
2026-09-19T12:07:42+00:00,2026-09-19 12:07:42,90.55,GRADUAL,43.7,44.0,59.4,3,0
2026-09-19T12:07:43+00:00,2026-09-19 12:07:43,84.88,GRADUAL,44.0,44.6,60.3,3,0
2026-09-19T12:07:44+00:00,2026-09-19 12:07:44,87.66,GRADUAL,46.1,47.0,63.5,3,0
2026-09-19T12:07:45+00:00,2026-09-19 12:07:45,89.77,GRADUAL,45.7,47.4,63.9,3,0
2026-09-19T12:07:46+00:00,2026-09-19 12:07:46,88.24,GRADUAL,47.2,45.6,61.6,3,0
2026-09-19T12:07:47+00:00,2026-09-19 12:07:47,87.75,GRADUAL,46.5,49.9,67.3,3,0
2026-09-19T12:07:48+00:00,2026-09-19 12:07:48,85.35,GRADUAL,42.5,53.4,72.1,3,0
2026-09-19T12:07:49+00:00,2026-09-19 12:07:49,84.4,GRADUAL,43.9,48.5,65.4,3,0
2026-09-19T12:07:50+00:00,2026-09-19 12:07:50,86.65,GRADUAL,42.6,52.9,71.4,3,0
2026-09-19T12:07:51+00:00,2026-09-19 12:07:51,85.37,GRADUAL,43.3,46.7,63.0,3,0
2026-09-19T12:07:52+00:00,2026-09-19 12:07:52,85.39,GRADUAL,44.7,48.2,65.0,3,0
2026-09-19T12:07:53+00:00,2026-09-19 12:07:53,84.21,GRADUAL,44.3,45.4,61.3,3,0
2026-09-19T12:07:54+00:00,2026-09-19 12:07:54,81.94,GRADUAL,40.9,50.4,68.0,3,0
2026-09-19T12:07:55+00:00,2026-09-19 12:07:55,84.33,GRADUAL,40.8,51.2,69.1,3,0
2026-09-19T12:07:56+00:00,2026-09-19 12:07:56,83.7,GRADUAL,41.9,50.0,67.4,3,0
2026-09-19T12:07:57+00:00,2026-09-19 12:07:57,80.14,GRADUAL,42.2,50.0,67.5,3,0
2026-09-19T12:07:58+00:00,2026-09-19 12:07:58,81.39,GRADUAL,41.7,44.9,60.7,3,0
2026-09-19T12:07:59+00:00,2026-09-19 12:07:59,79.32,GRADUAL,40.2,45.2,61.1,3,0
2026-09-19T12:08:00+00:00,2026-09-19 12:08:00,79.01,GRADUAL,41.1,49.4,66.7,3,0
2026-09-19T12:08:01+00:00,2026-09-19 12:08:01,76.25,GRADUAL,39.0,48.2,65.1,3,0
2026-09-19T12:08:02+00:00,2026-09-19 12:08:02,76.78,GRADUAL,37.0,45.4,61.3,3,0
2026-09-19T12:08:03+00:00,2026-09-19 12:08:03,79.13,GRADUAL,39.4,48.9,66.0,3,0
2026-09-19T12:08:04+00:00,2026-09-19 12:08:04,76.76,GRADUAL,39.1,53.6,72.3,3,0
2026-09-19T12:08:05+00:00,2026-09-19 12:08:05,75.19,GRADUAL,38.3,49.0,66.1,3,0
2026-09-19T12:08:06+00:00,2026-09-19 12:08:06,77.26,GRADUAL,38.8,51.0,68.9,3,0
2026-09-19T12:08:07+00:00,2026-09-19 12:08:07,77.72,GRADUAL,41.2,45.7,61.7,3,0
2026-09-19T12:08:08+00:00,2026-09-19 12:08:08,76.32,GRADUAL,37.3,49.0,66.1,3,0
2026-09-19T12:08:09+00:00,2026-09-19 12:08:09,74.22,GRADUAL,37.7,48.8,65.8,3,0
2026-09-19T12:08:10+00:00,2026-09-19 12:08:10,76.73,GRADUAL,38.5,48.9,66.0,3,0
2026-09-19T12:08:11+00:00,2026-09-19 12:08:11,73.6,GRADUAL,35.8,50.4,68.0,3,0
2026-09-19T12:08:12+00:00,2026-09-19 12:08:12,75.01,GRADUAL,37.2,51.0,68.8,3,0
2026-09-19T12:08:13+00:00,2026-09-19 12:08:13,71.67,GRADUAL,34.3,49.5,66.8,3,0
2026-09-19T12:08:14+00:00,2026-09-19 12:08:14,71.66,GRADUAL,35.4,45.4,61.3,3,0
2026-09-19T12:08:15+00:00,2026-09-19 12:08:15,69.32,GRADUAL,33.3,46.5,62.8,3,0
2026-09-19T12:08:16+00:00,2026-09-19 12:08:16,71.93,GRADUAL,35.7,47.6,64.3,3,0
2026-09-19T12:08:17+00:00,2026-09-19 12:08:17,66.61,GRADUAL,34.3,51.2,69.1,3,0
2026-09-19T12:08:18+00:00,2026-09-19 12:08:18,69.69,GRADUAL,33.4,47.1,63.5,3,0
2026-09-19T12:08:19+00:00,2026-09-19 12:08:19,71.72,GRADUAL,37.4,46.5,62.8,3,0
2026-09-19T12:08:20+00:00,2026-09-19 12:08:20,71.43,GRADUAL,37.2,43.2,58.3,3,0
2026-09-19T12:08:21+00:00,2026-09-19 12:08:21,68.66,GRADUAL,36.4,44.3,59.7,3,0
2026-09-19T12:08:22+00:00,2026-09-19 12:08:22,67.79,GRADUAL,33.5,51.6,69.6,3,0
2026-09-19T12:08:23+00:00,2026-09-19 12:08:23,67.7,GRADUAL,31.9,41.0,55.4,3,0
2026-09-19T12:08:24+00:00,2026-09-19 12:08:24,68.82,GRADUAL,32.8,48.1,65.0,3,0
2026-09-19T12:08:25+00:00,2026-09-19 12:08:25,65.58,GRADUAL,31.1,43.8,59.1,3,0
2026-09-19T12:08:26+00:00,2026-09-19 12:08:26,65.45,GRADUAL,30.4,51.5,69.5,3,0
2026-09-19T12:08:27+00:00,2026-09-19 12:08:27,65.15,GRADUAL,31.0,43.8,59.1,3,0
2026-09-19T12:08:28+00:00,2026-09-19 12:08:28,66.13,GRADUAL,35.2,45.2,61.1,3,0
2026-09-19T12:08:29+00:00,2026-09-19 12:08:29,64.62,GRADUAL,33.6,44.7,60.4,3,0
2026-09-19T12:08:30+00:00,2026-09-19 12:08:30,64.02,GRADUAL,30.0,48.0,64.8,3,0
2026-09-19T12:08:31+00:00,2026-09-19 12:08:31,63.25,GRADUAL,34.7,51.0,68.8,2,0
2026-09-19T12:08:32+00:00,2026-09-19 12:08:32,63.39,GRADUAL,34.2,47.4,64.0,2,0
2026-09-19T12:08:33+00:00,2026-09-19 12:08:33,61.05,GRADUAL,32.3,47.1,63.5,2,0
2026-09-19T12:08:34+00:00,2026-09-19 12:08:34,63.49,GRADUAL,29.9,48.1,64.9,2,0
2026-09-19T12:08:35+00:00,2026-09-19 12:08:35,61.52,GRADUAL,28.2,47.2,63.7,2,0
2026-09-19T12:08:36+00:00,2026-09-19 12:08:36,58.2,GRADUAL,30.5,45.2,61.1,2,0
2026-09-19T12:08:37+00:00,2026-09-19 12:08:37,60.68,GRADUAL,30.6,47.7,64.4,2,0
2026-09-19T12:08:38+00:00,2026-09-19 12:08:38,58.29,GRADUAL,29.1,46.4,62.7,2,0
2026-09-19T12:08:39+00:00,2026-09-19 12:08:39,60.21,GRADUAL,31.2,45.2,61.1,2,0
2026-09-19T12:08:40+00:00,2026-09-19 12:08:40,59.51,GRADUAL,27.9,52.7,71.2,2,0
2026-09-19T12:08:41+00:00,2026-09-19 12:08:41,57.6,GRADUAL,31.8,46.5,62.8,2,0
2026-09-19T12:08:42+00:00,2026-09-19 12:08:42,56.08,GRADUAL,27.1,44.2,59.7,2,0
2026-09-19T12:08:43+00:00,2026-09-19 12:08:43,55.29,GRADUAL,24.6,49.5,66.8,2,0
2026-09-19T12:08:44+00:00,2026-09-19 12:08:44,53.76,GRADUAL,25.7,46.3,62.5,2,0
2026-09-19T12:08:45+00:00,2026-09-19 12:08:45,53.39,GRADUAL,28.5,47.3,63.9,2,0
2026-09-19T12:08:46+00:00,2026-09-19 12:08:46,53.68,GRADUAL,25.3,47.8,64.6,2,0
2026-09-19T12:08:47+00:00,2026-09-19 12:08:47,55.87,GRADUAL,27.7,47.6,64.2,2,0
2026-09-19T12:08:48+00:00,2026-09-19 12:08:48,52.36,GRADUAL,24.2,48.7,65.8,2,0
2026-09-19T12:08:49+00:00,2026-09-19 12:08:49,49.87,GRADUAL,26.6,49.6,67.0,2,0
2026-09-19T12:08:50+00:00,2026-09-19 12:08:50,51.34,GRADUAL,24.9,49.2,66.5,2,0
2026-09-19T12:08:51+00:00,2026-09-19 12:08:51,51.95,GRADUAL,25.8,49.0,66.2,2,0
2026-09-19T12:08:52+00:00,2026-09-19 12:08:52,53.7,GRADUAL,25.8,45.0,60.7,2,0
2026-09-19T12:08:53+00:00,2026-09-19 12:08:53,54.47,GRADUAL,26.7,45.4,61.2,2,0
2026-09-19T12:08:54+00:00,2026-09-19 12:08:54,50.81,GRADUAL,24.7,49.2,66.4,2,0
2026-09-19T12:08:55+00:00,2026-09-19 12:08:55,52.15,GRADUAL,27.5,46.7,63.1,2,0
2026-09-19T12:08:56+00:00,2026-09-19 12:08:56,54.07,GRADUAL,26.8,43.4,58.6,2,0
2026-09-19T12:08:57+00:00,2026-09-19 12:08:57,50.48,GRADUAL,23.4,49.9,67.4,2,0
2026-09-19T12:08:58+00:00,2026-09-19 12:08:58,50.65,GRADUAL,23.3,49.6,67.0,2,0
2026-09-19T12:08:59+00:00,2026-09-19 12:08:59,47.53,GRADUAL,24.2,48.2,65.1,2,0
2026-09-19T12:09:00+00:00,2026-09-19 12:09:00,47.07,GRADUAL,23.1,45.6,61.6,2,0
2026-09-19T12:09:01+00:00,2026-09-19 12:09:01,48.35,GRADUAL,24.3,46.5,62.8,2,0
2026-09-19T12:09:02+00:00,2026-09-19 12:09:02,44.38,GRADUAL,22.6,50.2,67.8,2,0
2026-09-19T12:09:03+00:00,2026-09-19 12:09:03,47.46,GRADUAL,24.6,46.5,62.8,2,0
2026-09-19T12:09:04+00:00,2026-09-19 12:09:04,44.17,GRADUAL,23.3,45.6,61.6,2,0
2026-09-19T12:09:05+00:00,2026-09-19 12:09:05,45.08,GRADUAL,25.0,44.2,59.6,2,0
2026-09-19T12:09:06+00:00,2026-09-19 12:09:06,43.67,GRADUAL,24.9,50.6,68.3,2,0
2026-09-19T12:09:07+00:00,2026-09-19 12:09:07,42.1,GRADUAL,20.0,49.9,67.4,2,0
2026-09-19T12:09:08+00:00,2026-09-19 12:09:08,43.85,GRADUAL,21.3,47.3,63.9,2,0
2026-09-19T12:09:09+00:00,2026-09-19 12:09:09,42.95,GRADUAL,22.7,47.4,64.0,2,0
2026-09-19T12:09:10+00:00,2026-09-19 12:09:10,42.19,GRADUAL,20.0,47.7,64.5,2,0
2026-09-19T12:09:11+00:00,2026-09-19 12:09:11,42.61,GRADUAL,22.4,48.3,65.1,2,0
2026-09-19T12:09:12+00:00,2026-09-19 12:09:12,38.9,GRADUAL,21.3,48.4,65.4,2,0
2026-09-19T12:09:13+00:00,2026-09-19 12:09:13,39.81,GRADUAL,20.0,49.0,66.1,2,0
2026-09-19T12:09:14+00:00,2026-09-19 12:09:14,38.79,GRADUAL,20.0,46.6,62.9,2,0
2026-09-19T12:09:15+00:00,2026-09-19 12:09:15,39.19,GRADUAL,21.0,48.5,65.4,2,0
2026-09-19T12:09:16+00:00,2026-09-19 12:09:16,38.7,GRADUAL,20.0,50.4,68.0,2,0
2026-09-19T12:09:17+00:00,2026-09-19 12:09:17,36.81,GRADUAL,21.2,48.8,65.9,2,0
2026-09-19T12:09:18+00:00,2026-09-19 12:09:18,38.81,GRADUAL,20.6,52.6,71.0,2,0
2026-09-19T12:09:19+00:00,2026-09-19 12:09:19,37.62,GRADUAL,20.3,48.9,66.1,2,0
2026-09-19T12:09:20+00:00,2026-09-19 12:09:20,36.26,GRADUAL,20.0,48.3,65.2,2,0
2026-09-19T12:09:21+00:00,2026-09-19 12:09:21,35.59,GRADUAL,20.2,45.6,61.6,2,0
2026-09-19T12:09:22+00:00,2026-09-19 12:09:22,36.77,GRADUAL,20.0,47.7,64.4,2,0
2026-09-19T12:09:23+00:00,2026-09-19 12:09:23,35.86,GRADUAL,20.0,46.0,62.0,2,0
2026-09-19T12:09:24+00:00,2026-09-19 12:09:24,33.04,GRADUAL,20.0,49.2,66.4,2,0
2026-09-19T12:09:25+00:00,2026-09-19 12:09:25,32.75,GRADUAL,20.0,51.1,69.0,2,0
2026-09-19T12:09:26+00:00,2026-09-19 12:09:26,33.33,GRADUAL,20.0,48.7,65.8,2,0
2026-09-19T12:09:27+00:00,2026-09-19 12:09:27,31.95,GRADUAL,20.0,47.2,63.7,1,0
2026-09-19T12:09:28+00:00,2026-09-19 12:09:28,30.35,GRADUAL,20.0,46.4,62.7,1,0
2026-09-19T12:09:29+00:00,2026-09-19 12:09:29,33.51,GRADUAL,20.0,48.6,65.6,2,0
2026-09-19T12:09:30+00:00,2026-09-19 12:09:30,32.17,GRADUAL,20.0,50.6,68.4,2,0
2026-09-19T12:09:31+00:00,2026-09-19 12:09:31,30.62,GRADUAL,20.0,48.8,65.9,1,0
2026-09-19T12:09:32+00:00,2026-09-19 12:09:32,30.31,GRADUAL,20.0,47.6,64.3,1,0
2026-09-19T12:09:33+00:00,2026-09-19 12:09:33,30.75,GRADUAL,20.0,49.9,67.3,1,0
2026-09-19T12:09:34+00:00,2026-09-19 12:09:34,31.16,GRADUAL,20.0,50.7,68.4,1,0
2026-09-19T12:09:35+00:00,2026-09-19 12:09:35,30.6,GRADUAL,20.0,47.8,64.6,1,0
2026-09-19T12:09:36+00:00,2026-09-19 12:09:36,31.63,GRADUAL,20.0,45.1,60.9,1,0
2026-09-19T12:09:37+00:00,2026-09-19 12:09:37,26.27,GRADUAL,20.0,47.9,64.7,1,0
2026-09-19T12:09:38+00:00,2026-09-19 12:09:38,27.79,GRADUAL,20.0,50.9,68.7,1,0
2026-09-19T12:09:39+00:00,2026-09-19 12:09:39,27.32,GRADUAL,20.0,52.5,70.9,1,0
2026-09-19T12:09:40+00:00,2026-09-19 12:09:40,24.65,GRADUAL,20.0,48.3,65.2,1,0
2026-09-19T12:09:41+00:00,2026-09-19 12:09:41,26.14,GRADUAL,20.0,47.2,63.8,1,0
2026-09-19T12:09:42+00:00,2026-09-19 12:09:42,23.14,GRADUAL,20.0,49.5,66.8,1,0
2026-09-19T12:09:43+00:00,2026-09-19 12:09:43,21.93,GRADUAL,20.0,48.0,64.8,1,0
2026-09-19T12:09:44+00:00,2026-09-19 12:09:44,23.46,GRADUAL,20.0,48.6,65.6,1,0
2026-09-19T12:09:45+00:00,2026-09-19 12:09:45,22.7,GRADUAL,20.0,50.0,67.4,1,0
2026-09-19T12:09:46+00:00,2026-09-19 12:09:46,20.5,GRADUAL,20.0,51.6,69.7,1,0
2026-09-19T12:09:47+00:00,2026-09-19 12:09:47,22.61,GRADUAL,20.0,48.2,65.0,1,0
2026-09-19T12:09:48+00:00,2026-09-19 12:09:48,22.46,GRADUAL,20.0,48.0,64.8,1,0
2026-09-19T12:09:49+00:00,2026-09-19 12:09:49,24.49,GRADUAL,20.0,46.2,62.4,1,0
2026-09-19T12:09:50+00:00,2026-09-19 12:09:50,21.59,GRADUAL,20.0,46.8,63.1,1,0
2026-09-19T12:09:51+00:00,2026-09-19 12:09:51,20.99,GRADUAL,20.0,46.0,62.1,1,0
2026-09-19T12:09:52+00:00,2026-09-19 12:09:52,18.6,GRADUAL,20.0,48.5,65.4,1,0
2026-09-19T12:09:53+00:00,2026-09-19 12:09:53,20.62,GRADUAL,20.0,45.2,61.1,1,0
2026-09-19T12:09:54+00:00,2026-09-19 12:09:54,17.34,GRADUAL,20.0,48.5,65.5,1,0
2026-09-19T12:09:55+00:00,2026-09-19 12:09:55,16.41,GRADUAL,20.0,49.1,66.3,1,0
2026-09-19T12:09:56+00:00,2026-09-19 12:09:56,17.17,GRADUAL,20.0,51.5,69.5,1,0
2026-09-19T12:09:57+00:00,2026-09-19 12:09:57,15.42,GRADUAL,20.0,48.8,65.8,1,0
2026-09-19T12:09:58+00:00,2026-09-19 12:09:58,16.21,GRADUAL,20.0,47.4,64.0,1,0
2026-09-19T12:09:59+00:00,2026-09-19 12:09:59,17.75,GRADUAL,20.0,46.2,62.4,1,0
2026-09-19T12:00:00+00:00,2026-09-19 12:00:00,62.6,NOISY,31.1,60.7,82.0,2,0
2026-09-19T12:00:01+00:00,2026-09-19 12:00:01,66.45,NOISY,36.8,58.9,79.5,2,0
2026-09-19T12:00:02+00:00,2026-09-19 12:00:02,50.41,NOISY,25.6,65.4,88.3,2,0
2026-09-19T12:00:03+00:00,2026-09-19 12:00:03,25.99,NOISY,25.0,69.8,94.3,1,0
2026-09-19T12:00:04+00:00,2026-09-19 12:00:04,62.7,NOISY,33.6,75.8,102.3,2,0
2026-09-19T12:00:05+00:00,2026-09-19 12:00:05,45.61,NOISY,25.0,72.1,97.4,2,0
2026-09-19T12:00:06+00:00,2026-09-19 12:00:06,52.91,NOISY,25.9,62.0,83.7,2,0
2026-09-19T12:00:07+00:00,2026-09-19 12:00:07,84.59,NOISY,46.4,67.2,90.7,3,0
2026-09-19T12:00:08+00:00,2026-09-19 12:00:08,46.2,NOISY,25.9,74.0,99.9,2,0
2026-09-19T12:00:09+00:00,2026-09-19 12:00:09,62.6,NOISY,34.6,69.6,94.0,2,0
2026-09-19T12:00:10+00:00,2026-09-19 12:00:10,71.78,NOISY,36.6,59.0,79.7,3,0
2026-09-19T12:00:11+00:00,2026-09-19 12:00:11,93.0,NOISY,56.9,77.3,104.4,3,0
2026-09-19T12:00:12+00:00,2026-09-19 12:00:12,59.74,NOISY,34.6,63.9,86.3,2,0
2026-09-19T12:00:13+00:00,2026-09-19 12:00:13,38.08,NOISY,25.0,65.3,88.2,2,0
2026-09-19T12:00:14+00:00,2026-09-19 12:00:14,53.17,NOISY,25.0,63.3,85.5,2,0
2026-09-19T12:00:15+00:00,2026-09-19 12:00:15,55.69,NOISY,27.2,72.8,98.3,2,0
2026-09-19T12:00:16+00:00,2026-09-19 12:00:16,42.57,NOISY,25.0,74.9,101.1,2,0
2026-09-19T12:00:17+00:00,2026-09-19 12:00:17,48.01,NOISY,25.0,72.0,97.2,2,0
2026-09-19T12:00:18+00:00,2026-09-19 12:00:18,45.46,NOISY,25.0,73.8,99.7,2,0
2026-09-19T12:00:19+00:00,2026-09-19 12:00:19,94.97,NOISY,49.3,67.5,91.1,3,0
2026-09-19T12:00:20+00:00,2026-09-19 12:00:20,45.27,NOISY,25.0,64.5,87.1,2,0
2026-09-19T12:00:21+00:00,2026-09-19 12:00:21,68.07,NOISY,40.2,57.7,78.0,2,0
2026-09-19T12:00:22+00:00,2026-09-19 12:00:22,27.37,NOISY,25.0,55.7,75.2,1,0
2026-09-19T12:00:23+00:00,2026-09-19 12:00:23,37.81,NOISY,25.0,63.6,85.8,2,0
2026-09-19T12:00:24+00:00,2026-09-19 12:00:24,40.86,NOISY,26.4,61.0,82.4,2,0
2026-09-19T12:00:25+00:00,2026-09-19 12:00:25,44.44,NOISY,25.0,66.9,90.3,2,0
2026-09-19T12:00:26+00:00,2026-09-19 12:00:26,61.6,NOISY,30.8,68.3,92.2,2,0
2026-09-19T12:00:27+00:00,2026-09-19 12:00:27,88.31,NOISY,44.5,66.2,89.4,3,0
2026-09-19T12:00:28+00:00,2026-09-19 12:00:28,52.13,NOISY,30.6,65.0,87.8,2,0
2026-09-19T12:00:29+00:00,2026-09-19 12:00:29,65.44,NOISY,36.2,65.0,87.8,2,0
2026-09-19T12:00:30+00:00,2026-09-19 12:00:30,48.85,NOISY,26.4,61.0,82.4,2,0
2026-09-19T12:00:31+00:00,2026-09-19 12:00:31,56.67,NOISY,31.8,75.7,102.2,2,0
2026-09-19T12:00:32+00:00,2026-09-19 12:00:32,54.77,NOISY,29.7,67.4,91.0,2,0
2026-09-19T12:00:33+00:00,2026-09-19 12:00:33,71.05,NOISY,41.5,56.7,76.5,3,0
2026-09-19T12:00:34+00:00,2026-09-19 12:00:34,27.61,NOISY,25.0,62.1,83.9,1,0
2026-09-19T12:00:35+00:00,2026-09-19 12:00:35,61.37,NOISY,31.0,63.7,86.0,2,0
2026-09-19T12:00:36+00:00,2026-09-19 12:00:36,72.01,NOISY,36.6,73.0,98.5,3,0
2026-09-19T12:00:37+00:00,2026-09-19 12:00:37,108.41,NOISY,57.3,61.5,83.0,4,0
2026-09-19T12:00:38+00:00,2026-09-19 12:00:38,86.82,NOISY,46.6,65.0,87.8,3,0
2026-09-19T12:00:39+00:00,2026-09-19 12:00:39,81.08,NOISY,46.6,72.2,97.5,3,0
2026-09-19T12:00:40+00:00,2026-09-19 12:00:40,91.29,NOISY,51.9,62.2,84.0,3,0
2026-09-19T12:00:41+00:00,2026-09-19 12:00:41,58.07,NOISY,32.5,62.0,83.7,2,0
2026-09-19T12:00:42+00:00,2026-09-19 12:00:42,59.98,NOISY,32.0,65.4,88.3,2,0
2026-09-19T12:00:43+00:00,2026-09-19 12:00:43,104.28,NOISY,51.7,65.7,88.6,3,0
2026-09-19T12:00:44+00:00,2026-09-19 12:00:44,53.16,NOISY,30.0,67.9,91.6,2,0
2026-09-19T12:00:45+00:00,2026-09-19 12:00:45,63.4,NOISY,29.9,66.8,90.2,2,0
2026-09-19T12:00:46+00:00,2026-09-19 12:00:46,69.01,NOISY,41.5,69.9,94.4,2,0
2026-09-19T12:00:47+00:00,2026-09-19 12:00:47,99.71,NOISY,53.4,57.6,77.8,3,0
2026-09-19T12:00:48+00:00,2026-09-19 12:00:48,93.1,NOISY,50.1,63.3,85.4,3,0
2026-09-19T12:00:49+00:00,2026-09-19 12:00:49,73.91,NOISY,34.0,68.4,92.3,3,0
2026-09-19T12:00:50+00:00,2026-09-19 12:00:50,108.23,NOISY,56.8,76.9,103.8,4,0
2026-09-19T12:00:51+00:00,2026-09-19 12:00:51,94.94,NOISY,56.7,68.8,92.9,3,0
2026-09-19T12:00:52+00:00,2026-09-19 12:00:52,50.68,NOISY,28.3,77.9,105.2,2,0
2026-09-19T12:00:53+00:00,2026-09-19 12:00:53,85.87,NOISY,50.8,75.5,101.9,3,0
2026-09-19T12:00:54+00:00,2026-09-19 12:00:54,79.0,NOISY,40.5,69.8,94.2,3,0
2026-09-19T12:00:55+00:00,2026-09-19 12:00:55,95.68,NOISY,49.6,65.1,87.9,3,0
2026-09-19T12:00:56+00:00,2026-09-19 12:00:56,112.2,NOISY,63.2,72.9,98.4,4,1
2026-09-19T12:00:57+00:00,2026-09-19 12:00:57,84.78,NOISY,40.8,68.4,92.4,3,0
2026-09-19T12:00:58+00:00,2026-09-19 12:00:58,54.7,NOISY,28.3,75.2,101.5,2,0
2026-09-19T12:00:59+00:00,2026-09-19 12:00:59,71.18,NOISY,42.9,78.7,106.3,3,0
2026-09-19T12:01:00+00:00,2026-09-19 12:01:00,78.68,NOISY,43.3,73.1,98.8,3,0
2026-09-19T12:01:01+00:00,2026-09-19 12:01:01,74.13,NOISY,36.7,68.1,92.0,3,0
2026-09-19T12:01:02+00:00,2026-09-19 12:01:02,76.49,NOISY,41.4,70.8,95.6,3,0
2026-09-19T12:01:03+00:00,2026-09-19 12:01:03,57.85,NOISY,30.0,58.3,78.7,2,0
2026-09-19T12:01:04+00:00,2026-09-19 12:01:04,93.91,NOISY,51.4,70.1,94.6,3,0
2026-09-19T12:01:05+00:00,2026-09-19 12:01:05,66.59,NOISY,34.1,61.6,83.2,2,0
2026-09-19T12:01:06+00:00,2026-09-19 12:01:06,86.74,NOISY,44.1,64.8,87.4,3,0
2026-09-19T12:01:07+00:00,2026-09-19 12:01:07,63.49,NOISY,33.9,68.3,92.2,2,0
2026-09-19T12:01:08+00:00,2026-09-19 12:01:08,68.28,NOISY,34.8,73.1,98.6,2,0
2026-09-19T12:01:09+00:00,2026-09-19 12:01:09,93.19,NOISY,46.2,75.6,102.1,3,0
2026-09-19T12:01:10+00:00,2026-09-19 12:01:10,55.43,NOISY,33.4,71.4,96.3,2,0
2026-09-19T12:01:11+00:00,2026-09-19 12:01:11,67.39,NOISY,38.7,76.1,102.7,2,0
2026-09-19T12:01:12+00:00,2026-09-19 12:01:12,64.08,NOISY,35.0,63.3,85.4,2,0
2026-09-19T12:01:13+00:00,2026-09-19 12:01:13,32.65,NOISY,25.0,69.0,93.2,1,0
2026-09-19T12:01:14+00:00,2026-09-19 12:01:14,66.2,NOISY,38.5,73.9,99.8,2,0
2026-09-19T12:01:15+00:00,2026-09-19 12:01:15,43.38,NOISY,25.0,69.4,93.6,2,0
2026-09-19T12:01:16+00:00,2026-09-19 12:01:16,29.41,NOISY,25.0,74.9,101.1,1,0
2026-09-19T12:01:17+00:00,2026-09-19 12:01:17,79.1,NOISY,42.2,69.5,93.9,3,0
2026-09-19T12:01:18+00:00,2026-09-19 12:01:18,109.63,NOISY,53.4,68.3,92.2,4,0
2026-09-19T12:01:19+00:00,2026-09-19 12:01:19,66.94,NOISY,36.7,70.5,95.2,2,0
2026-09-19T12:01:20+00:00,2026-09-19 12:01:20,84.63,NOISY,45.0,72.5,97.8,3,0
2026-09-19T12:01:21+00:00,2026-09-19 12:01:21,57.72,NOISY,35.0,76.0,102.6,2,0
2026-09-19T12:01:22+00:00,2026-09-19 12:01:22,60.74,NOISY,31.9,74.9,101.1,2,0
2026-09-19T12:01:23+00:00,2026-09-19 12:01:23,73.56,NOISY,38.5,70.0,94.5,3,0
2026-09-19T12:01:24+00:00,2026-09-19 12:01:24,51.21,NOISY,29.5,66.9,90.3,2,0
2026-09-19T12:01:25+00:00,2026-09-19 12:01:25,73.13,NOISY,36.1,64.1,86.6,3,0
2026-09-19T12:01:26+00:00,2026-09-19 12:01:26,55.03,NOISY,27.6,71.9,97.1,2,0
2026-09-19T12:01:27+00:00,2026-09-19 12:01:27,56.42,NOISY,31.9,65.1,87.9,2,0
2026-09-19T12:01:28+00:00,2026-09-19 12:01:28,84.95,NOISY,45.7,57.4,77.4,3,0
2026-09-19T12:01:29+00:00,2026-09-19 12:01:29,62.58,NOISY,36.1,61.5,83.0,2,0
2026-09-19T12:01:30+00:00,2026-09-19 12:01:30,84.21,NOISY,42.5,65.2,88.0,3,0
2026-09-19T12:01:31+00:00,2026-09-19 12:01:31,87.01,NOISY,50.3,71.8,96.9,3,0
2026-09-19T12:01:32+00:00,2026-09-19 12:01:32,65.94,NOISY,33.4,65.5,88.4,2,0
2026-09-19T12:01:33+00:00,2026-09-19 12:01:33,94.24,NOISY,51.8,57.5,77.6,3,0
2026-09-19T12:01:34+00:00,2026-09-19 12:01:34,76.1,NOISY,41.0,66.9,90.3,3,0
2026-09-19T12:01:35+00:00,2026-09-19 12:01:35,80.78,NOISY,40.7,64.3,86.8,3,0
2026-09-19T12:01:36+00:00,2026-09-19 12:01:36,26.0,NOISY,25.0,78.4,105.8,1,0
2026-09-19T12:01:37+00:00,2026-09-19 12:01:37,35.72,NOISY,25.0,65.1,87.9,2,0
2026-09-19T12:01:38+00:00,2026-09-19 12:01:38,61.18,NOISY,29.4,70.2,94.8,2,0
2026-09-19T12:01:39+00:00,2026-09-19 12:01:39,85.63,NOISY,49.1,58.4,78.9,3,0
2026-09-19T12:01:40+00:00,2026-09-19 12:01:40,75.92,NOISY,47.5,70.7,95.5,3,0
2026-09-19T12:01:41+00:00,2026-09-19 12:01:41,65.11,NOISY,32.3,68.2,92.0,2,0
2026-09-19T12:01:42+00:00,2026-09-19 12:01:42,92.3,NOISY,52.4,66.3,89.5,3,0
2026-09-19T12:01:43+00:00,2026-09-19 12:01:43,55.64,NOISY,31.3,67.8,91.5,2,0
2026-09-19T12:01:44+00:00,2026-09-19 12:01:44,80.2,NOISY,40.1,65.4,88.3,3,0
2026-09-19T12:01:45+00:00,2026-09-19 12:01:45,81.54,NOISY,48.9,64.0,86.4,3,0
2026-09-19T12:01:46+00:00,2026-09-19 12:01:46,85.79,NOISY,44.2,70.0,94.4,3,0
2026-09-19T12:01:47+00:00,2026-09-19 12:01:47,49.11,NOISY,27.9,73.7,99.5,2,0
2026-09-19T12:01:48+00:00,2026-09-19 12:01:48,52.9,NOISY,27.0,67.0,90.4,2,0
2026-09-19T12:01:49+00:00,2026-09-19 12:01:49,93.66,NOISY,52.7,55.3,74.6,3,0
2026-09-19T12:01:50+00:00,2026-09-19 12:01:50,94.26,NOISY,52.3,66.5,89.8,3,0
2026-09-19T12:01:51+00:00,2026-09-19 12:01:51,85.02,NOISY,46.6,63.5,85.7,3,0
2026-09-19T12:01:52+00:00,2026-09-19 12:01:52,71.96,NOISY,36.3,70.9,95.8,3,0
2026-09-19T12:01:53+00:00,2026-09-19 12:01:53,101.11,NOISY,53.1,75.9,102.5,3,0
2026-09-19T12:01:54+00:00,2026-09-19 12:01:54,72.73,NOISY,45.4,72.4,97.7,3,0
2026-09-19T12:01:55+00:00,2026-09-19 12:01:55,81.47,NOISY,44.7,77.2,104.2,3,0
2026-09-19T12:01:56+00:00,2026-09-19 12:01:56,99.09,NOISY,55.6,58.6,79.1,3,0
2026-09-19T12:01:57+00:00,2026-09-19 12:01:57,100.03,NOISY,51.9,74.8,100.9,3,0
2026-09-19T12:01:58+00:00,2026-09-19 12:01:58,95.74,NOISY,52.1,76.7,103.5,3,0
2026-09-19T12:01:59+00:00,2026-09-19 12:01:59,105.04,NOISY,53.6,72.4,97.7,4,0
2026-09-19T12:02:00+00:00,2026-09-19 12:02:00,79.98,NOISY,42.7,69.9,94.3,3,0
2026-09-19T12:02:01+00:00,2026-09-19 12:02:01,83.4,NOISY,49.8,64.1,86.5,3,0
2026-09-19T12:02:02+00:00,2026-09-19 12:02:02,81.63,NOISY,48.3,68.7,92.8,3,0
2026-09-19T12:02:03+00:00,2026-09-19 12:02:03,99.1,NOISY,54.7,72.3,97.6,3,0
2026-09-19T12:02:04+00:00,2026-09-19 12:02:04,76.68,NOISY,43.8,61.7,83.3,3,0
2026-09-19T12:02:05+00:00,2026-09-19 12:02:05,62.14,NOISY,28.8,70.0,94.6,2,0
2026-09-19T12:02:06+00:00,2026-09-19 12:02:06,121.53,NOISY,64.9,70.6,95.3,4,1
2026-09-19T12:02:07+00:00,2026-09-19 12:02:07,98.92,NOISY,56.3,69.7,94.1,3,0
2026-09-19T12:02:08+00:00,2026-09-19 12:02:08,110.48,NOISY,61.2,61.9,83.6,4,1
2026-09-19T12:02:09+00:00,2026-09-19 12:02:09,78.59,NOISY,44.1,63.2,85.3,3,0
2026-09-19T12:02:10+00:00,2026-09-19 12:02:10,82.25,NOISY,46.4,71.2,96.1,3,0
2026-09-19T12:02:11+00:00,2026-09-19 12:02:11,101.79,NOISY,59.1,66.8,90.2,3,0
2026-09-19T12:02:12+00:00,2026-09-19 12:02:12,85.43,NOISY,42.0,70.0,94.5,3,0
2026-09-19T12:02:13+00:00,2026-09-19 12:02:13,86.6,NOISY,48.6,59.8,80.7,3,0
2026-09-19T12:02:14+00:00,2026-09-19 12:02:14,93.09,NOISY,48.0,66.2,89.3,3,0
2026-09-19T12:02:15+00:00,2026-09-19 12:02:15,75.17,NOISY,41.0,70.3,94.9,3,0
2026-09-19T12:02:16+00:00,2026-09-19 12:02:16,85.81,NOISY,48.0,71.9,97.0,3,0
2026-09-19T12:02:17+00:00,2026-09-19 12:02:17,61.53,NOISY,29.7,72.7,98.1,2,0
2026-09-19T12:02:18+00:00,2026-09-19 12:02:18,90.67,NOISY,50.7,64.1,86.6,3,0
2026-09-19T12:02:19+00:00,2026-09-19 12:02:19,45.78,NOISY,25.0,68.2,92.1,2,0
2026-09-19T12:02:20+00:00,2026-09-19 12:02:20,70.44,NOISY,38.1,70.6,95.3,3,0
2026-09-19T12:02:21+00:00,2026-09-19 12:02:21,72.9,NOISY,39.6,71.5,96.5,3,0
2026-09-19T12:02:22+00:00,2026-09-19 12:02:22,70.65,NOISY,40.4,71.7,96.7,3,0
2026-09-19T12:02:23+00:00,2026-09-19 12:02:23,78.93,NOISY,43.2,71.4,96.4,3,0
2026-09-19T12:02:24+00:00,2026-09-19 12:02:24,43.31,NOISY,25.0,65.7,88.7,2,0
2026-09-19T12:02:25+00:00,2026-09-19 12:02:25,80.25,NOISY,36.1,63.5,85.8,3,0
2026-09-19T12:02:26+00:00,2026-09-19 12:02:26,92.87,NOISY,49.5,66.0,89.1,3,0
2026-09-19T12:02:27+00:00,2026-09-19 12:02:27,70.25,NOISY,34.1,64.7,87.3,3,0
2026-09-19T12:02:28+00:00,2026-09-19 12:02:28,74.89,NOISY,36.0,66.2,89.4,3,0
2026-09-19T12:02:29+00:00,2026-09-19 12:02:29,97.18,NOISY,52.0,67.9,91.7,3,0
2026-09-19T12:02:30+00:00,2026-09-19 12:02:30,69.46,NOISY,35.6,69.0,93.2,2,0
2026-09-19T12:02:31+00:00,2026-09-19 12:02:31,80.58,NOISY,41.5,70.8,95.6,3,0
2026-09-19T12:02:32+00:00,2026-09-19 12:02:32,102.49,NOISY,58.6,64.8,87.5,3,0
2026-09-19T12:02:33+00:00,2026-09-19 12:02:33,49.1,NOISY,25.0,67.4,91.1,2,0
2026-09-19T12:02:34+00:00,2026-09-19 12:02:34,90.29,NOISY,42.0,73.0,98.6,3,0
2026-09-19T12:02:35+00:00,2026-09-19 12:02:35,77.41,NOISY,41.3,70.4,95.0,3,0
2026-09-19T12:02:36+00:00,2026-09-19 12:02:36,96.82,NOISY,57.2,76.2,102.9,3,0
2026-09-19T12:02:37+00:00,2026-09-19 12:02:37,82.2,NOISY,45.0,67.3,90.9,3,0
2026-09-19T12:02:38+00:00,2026-09-19 12:02:38,97.29,NOISY,46.7,71.7,96.8,3,0
2026-09-19T12:02:39+00:00,2026-09-19 12:02:39,74.81,NOISY,40.3,63.8,86.1,3,0
2026-09-19T12:02:40+00:00,2026-09-19 12:02:40,98.73,NOISY,50.6,70.7,95.5,3,0
2026-09-19T12:02:41+00:00,2026-09-19 12:02:41,66.28,NOISY,35.2,65.5,88.4,2,0
2026-09-19T12:02:42+00:00,2026-09-19 12:02:42,96.17,NOISY,53.8,72.8,98.3,3,0
2026-09-19T12:02:43+00:00,2026-09-19 12:02:43,67.63,NOISY,31.0,60.6,81.9,2,0
2026-09-19T12:02:44+00:00,2026-09-19 12:02:44,104.01,NOISY,57.6,68.0,91.8,3,0
2026-09-19T12:02:45+00:00,2026-09-19 12:02:45,57.35,NOISY,26.5,72.8,98.2,2,0
2026-09-19T12:02:46+00:00,2026-09-19 12:02:46,114.93,NOISY,62.5,63.0,85.1,4,1
2026-09-19T12:02:47+00:00,2026-09-19 12:02:47,123.2,NOISY,64.6,72.5,97.9,4,1
2026-09-19T12:02:48+00:00,2026-09-19 12:02:48,81.05,NOISY,48.7,62.8,84.7,3,0
2026-09-19T12:02:49+00:00,2026-09-19 12:02:49,118.02,NOISY,65.4,67.7,91.4,4,1
2026-09-19T12:02:50+00:00,2026-09-19 12:02:50,44.55,NOISY,25.0,67.3,90.9,2,0
2026-09-19T12:02:51+00:00,2026-09-19 12:02:51,95.47,NOISY,50.6,67.7,91.4,3,0
2026-09-19T12:02:52+00:00,2026-09-19 12:02:52,74.75,NOISY,38.5,68.1,92.0,3,0
2026-09-19T12:02:53+00:00,2026-09-19 12:02:53,83.11,NOISY,43.1,73.0,98.6,3,0
2026-09-19T12:02:54+00:00,2026-09-19 12:02:54,88.84,NOISY,50.0,63.0,85.1,3,0
2026-09-19T12:02:55+00:00,2026-09-19 12:02:55,95.71,NOISY,51.3,66.2,89.4,3,0
2026-09-19T12:02:56+00:00,2026-09-19 12:02:56,80.37,NOISY,39.2,79.1,106.7,3,0
2026-09-19T12:02:57+00:00,2026-09-19 12:02:57,105.4,NOISY,55.2,68.3,92.2,4,0
2026-09-19T12:02:58+00:00,2026-09-19 12:02:58,84.14,NOISY,42.8,73.1,98.7,3,0
2026-09-19T12:02:59+00:00,2026-09-19 12:02:59,62.39,NOISY,32.1,56.1,75.7,2,0
2026-09-19T12:03:00+00:00,2026-09-19 12:03:00,73.56,NOISY,39.8,63.6,85.9,3,0
2026-09-19T12:03:01+00:00,2026-09-19 12:03:01,91.8,NOISY,48.7,70.8,95.6,3,0
2026-09-19T12:03:02+00:00,2026-09-19 12:03:02,95.04,NOISY,54.4,67.9,91.7,3,0
2026-09-19T12:03:03+00:00,2026-09-19 12:03:03,45.85,NOISY,25.9,65.7,88.7,2,0
2026-09-19T12:03:04+00:00,2026-09-19 12:03:04,50.44,NOISY,25.5,67.0,90.4,2,0
2026-09-19T12:03:05+00:00,2026-09-19 12:03:05,74.06,NOISY,44.3,63.4,85.6,3,0
2026-09-19T12:03:06+00:00,2026-09-19 12:03:06,41.12,NOISY,25.0,76.6,103.4,2,0
2026-09-19T12:03:07+00:00,2026-09-19 12:03:07,84.14,NOISY,44.1,64.3,86.9,3,0
2026-09-19T12:03:08+00:00,2026-09-19 12:03:08,70.7,NOISY,32.6,76.6,103.4,3,0
2026-09-19T12:03:09+00:00,2026-09-19 12:03:09,69.04,NOISY,37.9,73.1,98.7,2,0
2026-09-19T12:03:10+00:00,2026-09-19 12:03:10,78.95,NOISY,41.9,66.0,89.1,3,0
2026-09-19T12:03:11+00:00,2026-09-19 12:03:11,34.53,NOISY,25.0,76.8,103.7,1,0
2026-09-19T12:03:12+00:00,2026-09-19 12:03:12,60.48,NOISY,31.5,59.7,80.6,2,0
2026-09-19T12:03:13+00:00,2026-09-19 12:03:13,35.9,NOISY,25.0,76.3,103.0,2,0
2026-09-19T12:03:14+00:00,2026-09-19 12:03:14,82.81,NOISY,50.3,57.3,77.3,3,0
2026-09-19T12:03:15+00:00,2026-09-19 12:03:15,80.73,NOISY,42.5,66.4,89.7,3,0
2026-09-19T12:03:16+00:00,2026-09-19 12:03:16,55.23,NOISY,29.9,61.6,83.1,2,0
2026-09-19T12:03:17+00:00,2026-09-19 12:03:17,71.45,NOISY,36.5,71.0,95.8,3,0
2026-09-19T12:03:18+00:00,2026-09-19 12:03:18,74.44,NOISY,38.6,73.3,98.9,3,0
2026-09-19T12:03:19+00:00,2026-09-19 12:03:19,90.42,NOISY,51.9,75.7,102.2,3,0
2026-09-19T12:03:20+00:00,2026-09-19 12:03:20,96.46,NOISY,47.3,66.5,89.8,3,0
2026-09-19T12:03:21+00:00,2026-09-19 12:03:21,101.93,NOISY,53.9,64.4,86.9,3,0
2026-09-19T12:03:22+00:00,2026-09-19 12:03:22,76.69,NOISY,37.2,71.1,96.0,3,0
2026-09-19T12:03:23+00:00,2026-09-19 12:03:23,113.91,NOISY,57.3,70.5,95.1,4,1
2026-09-19T12:03:24+00:00,2026-09-19 12:03:24,79.23,NOISY,39.4,69.6,93.9,3,0
2026-09-19T12:03:25+00:00,2026-09-19 12:03:25,70.12,NOISY,36.9,70.6,95.3,3,0
2026-09-19T12:03:26+00:00,2026-09-19 12:03:26,89.75,NOISY,49.6,78.5,106.0,3,0
2026-09-19T12:03:27+00:00,2026-09-19 12:03:27,78.71,NOISY,47.4,72.7,98.1,3,0
2026-09-19T12:03:28+00:00,2026-09-19 12:03:28,64.56,NOISY,34.7,72.9,98.4,2,0
2026-09-19T12:03:29+00:00,2026-09-19 12:03:29,104.55,NOISY,54.0,70.7,95.5,3,0
2026-09-19T12:03:30+00:00,2026-09-19 12:03:30,61.94,NOISY,31.9,66.2,89.4,2,0
2026-09-19T12:03:31+00:00,2026-09-19 12:03:31,75.16,NOISY,40.4,66.3,89.5,3,0
2026-09-19T12:03:32+00:00,2026-09-19 12:03:32,57.04,NOISY,34.5,59.6,80.5,2,0
2026-09-19T12:03:33+00:00,2026-09-19 12:03:33,33.45,NOISY,25.0,65.6,88.6,1,0
2026-09-19T12:03:34+00:00,2026-09-19 12:03:34,60.76,NOISY,32.5,66.0,89.1,2,0
2026-09-19T12:03:35+00:00,2026-09-19 12:03:35,31.02,NOISY,25.0,58.2,78.5,1,0
2026-09-19T12:03:36+00:00,2026-09-19 12:03:36,116.25,NOISY,64.0,68.5,92.4,4,1
2026-09-19T12:03:37+00:00,2026-09-19 12:03:37,93.71,NOISY,49.1,70.5,95.2,3,0
2026-09-19T12:03:38+00:00,2026-09-19 12:03:38,84.2,NOISY,52.8,69.2,93.5,3,0
2026-09-19T12:03:39+00:00,2026-09-19 12:03:39,89.71,NOISY,50.8,64.1,86.5,3,0
2026-09-19T12:03:40+00:00,2026-09-19 12:03:40,93.69,NOISY,53.7,71.2,96.1,3,0
2026-09-19T12:03:41+00:00,2026-09-19 12:03:41,48.76,NOISY,30.5,60.1,81.1,2,0
2026-09-19T12:03:42+00:00,2026-09-19 12:03:42,65.16,NOISY,32.5,61.0,82.3,2,0
2026-09-19T12:03:43+00:00,2026-09-19 12:03:43,64.29,NOISY,41.8,75.7,102.3,2,0
2026-09-19T12:03:44+00:00,2026-09-19 12:03:44,61.37,NOISY,38.8,71.3,96.3,2,0
2026-09-19T12:03:45+00:00,2026-09-19 12:03:45,64.81,NOISY,35.0,75.5,101.9,2,0
2026-09-19T12:03:46+00:00,2026-09-19 12:03:46,72.88,NOISY,36.1,56.7,76.6,3,0
2026-09-19T12:03:47+00:00,2026-09-19 12:03:47,76.66,NOISY,36.0,78.9,106.6,3,0
2026-09-19T12:03:48+00:00,2026-09-19 12:03:48,80.12,NOISY,39.0,69.1,93.2,3,0
2026-09-19T12:03:49+00:00,2026-09-19 12:03:49,68.11,NOISY,36.8,71.2,96.1,2,0
2026-09-19T12:03:50+00:00,2026-09-19 12:03:50,99.52,NOISY,51.5,67.6,91.2,3,0
2026-09-19T12:03:51+00:00,2026-09-19 12:03:51,94.06,NOISY,48.0,74.5,100.5,3,0
2026-09-19T12:03:52+00:00,2026-09-19 12:03:52,81.4,NOISY,44.6,64.7,87.4,3,0
2026-09-19T12:03:53+00:00,2026-09-19 12:03:53,72.54,NOISY,41.2,56.4,76.1,3,0
2026-09-19T12:03:54+00:00,2026-09-19 12:03:54,79.24,NOISY,42.4,71.1,96.0,3,0
2026-09-19T12:03:55+00:00,2026-09-19 12:03:55,102.37,NOISY,57.2,77.0,104.0,3,0
2026-09-19T12:03:56+00:00,2026-09-19 12:03:56,101.76,NOISY,56.3,62.8,84.8,3,0
2026-09-19T12:03:57+00:00,2026-09-19 12:03:57,105.19,NOISY,50.1,68.8,92.8,4,0
2026-09-19T12:03:58+00:00,2026-09-19 12:03:58,70.91,NOISY,39.5,64.1,86.5,3,0
2026-09-19T12:03:59+00:00,2026-09-19 12:03:59,95.7,NOISY,51.5,66.2,89.4,3,0
2026-09-19T12:04:00+00:00,2026-09-19 12:04:00,104.16,NOISY,55.8,63.7,86.0,3,0
2026-09-19T12:04:01+00:00,2026-09-19 12:04:01,50.64,NOISY,30.2,73.9,99.7,2,0
2026-09-19T12:04:02+00:00,2026-09-19 12:04:02,121.47,NOISY,63.0,65.8,88.9,4,1
2026-09-19T12:04:03+00:00,2026-09-19 12:04:03,95.31,NOISY,56.4,64.6,87.2,3,0
2026-09-19T12:04:04+00:00,2026-09-19 12:04:04,88.73,NOISY,47.3,71.0,95.8,3,0
2026-09-19T12:04:05+00:00,2026-09-19 12:04:05,91.59,NOISY,52.7,60.7,81.9,3,0
2026-09-19T12:04:06+00:00,2026-09-19 12:04:06,69.09,NOISY,38.2,77.9,105.1,2,0
2026-09-19T12:04:07+00:00,2026-09-19 12:04:07,74.04,NOISY,40.6,67.1,90.6,3,0
2026-09-19T12:04:08+00:00,2026-09-19 12:04:08,64.82,NOISY,37.0,60.5,81.6,2,0
2026-09-19T12:04:09+00:00,2026-09-19 12:04:09,118.14,NOISY,65.1,64.2,86.6,4,1
2026-09-19T12:04:10+00:00,2026-09-19 12:04:10,81.42,NOISY,43.6,68.3,92.1,3,0
2026-09-19T12:04:11+00:00,2026-09-19 12:04:11,75.48,NOISY,44.7,57.0,77.0,3,0
2026-09-19T12:04:12+00:00,2026-09-19 12:04:12,117.36,NOISY,61.9,65.7,88.7,4,1
2026-09-19T12:04:13+00:00,2026-09-19 12:04:13,94.27,NOISY,49.5,75.1,101.4,3,0
2026-09-19T12:04:14+00:00,2026-09-19 12:04:14,78.3,NOISY,39.3,64.8,87.4,3,0
2026-09-19T12:04:15+00:00,2026-09-19 12:04:15,62.62,NOISY,34.1,70.1,94.6,2,0
2026-09-19T12:04:16+00:00,2026-09-19 12:04:16,105.91,NOISY,54.6,65.5,88.5,4,0
2026-09-19T12:04:17+00:00,2026-09-19 12:04:17,121.96,NOISY,65.3,69.2,93.4,4,1
2026-09-19T12:04:18+00:00,2026-09-19 12:04:18,72.06,NOISY,47.4,61.1,82.5,3,0
2026-09-19T12:04:19+00:00,2026-09-19 12:04:19,61.01,NOISY,26.6,70.7,95.4,2,0
2026-09-19T12:04:20+00:00,2026-09-19 12:04:20,84.08,NOISY,42.6,61.9,83.6,3,0
2026-09-19T12:04:21+00:00,2026-09-19 12:04:21,84.78,NOISY,47.8,70.7,95.4,3,0
2026-09-19T12:04:22+00:00,2026-09-19 12:04:22,115.16,NOISY,60.7,68.6,92.6,4,1
2026-09-19T12:04:23+00:00,2026-09-19 12:04:23,102.5,NOISY,53.7,79.1,106.8,3,0
2026-09-19T12:04:24+00:00,2026-09-19 12:04:24,65.49,NOISY,34.9,72.3,97.6,2,0
2026-09-19T12:04:25+00:00,2026-09-19 12:04:25,104.14,NOISY,50.6,66.4,89.7,3,0
2026-09-19T12:04:26+00:00,2026-09-19 12:04:26,26.72,NOISY,25.0,66.1,89.2,1,0
2026-09-19T12:04:27+00:00,2026-09-19 12:04:27,75.43,NOISY,42.6,75.6,102.0,3,0
2026-09-19T12:04:28+00:00,2026-09-19 12:04:28,83.18,NOISY,41.3,67.3,90.9,3,0
2026-09-19T12:04:29+00:00,2026-09-19 12:04:29,101.43,NOISY,54.2,60.6,81.8,3,0
2026-09-19T12:04:30+00:00,2026-09-19 12:04:30,76.1,NOISY,36.4,63.0,85.1,3,0
2026-09-19T12:04:31+00:00,2026-09-19 12:04:31,76.02,NOISY,41.0,71.4,96.3,3,0
2026-09-19T12:04:32+00:00,2026-09-19 12:04:32,74.83,NOISY,39.7,68.5,92.5,3,0
2026-09-19T12:04:33+00:00,2026-09-19 12:04:33,35.44,NOISY,25.0,71.7,96.7,2,0
2026-09-19T12:04:34+00:00,2026-09-19 12:04:34,86.64,NOISY,44.6,66.1,89.3,3,0
2026-09-19T12:04:35+00:00,2026-09-19 12:04:35,95.12,NOISY,54.1,78.0,105.4,3,0
2026-09-19T12:04:36+00:00,2026-09-19 12:04:36,70.06,NOISY,38.5,77.2,104.3,3,0
2026-09-19T12:04:37+00:00,2026-09-19 12:04:37,101.31,NOISY,58.1,71.0,95.9,3,0
2026-09-19T12:04:38+00:00,2026-09-19 12:04:38,75.34,NOISY,43.4,70.5,95.2,3,0
2026-09-19T12:04:39+00:00,2026-09-19 12:04:39,84.03,NOISY,44.6,77.0,103.9,3,0
2026-09-19T12:04:40+00:00,2026-09-19 12:04:40,91.25,NOISY,48.9,70.7,95.4,3,0
2026-09-19T12:04:41+00:00,2026-09-19 12:04:41,94.62,NOISY,52.0,67.1,90.5,3,0
2026-09-19T12:04:42+00:00,2026-09-19 12:04:42,68.15,NOISY,35.1,67.0,90.5,2,0
2026-09-19T12:04:43+00:00,2026-09-19 12:04:43,115.51,NOISY,55.8,58.1,78.4,4,1
2026-09-19T12:04:44+00:00,2026-09-19 12:04:44,46.93,NOISY,25.8,67.6,91.2,2,0
2026-09-19T12:04:45+00:00,2026-09-19 12:04:45,91.06,NOISY,55.2,67.8,91.5,3,0
2026-09-19T12:04:46+00:00,2026-09-19 12:04:46,84.68,NOISY,46.4,62.5,84.4,3,0
2026-09-19T12:04:47+00:00,2026-09-19 12:04:47,91.16,NOISY,48.3,73.0,98.6,3,0
2026-09-19T12:04:48+00:00,2026-09-19 12:04:48,65.13,NOISY,33.3,66.1,89.3,2,0
2026-09-19T12:04:49+00:00,2026-09-19 12:04:49,92.87,NOISY,49.0,76.6,103.4,3,0
2026-09-19T12:04:50+00:00,2026-09-19 12:04:50,100.0,NOISY,53.9,67.8,91.5,3,0
2026-09-19T12:04:51+00:00,2026-09-19 12:04:51,75.19,NOISY,35.4,63.0,85.0,3,0
2026-09-19T12:04:52+00:00,2026-09-19 12:04:52,58.09,NOISY,25.0,74.4,100.5,2,0
2026-09-19T12:04:53+00:00,2026-09-19 12:04:53,76.85,NOISY,40.3,66.1,89.3,3,0
2026-09-19T12:04:54+00:00,2026-09-19 12:04:54,86.64,NOISY,46.7,69.9,94.4,3,0
2026-09-19T12:04:55+00:00,2026-09-19 12:04:55,55.28,NOISY,25.9,62.1,83.9,2,0
2026-09-19T12:04:56+00:00,2026-09-19 12:04:56,88.99,NOISY,47.7,68.0,91.7,3,0
2026-09-19T12:04:57+00:00,2026-09-19 12:04:57,88.14,NOISY,49.2,74.7,100.9,3,0
2026-09-19T12:04:58+00:00,2026-09-19 12:04:58,95.9,NOISY,53.2,72.8,98.3,3,0
2026-09-19T12:04:59+00:00,2026-09-19 12:04:59,75.86,NOISY,37.1,65.3,88.2,3,0
2026-09-19T12:05:00+00:00,2026-09-19 12:05:00,75.23,NOISY,36.5,64.2,86.6,3,0
2026-09-19T12:05:01+00:00,2026-09-19 12:05:01,67.23,NOISY,37.0,61.8,83.5,2,0
2026-09-19T12:05:02+00:00,2026-09-19 12:05:02,69.48,NOISY,34.9,65.3,88.1,2,0
2026-09-19T12:05:03+00:00,2026-09-19 12:05:03,104.99,NOISY,58.1,70.5,95.2,3,0
2026-09-19T12:05:04+00:00,2026-09-19 12:05:04,72.59,NOISY,38.5,67.3,90.9,3,0
2026-09-19T12:05:05+00:00,2026-09-19 12:05:05,88.01,NOISY,47.5,64.3,86.8,3,0
2026-09-19T12:05:06+00:00,2026-09-19 12:05:06,55.21,NOISY,25.5,68.3,92.3,2,0
2026-09-19T12:05:07+00:00,2026-09-19 12:05:07,57.6,NOISY,29.4,60.2,81.3,2,0
2026-09-19T12:05:08+00:00,2026-09-19 12:05:08,70.44,NOISY,36.8,68.2,92.1,3,0
2026-09-19T12:05:09+00:00,2026-09-19 12:05:09,113.09,NOISY,62.7,65.4,88.3,4,1
2026-09-19T12:05:10+00:00,2026-09-19 12:05:10,65.29,NOISY,35.2,63.1,85.2,2,0
2026-09-19T12:05:11+00:00,2026-09-19 12:05:11,49.42,NOISY,25.0,52.6,71.0,2,0
2026-09-19T12:05:12+00:00,2026-09-19 12:05:12,85.45,NOISY,41.6,69.5,93.8,3,0
2026-09-19T12:05:13+00:00,2026-09-19 12:05:13,100.07,NOISY,51.0,72.4,97.7,3,0
2026-09-19T12:05:14+00:00,2026-09-19 12:05:14,28.18,NOISY,25.0,64.4,87.0,1,0
2026-09-19T12:05:15+00:00,2026-09-19 12:05:15,93.18,NOISY,50.2,62.7,84.7,3,0
2026-09-19T12:05:16+00:00,2026-09-19 12:05:16,65.92,NOISY,39.2,70.1,94.6,2,0
2026-09-19T12:05:17+00:00,2026-09-19 12:05:17,93.09,NOISY,53.5,77.7,104.9,3,0
2026-09-19T12:05:18+00:00,2026-09-19 12:05:18,109.96,NOISY,60.9,69.5,93.8,4,0
2026-09-19T12:05:19+00:00,2026-09-19 12:05:19,82.04,NOISY,42.3,66.7,90.1,3,0
2026-09-19T12:05:20+00:00,2026-09-19 12:05:20,83.59,NOISY,45.0,63.9,86.2,3,0
2026-09-19T12:05:21+00:00,2026-09-19 12:05:21,79.38,NOISY,48.5,72.4,97.8,3,0
2026-09-19T12:05:22+00:00,2026-09-19 12:05:22,84.09,NOISY,47.8,65.6,88.6,3,0
2026-09-19T12:05:23+00:00,2026-09-19 12:05:23,74.69,NOISY,38.0,69.7,94.2,3,0
2026-09-19T12:05:24+00:00,2026-09-19 12:05:24,77.38,NOISY,33.9,53.2,71.8,3,0
2026-09-19T12:05:25+00:00,2026-09-19 12:05:25,86.96,NOISY,48.5,77.1,104.1,3,0
2026-09-19T12:05:26+00:00,2026-09-19 12:05:26,108.77,NOISY,56.7,62.6,84.5,4,0
2026-09-19T12:05:27+00:00,2026-09-19 12:05:27,123.78,NOISY,69.0,62.4,84.2,4,1
2026-09-19T12:05:28+00:00,2026-09-19 12:05:28,109.0,NOISY,55.1,67.2,90.7,4,0
2026-09-19T12:05:29+00:00,2026-09-19 12:05:29,87.09,NOISY,42.5,64.0,86.5,3,0
2026-09-19T12:05:30+00:00,2026-09-19 12:05:30,71.03,NOISY,38.7,71.8,96.9,3,0
2026-09-19T12:05:31+00:00,2026-09-19 12:05:31,82.55,NOISY,42.3,64.8,87.5,3,0
2026-09-19T12:05:32+00:00,2026-09-19 12:05:32,85.73,NOISY,47.2,63.5,85.8,3,0
2026-09-19T12:05:33+00:00,2026-09-19 12:05:33,94.37,NOISY,53.9,73.7,99.5,3,0
2026-09-19T12:05:34+00:00,2026-09-19 12:05:34,81.78,NOISY,46.6,65.6,88.5,3,0
2026-09-19T12:05:35+00:00,2026-09-19 12:05:35,99.81,NOISY,56.6,74.5,100.5,3,0
2026-09-19T12:05:36+00:00,2026-09-19 12:05:36,88.18,NOISY,45.9,62.5,84.3,3,0
2026-09-19T12:05:37+00:00,2026-09-19 12:05:37,71.21,NOISY,37.4,70.3,94.8,3,0
2026-09-19T12:05:38+00:00,2026-09-19 12:05:38,81.39,NOISY,42.2,77.3,104.4,3,0
2026-09-19T12:05:39+00:00,2026-09-19 12:05:39,98.6,NOISY,51.2,70.4,95.1,3,0
2026-09-19T12:05:40+00:00,2026-09-19 12:05:40,87.05,NOISY,50.0,68.4,92.4,3,0
2026-09-19T12:05:41+00:00,2026-09-19 12:05:41,101.59,NOISY,55.2,69.6,94.0,3,0
2026-09-19T12:05:42+00:00,2026-09-19 12:05:42,63.78,NOISY,36.1,67.6,91.2,2,0
2026-09-19T12:05:43+00:00,2026-09-19 12:05:43,70.35,NOISY,34.9,73.6,99.4,3,0
2026-09-19T12:05:44+00:00,2026-09-19 12:05:44,91.12,NOISY,45.4,74.8,101.0,3,0
2026-09-19T12:05:45+00:00,2026-09-19 12:05:45,118.65,NOISY,65.6,77.9,105.1,4,1
2026-09-19T12:05:46+00:00,2026-09-19 12:05:46,53.11,NOISY,34.0,74.6,100.7,2,0
2026-09-19T12:05:47+00:00,2026-09-19 12:05:47,90.26,NOISY,46.2,64.1,86.6,3,0
2026-09-19T12:05:48+00:00,2026-09-19 12:05:48,60.29,NOISY,29.5,72.5,97.9,2,0
2026-09-19T12:05:49+00:00,2026-09-19 12:05:49,98.2,NOISY,54.0,69.4,93.7,3,0
2026-09-19T12:05:50+00:00,2026-09-19 12:05:50,99.28,NOISY,55.0,70.6,95.3,3,0
2026-09-19T12:05:51+00:00,2026-09-19 12:05:51,87.42,NOISY,46.4,63.2,85.3,3,0
2026-09-19T12:05:52+00:00,2026-09-19 12:05:52,97.27,NOISY,51.0,72.4,97.8,3,0
2026-09-19T12:05:53+00:00,2026-09-19 12:05:53,84.48,NOISY,42.5,69.2,93.4,3,0
2026-09-19T12:05:54+00:00,2026-09-19 12:05:54,112.65,NOISY,61.8,59.8,80.8,4,1
2026-09-19T12:05:55+00:00,2026-09-19 12:05:55,106.2,NOISY,54.5,65.2,88.1,4,0
2026-09-19T12:05:56+00:00,2026-09-19 12:05:56,83.5,NOISY,40.7,71.5,96.6,3,0
2026-09-19T12:05:57+00:00,2026-09-19 12:05:57,96.09,NOISY,54.5,70.6,95.3,3,0
2026-09-19T12:05:58+00:00,2026-09-19 12:05:58,100.83,NOISY,58.3,71.5,96.5,3,0
2026-09-19T12:05:59+00:00,2026-09-19 12:05:59,57.33,NOISY,26.2,68.5,92.4,2,0
2026-09-19T12:06:00+00:00,2026-09-19 12:06:00,78.55,NOISY,39.0,64.9,87.6,3,0
2026-09-19T12:06:01+00:00,2026-09-19 12:06:01,45.41,NOISY,28.5,65.4,88.3,2,0
2026-09-19T12:06:02+00:00,2026-09-19 12:06:02,80.7,NOISY,45.9,62.9,84.9,3,0
2026-09-19T12:06:03+00:00,2026-09-19 12:06:03,84.85,NOISY,44.4,69.9,94.3,3,0
2026-09-19T12:06:04+00:00,2026-09-19 12:06:04,122.54,NOISY,69.2,64.3,86.8,4,1
2026-09-19T12:06:05+00:00,2026-09-19 12:06:05,70.77,NOISY,33.9,61.4,82.9,3,0
2026-09-19T12:06:06+00:00,2026-09-19 12:06:06,106.67,NOISY,56.6,63.3,85.4,4,0
2026-09-19T12:06:07+00:00,2026-09-19 12:06:07,93.56,NOISY,43.9,56.1,75.7,3,0
2026-09-19T12:06:08+00:00,2026-09-19 12:06:08,85.43,NOISY,46.8,62.3,84.1,3,0
2026-09-19T12:06:09+00:00,2026-09-19 12:06:09,99.2,NOISY,53.3,57.4,77.5,3,0
2026-09-19T12:06:10+00:00,2026-09-19 12:06:10,61.86,NOISY,32.8,55.0,74.3,2,0
2026-09-19T12:06:11+00:00,2026-09-19 12:06:11,66.6,NOISY,37.4,71.8,97.0,2,0
2026-09-19T12:06:12+00:00,2026-09-19 12:06:12,102.74,NOISY,54.8,71.9,97.1,3,0
2026-09-19T12:06:13+00:00,2026-09-19 12:06:13,72.91,NOISY,39.0,74.3,100.3,3,0
2026-09-19T12:06:14+00:00,2026-09-19 12:06:14,75.53,NOISY,41.1,68.7,92.7,3,0
2026-09-19T12:06:15+00:00,2026-09-19 12:06:15,45.94,NOISY,25.7,76.0,102.5,2,0
2026-09-19T12:06:16+00:00,2026-09-19 12:06:16,108.26,NOISY,62.9,63.7,86.0,4,0
2026-09-19T12:06:17+00:00,2026-09-19 12:06:17,48.07,NOISY,30.3,66.8,90.2,2,0
2026-09-19T12:06:18+00:00,2026-09-19 12:06:18,75.87,NOISY,38.9,68.7,92.7,3,0
2026-09-19T12:06:19+00:00,2026-09-19 12:06:19,62.55,NOISY,32.1,66.7,90.1,2,0
2026-09-19T12:06:20+00:00,2026-09-19 12:06:20,78.45,NOISY,45.2,77.6,104.7,3,0
2026-09-19T12:06:21+00:00,2026-09-19 12:06:21,95.33,NOISY,53.8,67.8,91.5,3,0
2026-09-19T12:06:22+00:00,2026-09-19 12:06:22,92.05,NOISY,48.4,60.8,82.0,3,0
2026-09-19T12:06:23+00:00,2026-09-19 12:06:23,96.09,NOISY,52.5,58.9,79.6,3,0
2026-09-19T12:06:24+00:00,2026-09-19 12:06:24,58.2,NOISY,30.3,75.4,101.8,2,0
2026-09-19T12:06:25+00:00,2026-09-19 12:06:25,57.83,NOISY,33.3,73.0,98.6,2,0
2026-09-19T12:06:26+00:00,2026-09-19 12:06:26,76.29,NOISY,40.0,73.2,98.8,3,0
2026-09-19T12:06:27+00:00,2026-09-19 12:06:27,79.73,NOISY,41.0,64.8,87.5,3,0
2026-09-19T12:06:28+00:00,2026-09-19 12:06:28,57.77,NOISY,32.4,63.6,85.8,2,0
2026-09-19T12:06:29+00:00,2026-09-19 12:06:29,60.01,NOISY,34.5,69.8,94.2,2,0
2026-09-19T12:06:30+00:00,2026-09-19 12:06:30,95.38,NOISY,49.1,61.8,83.4,3,0
2026-09-19T12:06:31+00:00,2026-09-19 12:06:31,72.51,NOISY,36.7,75.2,101.5,3,0
2026-09-19T12:06:32+00:00,2026-09-19 12:06:32,65.73,NOISY,37.4,71.8,96.9,2,0
2026-09-19T12:06:33+00:00,2026-09-19 12:06:33,101.97,NOISY,48.3,58.3,78.8,3,0
2026-09-19T12:06:34+00:00,2026-09-19 12:06:34,55.46,NOISY,25.0,76.6,103.4,2,0
2026-09-19T12:06:35+00:00,2026-09-19 12:06:35,108.73,NOISY,59.6,61.9,83.6,4,0
2026-09-19T12:06:36+00:00,2026-09-19 12:06:36,97.24,NOISY,49.7,68.0,91.8,3,0
2026-09-19T12:06:37+00:00,2026-09-19 12:06:37,92.5,NOISY,50.9,70.2,94.8,3,0
2026-09-19T12:06:38+00:00,2026-09-19 12:06:38,82.94,NOISY,44.1,73.5,99.2,3,0
2026-09-19T12:06:39+00:00,2026-09-19 12:06:39,67.67,NOISY,39.0,75.5,101.9,2,0
2026-09-19T12:06:40+00:00,2026-09-19 12:06:40,53.83,NOISY,33.1,72.7,98.1,2,0
2026-09-19T12:06:41+00:00,2026-09-19 12:06:41,79.09,NOISY,41.5,69.1,93.2,3,0
2026-09-19T12:06:42+00:00,2026-09-19 12:06:42,65.1,NOISY,30.9,67.7,91.5,2,0
2026-09-19T12:06:43+00:00,2026-09-19 12:06:43,44.52,NOISY,25.0,60.5,81.6,2,0
2026-09-19T12:06:44+00:00,2026-09-19 12:06:44,88.38,NOISY,46.0,62.4,84.2,3,0
2026-09-19T12:06:45+00:00,2026-09-19 12:06:45,62.95,NOISY,30.5,68.2,92.0,2,0
2026-09-19T12:06:46+00:00,2026-09-19 12:06:46,74.66,NOISY,42.8,73.5,99.2,3,0
2026-09-19T12:06:47+00:00,2026-09-19 12:06:47,70.98,NOISY,37.5,73.4,99.0,3,0
2026-09-19T12:06:48+00:00,2026-09-19 12:06:48,89.24,NOISY,45.2,73.2,98.8,3,0
2026-09-19T12:06:49+00:00,2026-09-19 12:06:49,80.55,NOISY,47.5,65.6,88.5,3,0
2026-09-19T12:06:50+00:00,2026-09-19 12:06:50,78.84,NOISY,42.0,75.4,101.8,3,0
2026-09-19T12:06:51+00:00,2026-09-19 12:06:51,78.42,NOISY,41.7,65.8,88.8,3,0
2026-09-19T12:06:52+00:00,2026-09-19 12:06:52,61.6,NOISY,37.9,73.1,98.7,2,0
2026-09-19T12:06:53+00:00,2026-09-19 12:06:53,32.66,NOISY,25.0,75.9,102.4,1,0
2026-09-19T12:06:54+00:00,2026-09-19 12:06:54,82.56,NOISY,45.8,68.9,93.0,3,0
2026-09-19T12:06:55+00:00,2026-09-19 12:06:55,93.73,NOISY,48.7,65.1,87.9,3,0
2026-09-19T12:06:56+00:00,2026-09-19 12:06:56,54.13,NOISY,26.3,66.6,89.9,2,0
2026-09-19T12:06:57+00:00,2026-09-19 12:06:57,91.15,NOISY,48.6,67.3,90.9,3,0
2026-09-19T12:06:58+00:00,2026-09-19 12:06:58,75.31,NOISY,43.0,62.6,84.5,3,0
2026-09-19T12:06:59+00:00,2026-09-19 12:06:59,46.34,NOISY,25.0,77.3,104.3,2,0
2026-09-19T12:07:00+00:00,2026-09-19 12:07:00,58.67,NOISY,32.8,63.1,85.1,2,0
2026-09-19T12:07:01+00:00,2026-09-19 12:07:01,66.05,NOISY,33.1,76.1,102.7,2,0
2026-09-19T12:07:02+00:00,2026-09-19 12:07:02,99.38,NOISY,57.3,72.4,97.8,3,0
2026-09-19T12:07:03+00:00,2026-09-19 12:07:03,90.5,NOISY,48.0,60.2,81.3,3,0
2026-09-19T12:07:04+00:00,2026-09-19 12:07:04,88.33,NOISY,50.8,66.8,90.2,3,0
2026-09-19T12:07:05+00:00,2026-09-19 12:07:05,67.72,NOISY,33.2,71.0,95.9,2,0
2026-09-19T12:07:06+00:00,2026-09-19 12:07:06,62.3,NOISY,35.1,65.0,87.7,2,0
2026-09-19T12:07:07+00:00,2026-09-19 12:07:07,90.7,NOISY,42.8,67.7,91.5,3,0
2026-09-19T12:07:08+00:00,2026-09-19 12:07:08,77.88,NOISY,40.3,74.2,100.2,3,0
2026-09-19T12:07:09+00:00,2026-09-19 12:07:09,95.74,NOISY,52.8,64.0,86.4,3,0
2026-09-19T12:07:10+00:00,2026-09-19 12:07:10,38.25,NOISY,25.0,68.2,92.1,2,0
2026-09-19T12:07:11+00:00,2026-09-19 12:07:11,52.5,NOISY,31.7,67.0,90.5,2,0
2026-09-19T12:07:12+00:00,2026-09-19 12:07:12,103.18,NOISY,56.2,69.3,93.6,3,0
2026-09-19T12:07:13+00:00,2026-09-19 12:07:13,67.19,NOISY,34.7,66.2,89.4,2,0
2026-09-19T12:07:14+00:00,2026-09-19 12:07:14,68.15,NOISY,39.1,69.0,93.2,2,0
2026-09-19T12:07:15+00:00,2026-09-19 12:07:15,74.78,NOISY,41.9,66.2,89.3,3,0
2026-09-19T12:07:16+00:00,2026-09-19 12:07:16,107.88,NOISY,58.0,67.0,90.4,4,0
2026-09-19T12:07:17+00:00,2026-09-19 12:07:17,98.14,NOISY,53.3,57.4,77.5,3,0
2026-09-19T12:07:18+00:00,2026-09-19 12:07:18,84.92,NOISY,43.5,63.2,85.3,3,0
2026-09-19T12:07:19+00:00,2026-09-19 12:07:19,62.89,NOISY,33.0,64.5,87.1,2,0
2026-09-19T12:07:20+00:00,2026-09-19 12:07:20,81.67,NOISY,38.6,63.2,85.3,3,0
2026-09-19T12:07:21+00:00,2026-09-19 12:07:21,106.78,NOISY,51.7,64.1,86.5,4,0
2026-09-19T12:07:22+00:00,2026-09-19 12:07:22,83.56,NOISY,40.2,68.8,92.8,3,0
2026-09-19T12:07:23+00:00,2026-09-19 12:07:23,101.76,NOISY,52.7,63.8,86.1,3,0
2026-09-19T12:07:24+00:00,2026-09-19 12:07:24,99.89,NOISY,53.2,59.9,80.9,3,0
2026-09-19T12:07:25+00:00,2026-09-19 12:07:25,87.72,NOISY,44.8,75.3,101.6,3,0
2026-09-19T12:07:26+00:00,2026-09-19 12:07:26,76.46,NOISY,38.5,62.9,84.9,3,0
2026-09-19T12:07:27+00:00,2026-09-19 12:07:27,80.14,NOISY,41.7,69.8,94.2,3,0
2026-09-19T12:07:28+00:00,2026-09-19 12:07:28,54.38,NOISY,27.5,66.3,89.5,2,0
2026-09-19T12:07:29+00:00,2026-09-19 12:07:29,59.11,NOISY,33.5,65.4,88.3,2,0
2026-09-19T12:07:30+00:00,2026-09-19 12:07:30,88.58,NOISY,44.3,64.8,87.5,3,0
2026-09-19T12:07:31+00:00,2026-09-19 12:07:31,96.78,NOISY,51.8,70.8,95.6,3,0
2026-09-19T12:07:32+00:00,2026-09-19 12:07:32,66.77,NOISY,36.4,70.9,95.7,2,0
2026-09-19T12:07:33+00:00,2026-09-19 12:07:33,86.82,NOISY,43.6,71.8,96.9,3,0
2026-09-19T12:07:34+00:00,2026-09-19 12:07:34,97.21,NOISY,53.6,69.1,93.2,3,0
2026-09-19T12:07:35+00:00,2026-09-19 12:07:35,100.17,NOISY,56.1,73.5,99.2,3,0
2026-09-19T12:07:36+00:00,2026-09-19 12:07:36,102.79,NOISY,50.4,68.8,92.9,3,0
2026-09-19T12:07:37+00:00,2026-09-19 12:07:37,79.4,NOISY,45.9,69.4,93.7,3,0
2026-09-19T12:07:38+00:00,2026-09-19 12:07:38,104.84,NOISY,57.9,56.1,75.7,3,0
2026-09-19T12:07:39+00:00,2026-09-19 12:07:39,92.44,NOISY,50.4,63.3,85.5,3,0
2026-09-19T12:07:40+00:00,2026-09-19 12:07:40,82.29,NOISY,45.4,66.7,90.0,3,0
2026-09-19T12:07:41+00:00,2026-09-19 12:07:41,67.71,NOISY,42.0,78.1,105.5,2,0
2026-09-19T12:07:42+00:00,2026-09-19 12:07:42,70.91,NOISY,36.3,77.1,104.1,3,0
2026-09-19T12:07:43+00:00,2026-09-19 12:07:43,45.42,NOISY,25.0,66.5,89.8,2,0
2026-09-19T12:07:44+00:00,2026-09-19 12:07:44,65.05,NOISY,31.6,51.8,69.9,2,0
2026-09-19T12:07:45+00:00,2026-09-19 12:07:45,74.14,NOISY,38.0,63.7,86.0,3,0
2026-09-19T12:07:46+00:00,2026-09-19 12:07:46,74.13,NOISY,35.3,61.9,83.6,3,0
2026-09-19T12:07:47+00:00,2026-09-19 12:07:47,77.66,NOISY,42.8,78.1,105.4,3,0
2026-09-19T12:07:48+00:00,2026-09-19 12:07:48,99.82,NOISY,53.3,64.5,87.1,3,0
2026-09-19T12:07:49+00:00,2026-09-19 12:07:49,73.05,NOISY,40.3,72.7,98.1,3,0
2026-09-19T12:07:50+00:00,2026-09-19 12:07:50,88.29,NOISY,49.9,70.0,94.5,3,0
2026-09-19T12:07:51+00:00,2026-09-19 12:07:51,60.11,NOISY,31.3,70.7,95.4,2,0
2026-09-19T12:07:52+00:00,2026-09-19 12:07:52,88.74,NOISY,50.0,68.2,92.1,3,0
2026-09-19T12:07:53+00:00,2026-09-19 12:07:53,80.81,NOISY,43.1,74.2,100.1,3,0
2026-09-19T12:07:54+00:00,2026-09-19 12:07:54,77.34,NOISY,43.1,54.8,74.0,3,0
2026-09-19T12:07:55+00:00,2026-09-19 12:07:55,128.74,NOISY,67.0,63.2,85.3,4,1
2026-09-19T12:07:56+00:00,2026-09-19 12:07:56,90.41,NOISY,46.8,78.6,106.1,3,0
2026-09-19T12:07:57+00:00,2026-09-19 12:07:57,63.4,NOISY,39.5,67.4,91.0,2,0
2026-09-19T12:07:58+00:00,2026-09-19 12:07:58,79.45,NOISY,43.7,64.7,87.3,3,0
2026-09-19T12:07:59+00:00,2026-09-19 12:07:59,100.48,NOISY,51.4,68.0,91.8,3,0
2026-09-19T12:08:00+00:00,2026-09-19 12:08:00,74.59,NOISY,39.8,69.4,93.6,3,0
2026-09-19T12:08:01+00:00,2026-09-19 12:08:01,42.36,NOISY,26.7,61.9,83.6,2,0
2026-09-19T12:08:02+00:00,2026-09-19 12:08:02,90.11,NOISY,45.0,67.4,91.0,3,0
2026-09-19T12:08:03+00:00,2026-09-19 12:08:03,58.5,NOISY,28.8,61.1,82.5,2,0
2026-09-19T12:08:04+00:00,2026-09-19 12:08:04,103.77,NOISY,54.6,71.9,97.1,3,0
2026-09-19T12:08:05+00:00,2026-09-19 12:08:05,92.69,NOISY,50.4,77.1,104.1,3,0
2026-09-19T12:08:06+00:00,2026-09-19 12:08:06,68.88,NOISY,38.2,71.2,96.1,2,0
2026-09-19T12:08:07+00:00,2026-09-19 12:08:07,99.15,NOISY,47.9,61.9,83.6,3,0
2026-09-19T12:08:08+00:00,2026-09-19 12:08:08,122.0,NOISY,71.8,65.4,88.3,4,1
2026-09-19T12:08:09+00:00,2026-09-19 12:08:09,78.75,NOISY,44.2,65.8,88.8,3,0
2026-09-19T12:08:10+00:00,2026-09-19 12:08:10,64.19,NOISY,34.2,66.2,89.4,2,0
2026-09-19T12:08:11+00:00,2026-09-19 12:08:11,71.97,NOISY,38.5,63.0,85.1,3,0
2026-09-19T12:08:12+00:00,2026-09-19 12:08:12,95.08,NOISY,51.2,71.1,96.0,3,0
2026-09-19T12:08:13+00:00,2026-09-19 12:08:13,43.28,NOISY,25.0,78.0,105.3,2,0
2026-09-19T12:08:14+00:00,2026-09-19 12:08:14,94.52,NOISY,51.9,70.9,95.7,3,0
2026-09-19T12:08:15+00:00,2026-09-19 12:08:15,59.17,NOISY,28.2,63.4,85.6,2,0
2026-09-19T12:08:16+00:00,2026-09-19 12:08:16,72.34,NOISY,35.7,77.5,104.6,3,0
2026-09-19T12:08:17+00:00,2026-09-19 12:08:17,54.63,NOISY,28.0,67.4,91.0,2,0
2026-09-19T12:08:18+00:00,2026-09-19 12:08:18,60.81,NOISY,29.8,68.6,92.6,2,0
2026-09-19T12:08:19+00:00,2026-09-19 12:08:19,73.21,NOISY,42.1,72.2,97.5,3,0
2026-09-19T12:08:20+00:00,2026-09-19 12:08:20,63.33,NOISY,33.1,66.2,89.4,2,0
2026-09-19T12:08:21+00:00,2026-09-19 12:08:21,85.4,NOISY,47.2,72.3,97.7,3,0
2026-09-19T12:08:22+00:00,2026-09-19 12:08:22,60.75,NOISY,33.8,63.3,85.4,2,0
2026-09-19T12:08:23+00:00,2026-09-19 12:08:23,78.65,NOISY,42.4,67.0,90.4,3,0
2026-09-19T12:08:24+00:00,2026-09-19 12:08:24,21.04,NOISY,25.0,63.8,86.2,1,0
2026-09-19T12:08:25+00:00,2026-09-19 12:08:25,68.46,NOISY,32.1,71.1,95.9,2,0
2026-09-19T12:08:26+00:00,2026-09-19 12:08:26,39.99,NOISY,26.1,76.5,103.3,2,0
2026-09-19T12:08:27+00:00,2026-09-19 12:08:27,50.34,NOISY,31.2,60.7,81.9,2,0
2026-09-19T12:08:28+00:00,2026-09-19 12:08:28,111.71,NOISY,59.5,69.7,94.1,4,1
2026-09-19T12:08:29+00:00,2026-09-19 12:08:29,96.12,NOISY,48.9,66.3,89.5,3,0
2026-09-19T12:08:30+00:00,2026-09-19 12:08:30,87.83,NOISY,42.7,63.3,85.4,3,0
2026-09-19T12:08:31+00:00,2026-09-19 12:08:31,99.8,NOISY,51.7,60.9,82.2,3,0
2026-09-19T12:08:32+00:00,2026-09-19 12:08:32,98.16,NOISY,51.7,65.3,88.2,3,0
2026-09-19T12:08:33+00:00,2026-09-19 12:08:33,49.26,NOISY,28.6,72.7,98.1,2,0
2026-09-19T12:08:34+00:00,2026-09-19 12:08:34,69.23,NOISY,33.3,68.0,91.8,2,0
2026-09-19T12:08:35+00:00,2026-09-19 12:08:35,65.36,NOISY,38.0,60.4,81.5,2,0
2026-09-19T12:08:36+00:00,2026-09-19 12:08:36,46.9,NOISY,26.0,66.2,89.3,2,0
2026-09-19T12:08:37+00:00,2026-09-19 12:08:37,97.1,NOISY,51.4,78.3,105.7,3,0
2026-09-19T12:08:38+00:00,2026-09-19 12:08:38,94.95,NOISY,45.9,70.3,94.9,3,0
2026-09-19T12:08:39+00:00,2026-09-19 12:08:39,75.64,NOISY,35.7,63.6,85.9,3,0
2026-09-19T12:08:40+00:00,2026-09-19 12:08:40,119.24,NOISY,67.8,59.3,80.0,4,1
2026-09-19T12:08:41+00:00,2026-09-19 12:08:41,95.89,NOISY,48.3,69.5,93.8,3,0
2026-09-19T12:08:42+00:00,2026-09-19 12:08:42,81.72,NOISY,40.4,64.9,87.6,3,0
2026-09-19T12:08:43+00:00,2026-09-19 12:08:43,79.96,NOISY,49.1,57.2,77.2,3,0
2026-09-19T12:08:44+00:00,2026-09-19 12:08:44,75.93,NOISY,42.0,69.0,93.2,3,0
2026-09-19T12:08:45+00:00,2026-09-19 12:08:45,56.17,NOISY,34.2,62.9,84.9,2,0
2026-09-19T12:08:46+00:00,2026-09-19 12:08:46,66.95,NOISY,33.5,63.4,85.6,2,0
2026-09-19T12:08:47+00:00,2026-09-19 12:08:47,81.01,NOISY,42.4,67.9,91.7,3,0
2026-09-19T12:08:48+00:00,2026-09-19 12:08:48,73.76,NOISY,34.6,66.6,89.9,3,0
2026-09-19T12:08:49+00:00,2026-09-19 12:08:49,73.59,NOISY,36.7,65.1,87.9,3,0
2026-09-19T12:08:50+00:00,2026-09-19 12:08:50,98.39,NOISY,50.1,70.0,94.5,3,0
2026-09-19T12:08:51+00:00,2026-09-19 12:08:51,85.34,NOISY,46.4,71.9,97.1,3,0
2026-09-19T12:08:52+00:00,2026-09-19 12:08:52,75.24,NOISY,39.2,70.2,94.8,3,0
2026-09-19T12:08:53+00:00,2026-09-19 12:08:53,108.02,NOISY,63.2,68.3,92.2,4,0
2026-09-19T12:08:54+00:00,2026-09-19 12:08:54,90.64,NOISY,47.0,71.6,96.7,3,0
2026-09-19T12:08:55+00:00,2026-09-19 12:08:55,95.88,NOISY,57.0,70.9,95.7,3,0
2026-09-19T12:08:56+00:00,2026-09-19 12:08:56,43.46,NOISY,25.0,63.9,86.3,2,0
2026-09-19T12:08:57+00:00,2026-09-19 12:08:57,82.36,NOISY,37.7,55.3,74.6,3,0
2026-09-19T12:08:58+00:00,2026-09-19 12:08:58,64.48,NOISY,36.0,73.4,99.0,2,0
2026-09-19T12:08:59+00:00,2026-09-19 12:08:59,113.51,NOISY,56.0,66.3,89.5,4,1
2026-09-19T12:09:00+00:00,2026-09-19 12:09:00,74.01,NOISY,42.5,73.1,98.7,3,0
2026-09-19T12:09:01+00:00,2026-09-19 12:09:01,48.94,NOISY,27.1,62.2,83.9,2,0
2026-09-19T12:09:02+00:00,2026-09-19 12:09:02,10.0,NOISY,25.0,71.8,96.9,1,0
2026-09-19T12:09:03+00:00,2026-09-19 12:09:03,71.53,NOISY,38.5,66.9,90.3,3,0
2026-09-19T12:09:04+00:00,2026-09-19 12:09:04,49.96,NOISY,27.7,73.5,99.3,2,0
2026-09-19T12:09:05+00:00,2026-09-19 12:09:05,80.81,NOISY,43.5,62.6,84.5,3,0
2026-09-19T12:09:06+00:00,2026-09-19 12:09:06,84.66,NOISY,36.8,72.0,97.3,3,0
2026-09-19T12:09:07+00:00,2026-09-19 12:09:07,119.81,NOISY,64.0,72.1,97.3,4,1
2026-09-19T12:09:08+00:00,2026-09-19 12:09:08,54.94,NOISY,27.2,62.1,83.8,2,0
2026-09-19T12:09:09+00:00,2026-09-19 12:09:09,74.67,NOISY,42.5,63.9,86.3,3,0
2026-09-19T12:09:10+00:00,2026-09-19 12:09:10,84.54,NOISY,43.8,71.8,97.0,3,0
2026-09-19T12:09:11+00:00,2026-09-19 12:09:11,63.03,NOISY,34.8,60.1,81.2,2,0
2026-09-19T12:09:12+00:00,2026-09-19 12:09:12,91.69,NOISY,51.2,60.3,81.4,3,0
2026-09-19T12:09:13+00:00,2026-09-19 12:09:13,110.71,NOISY,61.6,54.7,73.9,4,1
2026-09-19T12:09:14+00:00,2026-09-19 12:09:14,95.87,NOISY,46.6,66.3,89.4,3,0
2026-09-19T12:09:15+00:00,2026-09-19 12:09:15,31.57,NOISY,25.0,79.6,107.5,1,0
2026-09-19T12:09:16+00:00,2026-09-19 12:09:16,73.14,NOISY,43.9,64.4,86.9,3,0
2026-09-19T12:09:17+00:00,2026-09-19 12:09:17,87.68,NOISY,46.5,56.1,75.7,3,0
2026-09-19T12:09:18+00:00,2026-09-19 12:09:18,81.1,NOISY,43.7,75.2,101.6,3,0
2026-09-19T12:09:19+00:00,2026-09-19 12:09:19,85.56,NOISY,43.8,66.3,89.5,3,0
2026-09-19T12:09:20+00:00,2026-09-19 12:09:20,78.67,NOISY,38.9,76.7,103.6,3,0
2026-09-19T12:09:21+00:00,2026-09-19 12:09:21,80.87,NOISY,42.5,71.7,96.8,3,0
2026-09-19T12:09:22+00:00,2026-09-19 12:09:22,76.33,NOISY,45.3,68.7,92.8,3,0
2026-09-19T12:09:23+00:00,2026-09-19 12:09:23,57.79,NOISY,32.5,70.7,95.5,2,0
2026-09-19T12:09:24+00:00,2026-09-19 12:09:24,58.75,NOISY,28.9,65.6,88.5,2,0
2026-09-19T12:09:25+00:00,2026-09-19 12:09:25,75.93,NOISY,36.1,84.4,113.9,3,0
2026-09-19T12:09:26+00:00,2026-09-19 12:09:26,56.97,NOISY,33.8,73.2,98.9,2,0
2026-09-19T12:09:27+00:00,2026-09-19 12:09:27,71.57,NOISY,40.4,64.3,86.8,3,0
2026-09-19T12:09:28+00:00,2026-09-19 12:09:28,33.37,NOISY,25.0,63.8,86.1,1,0
2026-09-19T12:09:29+00:00,2026-09-19 12:09:29,52.79,NOISY,32.4,65.2,88.0,2,0
2026-09-19T12:09:30+00:00,2026-09-19 12:09:30,69.85,NOISY,38.6,69.4,93.7,2,0
2026-09-19T12:09:31+00:00,2026-09-19 12:09:31,65.92,NOISY,38.4,66.7,90.1,2,0
2026-09-19T12:09:32+00:00,2026-09-19 12:09:32,55.74,NOISY,33.6,71.1,96.0,2,0
2026-09-19T12:09:33+00:00,2026-09-19 12:09:33,54.13,NOISY,28.6,72.2,97.4,2,0
2026-09-19T12:09:34+00:00,2026-09-19 12:09:34,51.56,NOISY,25.0,67.2,90.7,2,0
2026-09-19T12:09:35+00:00,2026-09-19 12:09:35,55.88,NOISY,29.6,68.8,92.8,2,0
2026-09-19T12:09:36+00:00,2026-09-19 12:09:36,75.21,NOISY,43.4,69.4,93.7,3,0
2026-09-19T12:09:37+00:00,2026-09-19 12:09:37,99.92,NOISY,53.7,64.5,87.0,3,0
2026-09-19T12:09:38+00:00,2026-09-19 12:09:38,93.02,NOISY,47.1,52.6,71.1,3,0
2026-09-19T12:09:39+00:00,2026-09-19 12:09:39,101.73,NOISY,50.7,72.2,97.5,3,0
2026-09-19T12:09:40+00:00,2026-09-19 12:09:40,43.21,NOISY,25.0,68.1,91.9,2,0
2026-09-19T12:09:41+00:00,2026-09-19 12:09:41,90.54,NOISY,44.6,66.1,89.2,3,0
2026-09-19T12:09:42+00:00,2026-09-19 12:09:42,53.61,NOISY,32.2,69.6,93.9,2,0
2026-09-19T12:09:43+00:00,2026-09-19 12:09:43,56.01,NOISY,29.9,72.3,97.6,2,0
2026-09-19T12:09:44+00:00,2026-09-19 12:09:44,111.23,NOISY,58.8,65.9,89.0,4,1
2026-09-19T12:09:45+00:00,2026-09-19 12:09:45,49.74,NOISY,25.0,69.2,93.4,2,0
2026-09-19T12:09:46+00:00,2026-09-19 12:09:46,87.79,NOISY,47.2,61.0,82.4,3,0
2026-09-19T12:09:47+00:00,2026-09-19 12:09:47,65.05,NOISY,34.1,67.8,91.5,2,0
2026-09-19T12:09:48+00:00,2026-09-19 12:09:48,68.09,NOISY,34.3,64.8,87.5,2,0
2026-09-19T12:09:49+00:00,2026-09-19 12:09:49,77.78,NOISY,42.5,62.7,84.6,3,0
2026-09-19T12:09:50+00:00,2026-09-19 12:09:50,53.26,NOISY,31.2,72.3,97.5,2,0
2026-09-19T12:09:51+00:00,2026-09-19 12:09:51,94.1,NOISY,45.9,67.8,91.5,3,0
2026-09-19T12:09:52+00:00,2026-09-19 12:09:52,64.34,NOISY,29.1,66.4,89.7,2,0
2026-09-19T12:09:53+00:00,2026-09-19 12:09:53,59.68,NOISY,27.9,56.7,76.6,2,0
2026-09-19T12:09:54+00:00,2026-09-19 12:09:54,76.02,NOISY,38.4,66.5,89.8,3,0
2026-09-19T12:09:55+00:00,2026-09-19 12:09:55,27.09,NOISY,25.0,69.2,93.4,1,0
2026-09-19T12:09:56+00:00,2026-09-19 12:09:56,84.63,NOISY,48.7,73.1,98.7,3,0
2026-09-19T12:09:57+00:00,2026-09-19 12:09:57,85.81,NOISY,51.9,70.2,94.8,3,0
2026-09-19T12:09:58+00:00,2026-09-19 12:09:58,93.95,NOISY,48.2,68.5,92.5,3,0
2026-09-19T12:09:59+00:00,2026-09-19 12:09:59,82.24,NOISY,43.2,73.7,99.5,3,0
2026-09-19T12:00:00+00:00,2026-09-19 12:00:00,48.83,STABLE,47.7,40.9,55.2,2,0
2026-09-19T12:00:01+00:00,2026-09-19 12:00:01,52.69,STABLE,44.4,44.2,59.7,2,0
2026-09-19T12:00:02+00:00,2026-09-19 12:00:02,52.08,STABLE,44.5,41.0,55.4,2,0
2026-09-19T12:00:03+00:00,2026-09-19 12:00:03,49.49,STABLE,47.6,41.8,56.4,2,0
2026-09-19T12:00:04+00:00,2026-09-19 12:00:04,49.58,STABLE,43.7,43.3,58.4,2,0
2026-09-19T12:00:05+00:00,2026-09-19 12:00:05,55.35,STABLE,46.6,41.6,56.1,2,0
2026-09-19T12:00:06+00:00,2026-09-19 12:00:06,48.75,STABLE,44.3,40.3,54.4,2,0
2026-09-19T12:00:07+00:00,2026-09-19 12:00:07,47.8,STABLE,44.4,41.6,56.1,2,0
2026-09-19T12:00:08+00:00,2026-09-19 12:00:08,50.29,STABLE,44.6,43.9,59.2,2,0
2026-09-19T12:00:09+00:00,2026-09-19 12:00:09,51.9,STABLE,45.7,43.0,58.0,2,0
2026-09-19T12:00:10+00:00,2026-09-19 12:00:10,50.43,STABLE,42.9,41.4,55.9,2,0
2026-09-19T12:00:11+00:00,2026-09-19 12:00:11,49.66,STABLE,44.8,42.7,57.6,2,0
2026-09-19T12:00:12+00:00,2026-09-19 12:00:12,46.83,STABLE,44.8,43.7,59.0,2,0
2026-09-19T12:00:13+00:00,2026-09-19 12:00:13,49.88,STABLE,43.8,41.3,55.8,2,0
2026-09-19T12:00:14+00:00,2026-09-19 12:00:14,50.38,STABLE,45.1,42.4,57.2,2,0
2026-09-19T12:00:15+00:00,2026-09-19 12:00:15,50.34,STABLE,42.0,42.0,56.8,2,0
2026-09-19T12:00:16+00:00,2026-09-19 12:00:16,47.83,STABLE,44.5,41.9,56.5,2,0
2026-09-19T12:00:17+00:00,2026-09-19 12:00:17,50.38,STABLE,43.4,42.2,57.0,2,0
2026-09-19T12:00:18+00:00,2026-09-19 12:00:18,46.85,STABLE,47.1,41.4,56.0,2,0
2026-09-19T12:00:19+00:00,2026-09-19 12:00:19,48.4,STABLE,45.8,43.7,59.0,2,0
2026-09-19T12:00:20+00:00,2026-09-19 12:00:20,54.77,STABLE,42.5,43.5,58.7,2,0
2026-09-19T12:00:21+00:00,2026-09-19 12:00:21,48.94,STABLE,44.2,43.0,58.1,2,0
2026-09-19T12:00:22+00:00,2026-09-19 12:00:22,50.25,STABLE,41.8,40.0,53.9,2,0
2026-09-19T12:00:23+00:00,2026-09-19 12:00:23,51.7,STABLE,45.3,41.6,56.2,2,0
2026-09-19T12:00:24+00:00,2026-09-19 12:00:24,51.02,STABLE,46.1,42.5,57.4,2,0
2026-09-19T12:00:25+00:00,2026-09-19 12:00:25,54.71,STABLE,48.5,38.9,52.5,2,0
2026-09-19T12:00:26+00:00,2026-09-19 12:00:26,54.71,STABLE,45.0,40.7,54.9,2,0
2026-09-19T12:00:27+00:00,2026-09-19 12:00:27,48.43,STABLE,46.7,44.6,60.3,2,0
2026-09-19T12:00:28+00:00,2026-09-19 12:00:28,51.12,STABLE,47.3,40.8,55.0,2,0
2026-09-19T12:00:29+00:00,2026-09-19 12:00:29,48.57,STABLE,46.2,43.0,58.1,2,0
2026-09-19T12:00:30+00:00,2026-09-19 12:00:30,51.67,STABLE,47.2,40.8,55.1,2,0
2026-09-19T12:00:31+00:00,2026-09-19 12:00:31,51.42,STABLE,45.9,44.1,59.5,2,0
2026-09-19T12:00:32+00:00,2026-09-19 12:00:32,52.39,STABLE,46.1,44.2,59.7,2,0
2026-09-19T12:00:33+00:00,2026-09-19 12:00:33,47.54,STABLE,45.2,43.8,59.1,2,0
2026-09-19T12:00:34+00:00,2026-09-19 12:00:34,48.48,STABLE,42.3,41.6,56.2,2,0
2026-09-19T12:00:35+00:00,2026-09-19 12:00:35,53.94,STABLE,44.7,44.1,59.6,2,0
2026-09-19T12:00:36+00:00,2026-09-19 12:00:36,46.71,STABLE,46.5,45.0,60.7,2,0
2026-09-19T12:00:37+00:00,2026-09-19 12:00:37,47.9,STABLE,47.3,43.8,59.1,2,0
2026-09-19T12:00:38+00:00,2026-09-19 12:00:38,54.8,STABLE,44.3,41.5,56.0,2,0
2026-09-19T12:00:39+00:00,2026-09-19 12:00:39,48.78,STABLE,47.1,40.7,54.9,2,0
2026-09-19T12:00:40+00:00,2026-09-19 12:00:40,50.88,STABLE,45.6,41.3,55.7,2,0
2026-09-19T12:00:41+00:00,2026-09-19 12:00:41,52.32,STABLE,45.5,41.4,55.9,2,0
2026-09-19T12:00:42+00:00,2026-09-19 12:00:42,50.86,STABLE,44.7,41.7,56.3,2,0
2026-09-19T12:00:43+00:00,2026-09-19 12:00:43,49.45,STABLE,47.5,41.1,55.5,2,0
2026-09-19T12:00:44+00:00,2026-09-19 12:00:44,48.77,STABLE,45.7,40.8,55.1,2,0
2026-09-19T12:00:45+00:00,2026-09-19 12:00:45,51.27,STABLE,44.5,43.2,58.3,2,0
2026-09-19T12:00:46+00:00,2026-09-19 12:00:46,46.96,STABLE,44.5,40.5,54.7,2,0
2026-09-19T12:00:47+00:00,2026-09-19 12:00:47,49.64,STABLE,45.7,42.8,57.8,2,0
2026-09-19T12:00:48+00:00,2026-09-19 12:00:48,50.27,STABLE,45.9,41.3,55.8,2,0
2026-09-19T12:00:49+00:00,2026-09-19 12:00:49,49.21,STABLE,46.3,39.9,53.8,2,0
2026-09-19T12:00:50+00:00,2026-09-19 12:00:50,49.25,STABLE,42.8,43.2,58.4,2,0
2026-09-19T12:00:51+00:00,2026-09-19 12:00:51,50.2,STABLE,44.7,39.9,53.9,2,0
2026-09-19T12:00:52+00:00,2026-09-19 12:00:52,49.5,STABLE,43.6,38.5,52.0,2,0
2026-09-19T12:00:53+00:00,2026-09-19 12:00:53,50.97,STABLE,47.7,41.0,55.4,2,0
2026-09-19T12:00:54+00:00,2026-09-19 12:00:54,47.49,STABLE,48.2,42.4,57.3,2,0
2026-09-19T12:00:55+00:00,2026-09-19 12:00:55,48.07,STABLE,44.7,42.3,57.1,2,0
2026-09-19T12:00:56+00:00,2026-09-19 12:00:56,48.76,STABLE,45.0,42.3,57.1,2,0
2026-09-19T12:00:57+00:00,2026-09-19 12:00:57,53.48,STABLE,43.0,40.4,54.6,2,0
2026-09-19T12:00:58+00:00,2026-09-19 12:00:58,47.36,STABLE,44.4,40.8,55.1,2,0
2026-09-19T12:00:59+00:00,2026-09-19 12:00:59,48.3,STABLE,44.5,43.9,59.3,2,0
2026-09-19T12:01:00+00:00,2026-09-19 12:01:00,48.99,STABLE,44.7,41.8,56.4,2,0
2026-09-19T12:01:01+00:00,2026-09-19 12:01:01,47.66,STABLE,45.1,44.7,60.4,2,0
2026-09-19T12:01:02+00:00,2026-09-19 12:01:02,53.47,STABLE,47.3,41.6,56.1,2,0
2026-09-19T12:01:03+00:00,2026-09-19 12:01:03,50.04,STABLE,48.2,38.6,52.2,2,0
2026-09-19T12:01:04+00:00,2026-09-19 12:01:04,53.41,STABLE,45.5,44.8,60.5,2,0
2026-09-19T12:01:05+00:00,2026-09-19 12:01:05,51.29,STABLE,46.6,42.3,57.1,2,0
2026-09-19T12:01:06+00:00,2026-09-19 12:01:06,45.95,STABLE,45.8,43.5,58.8,2,0
2026-09-19T12:01:07+00:00,2026-09-19 12:01:07,48.55,STABLE,46.6,42.7,57.6,2,0
2026-09-19T12:01:08+00:00,2026-09-19 12:01:08,50.18,STABLE,46.7,40.9,55.2,2,0
2026-09-19T12:01:09+00:00,2026-09-19 12:01:09,48.67,STABLE,45.0,43.2,58.3,2,0
2026-09-19T12:01:10+00:00,2026-09-19 12:01:10,49.0,STABLE,44.2,42.6,57.6,2,0
2026-09-19T12:01:11+00:00,2026-09-19 12:01:11,50.87,STABLE,43.1,43.4,58.6,2,0
2026-09-19T12:01:12+00:00,2026-09-19 12:01:12,51.41,STABLE,45.8,40.6,54.8,2,0
2026-09-19T12:01:13+00:00,2026-09-19 12:01:13,46.15,STABLE,43.3,43.1,58.1,2,0
2026-09-19T12:01:14+00:00,2026-09-19 12:01:14,50.63,STABLE,45.2,43.1,58.1,2,0
2026-09-19T12:01:15+00:00,2026-09-19 12:01:15,48.64,STABLE,44.5,42.1,56.9,2,0
2026-09-19T12:01:16+00:00,2026-09-19 12:01:16,51.99,STABLE,46.8,44.4,60.0,2,0
2026-09-19T12:01:17+00:00,2026-09-19 12:01:17,50.91,STABLE,43.3,41.7,56.3,2,0
2026-09-19T12:01:18+00:00,2026-09-19 12:01:18,50.3,STABLE,42.8,40.4,54.5,2,0
2026-09-19T12:01:19+00:00,2026-09-19 12:01:19,51.91,STABLE,45.7,42.3,57.1,2,0
2026-09-19T12:01:20+00:00,2026-09-19 12:01:20,49.39,STABLE,48.8,42.6,57.5,2,0
2026-09-19T12:01:21+00:00,2026-09-19 12:01:21,50.57,STABLE,41.0,42.3,57.1,2,0
2026-09-19T12:01:22+00:00,2026-09-19 12:01:22,49.58,STABLE,45.0,40.8,55.1,2,0
2026-09-19T12:01:23+00:00,2026-09-19 12:01:23,48.5,STABLE,46.5,41.1,55.5,2,0
2026-09-19T12:01:24+00:00,2026-09-19 12:01:24,47.87,STABLE,44.6,41.6,56.2,2,0
2026-09-19T12:01:25+00:00,2026-09-19 12:01:25,46.28,STABLE,46.2,41.7,56.3,2,0
2026-09-19T12:01:26+00:00,2026-09-19 12:01:26,50.35,STABLE,44.2,40.9,55.2,2,0
2026-09-19T12:01:27+00:00,2026-09-19 12:01:27,46.82,STABLE,43.5,42.5,57.4,2,0
2026-09-19T12:01:28+00:00,2026-09-19 12:01:28,48.54,STABLE,43.3,43.5,58.7,2,0
2026-09-19T12:01:29+00:00,2026-09-19 12:01:29,50.57,STABLE,43.2,40.7,54.9,2,0
2026-09-19T12:01:30+00:00,2026-09-19 12:01:30,49.21,STABLE,44.1,44.0,59.3,2,0
2026-09-19T12:01:31+00:00,2026-09-19 12:01:31,52.5,STABLE,46.2,38.9,52.5,2,0
2026-09-19T12:01:32+00:00,2026-09-19 12:01:32,46.33,STABLE,46.2,40.9,55.3,2,0
2026-09-19T12:01:33+00:00,2026-09-19 12:01:33,53.01,STABLE,47.0,42.8,57.8,2,0
2026-09-19T12:01:34+00:00,2026-09-19 12:01:34,55.15,STABLE,46.4,42.7,57.7,2,0
2026-09-19T12:01:35+00:00,2026-09-19 12:01:35,47.66,STABLE,42.9,40.8,55.1,2,0
2026-09-19T12:01:36+00:00,2026-09-19 12:01:36,52.59,STABLE,42.5,40.6,54.8,2,0
2026-09-19T12:01:37+00:00,2026-09-19 12:01:37,51.22,STABLE,46.6,42.8,57.7,2,0
2026-09-19T12:01:38+00:00,2026-09-19 12:01:38,46.45,STABLE,46.8,41.2,55.7,2,0
2026-09-19T12:01:39+00:00,2026-09-19 12:01:39,48.56,STABLE,45.3,44.3,59.8,2,0
2026-09-19T12:01:40+00:00,2026-09-19 12:01:40,51.05,STABLE,42.7,40.7,55.0,2,0
2026-09-19T12:01:41+00:00,2026-09-19 12:01:41,45.27,STABLE,45.4,39.3,53.1,2,0
2026-09-19T12:01:42+00:00,2026-09-19 12:01:42,50.07,STABLE,45.1,44.3,59.7,2,0
2026-09-19T12:01:43+00:00,2026-09-19 12:01:43,50.45,STABLE,43.4,42.3,57.1,2,0
2026-09-19T12:01:44+00:00,2026-09-19 12:01:44,49.99,STABLE,44.7,43.8,59.1,2,0
2026-09-19T12:01:45+00:00,2026-09-19 12:01:45,51.35,STABLE,46.6,43.2,58.3,2,0
2026-09-19T12:01:46+00:00,2026-09-19 12:01:46,51.41,STABLE,44.2,43.0,58.1,2,0
2026-09-19T12:01:47+00:00,2026-09-19 12:01:47,50.62,STABLE,45.7,41.6,56.1,2,0
2026-09-19T12:01:48+00:00,2026-09-19 12:01:48,45.33,STABLE,45.0,41.6,56.1,2,0
2026-09-19T12:01:49+00:00,2026-09-19 12:01:49,55.72,STABLE,45.5,41.8,56.4,2,0
2026-09-19T12:01:50+00:00,2026-09-19 12:01:50,52.57,STABLE,46.3,41.2,55.6,2,0
2026-09-19T12:01:51+00:00,2026-09-19 12:01:51,53.03,STABLE,45.9,40.6,54.8,2,0
2026-09-19T12:01:52+00:00,2026-09-19 12:01:52,48.28,STABLE,46.0,41.6,56.1,2,0
2026-09-19T12:01:53+00:00,2026-09-19 12:01:53,50.88,STABLE,46.9,39.5,53.4,2,0
2026-09-19T12:01:54+00:00,2026-09-19 12:01:54,53.08,STABLE,44.4,41.5,56.0,2,0
2026-09-19T12:01:55+00:00,2026-09-19 12:01:55,52.18,STABLE,44.9,40.4,54.5,2,0
2026-09-19T12:01:56+00:00,2026-09-19 12:01:56,51.15,STABLE,45.0,42.3,57.1,2,0
2026-09-19T12:01:57+00:00,2026-09-19 12:01:57,49.8,STABLE,46.1,43.8,59.2,2,0
2026-09-19T12:01:58+00:00,2026-09-19 12:01:58,50.43,STABLE,46.4,43.7,59.1,2,0
2026-09-19T12:01:59+00:00,2026-09-19 12:01:59,49.64,STABLE,48.9,42.1,56.9,2,0
2026-09-19T12:02:00+00:00,2026-09-19 12:02:00,51.11,STABLE,45.7,42.2,57.0,2,0
2026-09-19T12:02:01+00:00,2026-09-19 12:02:01,52.12,STABLE,42.2,41.1,55.5,2,0
2026-09-19T12:02:02+00:00,2026-09-19 12:02:02,47.52,STABLE,43.4,41.7,56.3,2,0
2026-09-19T12:02:03+00:00,2026-09-19 12:02:03,50.15,STABLE,45.9,42.6,57.6,2,0
2026-09-19T12:02:04+00:00,2026-09-19 12:02:04,49.04,STABLE,45.2,43.6,58.9,2,0
2026-09-19T12:02:05+00:00,2026-09-19 12:02:05,50.49,STABLE,45.7,42.1,56.8,2,0
2026-09-19T12:02:06+00:00,2026-09-19 12:02:06,49.62,STABLE,46.0,42.3,57.1,2,0
2026-09-19T12:02:07+00:00,2026-09-19 12:02:07,50.42,STABLE,45.7,42.4,57.2,2,0
2026-09-19T12:02:08+00:00,2026-09-19 12:02:08,50.94,STABLE,44.7,42.1,56.8,2,0
2026-09-19T12:02:09+00:00,2026-09-19 12:02:09,51.13,STABLE,45.6,44.7,60.4,2,0
2026-09-19T12:02:10+00:00,2026-09-19 12:02:10,50.89,STABLE,44.7,44.8,60.4,2,0
2026-09-19T12:02:11+00:00,2026-09-19 12:02:11,52.99,STABLE,46.2,40.8,55.1,2,0
2026-09-19T12:02:12+00:00,2026-09-19 12:02:12,52.59,STABLE,45.0,41.3,55.7,2,0
2026-09-19T12:02:13+00:00,2026-09-19 12:02:13,52.83,STABLE,43.7,43.5,58.8,2,0
2026-09-19T12:02:14+00:00,2026-09-19 12:02:14,51.5,STABLE,43.9,40.0,54.0,2,0
2026-09-19T12:02:15+00:00,2026-09-19 12:02:15,49.04,STABLE,42.8,42.2,57.0,2,0
2026-09-19T12:02:16+00:00,2026-09-19 12:02:16,46.96,STABLE,43.9,39.4,53.1,2,0
2026-09-19T12:02:17+00:00,2026-09-19 12:02:17,49.88,STABLE,45.3,40.4,54.5,2,0
2026-09-19T12:02:18+00:00,2026-09-19 12:02:18,50.97,STABLE,45.9,41.5,56.1,2,0
2026-09-19T12:02:19+00:00,2026-09-19 12:02:19,50.26,STABLE,44.8,43.2,58.3,2,0
2026-09-19T12:02:20+00:00,2026-09-19 12:02:20,51.37,STABLE,42.8,43.8,59.1,2,0
2026-09-19T12:02:21+00:00,2026-09-19 12:02:21,49.9,STABLE,44.2,45.2,61.0,2,0
2026-09-19T12:02:22+00:00,2026-09-19 12:02:22,54.37,STABLE,44.1,46.7,63.1,2,0
2026-09-19T12:02:23+00:00,2026-09-19 12:02:23,47.89,STABLE,45.8,42.0,56.7,2,0
2026-09-19T12:02:24+00:00,2026-09-19 12:02:24,54.29,STABLE,43.9,41.1,55.5,2,0
2026-09-19T12:02:25+00:00,2026-09-19 12:02:25,52.38,STABLE,46.0,39.6,53.4,2,0
2026-09-19T12:02:26+00:00,2026-09-19 12:02:26,47.72,STABLE,44.9,41.3,55.8,2,0
2026-09-19T12:02:27+00:00,2026-09-19 12:02:27,52.25,STABLE,45.8,42.6,57.4,2,0
2026-09-19T12:02:28+00:00,2026-09-19 12:02:28,47.84,STABLE,45.4,40.8,55.0,2,0
2026-09-19T12:02:29+00:00,2026-09-19 12:02:29,49.48,STABLE,42.1,41.5,56.0,2,0
2026-09-19T12:02:30+00:00,2026-09-19 12:02:30,48.96,STABLE,42.6,38.2,51.5,2,0
2026-09-19T12:02:31+00:00,2026-09-19 12:02:31,51.19,STABLE,46.3,43.1,58.2,2,0
2026-09-19T12:02:32+00:00,2026-09-19 12:02:32,48.32,STABLE,45.7,41.2,55.7,2,0
2026-09-19T12:02:33+00:00,2026-09-19 12:02:33,53.78,STABLE,46.6,40.9,55.2,2,0
2026-09-19T12:02:34+00:00,2026-09-19 12:02:34,51.48,STABLE,43.4,40.8,55.0,2,0
2026-09-19T12:02:35+00:00,2026-09-19 12:02:35,50.09,STABLE,42.3,39.2,53.0,2,0
2026-09-19T12:02:36+00:00,2026-09-19 12:02:36,50.53,STABLE,44.8,41.4,55.8,2,0
2026-09-19T12:02:37+00:00,2026-09-19 12:02:37,48.17,STABLE,45.2,40.0,53.9,2,0
2026-09-19T12:02:38+00:00,2026-09-19 12:02:38,50.76,STABLE,45.1,40.7,54.9,2,0
2026-09-19T12:02:39+00:00,2026-09-19 12:02:39,53.57,STABLE,45.3,42.8,57.8,2,0
2026-09-19T12:02:40+00:00,2026-09-19 12:02:40,52.99,STABLE,44.8,42.5,57.4,2,0
2026-09-19T12:02:41+00:00,2026-09-19 12:02:41,49.63,STABLE,44.4,43.8,59.2,2,0
2026-09-19T12:02:42+00:00,2026-09-19 12:02:42,48.17,STABLE,43.4,41.7,56.3,2,0
2026-09-19T12:02:43+00:00,2026-09-19 12:02:43,49.44,STABLE,45.1,42.6,57.4,2,0
2026-09-19T12:02:44+00:00,2026-09-19 12:02:44,51.37,STABLE,46.0,42.7,57.6,2,0
2026-09-19T12:02:45+00:00,2026-09-19 12:02:45,52.95,STABLE,42.4,44.5,60.1,2,0
2026-09-19T12:02:46+00:00,2026-09-19 12:02:46,51.05,STABLE,45.0,39.0,52.7,2,0
2026-09-19T12:02:47+00:00,2026-09-19 12:02:47,48.93,STABLE,45.7,40.2,54.3,2,0
2026-09-19T12:02:48+00:00,2026-09-19 12:02:48,52.66,STABLE,45.2,43.5,58.8,2,0
2026-09-19T12:02:49+00:00,2026-09-19 12:02:49,49.09,STABLE,47.2,41.2,55.6,2,0
2026-09-19T12:02:50+00:00,2026-09-19 12:02:50,51.88,STABLE,44.0,40.5,54.7,2,0
2026-09-19T12:02:51+00:00,2026-09-19 12:02:51,50.89,STABLE,42.7,41.7,56.3,2,0
2026-09-19T12:02:52+00:00,2026-09-19 12:02:52,51.71,STABLE,44.4,44.2,59.7,2,0
2026-09-19T12:02:53+00:00,2026-09-19 12:02:53,47.71,STABLE,46.2,41.0,55.4,2,0
2026-09-19T12:02:54+00:00,2026-09-19 12:02:54,48.57,STABLE,42.6,43.8,59.2,2,0
2026-09-19T12:02:55+00:00,2026-09-19 12:02:55,48.42,STABLE,44.6,42.3,57.2,2,0
2026-09-19T12:02:56+00:00,2026-09-19 12:02:56,49.93,STABLE,44.3,43.0,58.0,2,0
2026-09-19T12:02:57+00:00,2026-09-19 12:02:57,49.92,STABLE,43.0,38.9,52.5,2,0
2026-09-19T12:02:58+00:00,2026-09-19 12:02:58,51.86,STABLE,41.9,41.0,55.4,2,0
2026-09-19T12:02:59+00:00,2026-09-19 12:02:59,48.77,STABLE,44.6,40.0,54.0,2,0
2026-09-19T12:03:00+00:00,2026-09-19 12:03:00,49.75,STABLE,44.4,40.7,54.9,2,0
2026-09-19T12:03:01+00:00,2026-09-19 12:03:01,49.49,STABLE,46.7,45.4,61.3,2,0
2026-09-19T12:03:02+00:00,2026-09-19 12:03:02,47.61,STABLE,42.1,43.7,59.0,2,0
2026-09-19T12:03:03+00:00,2026-09-19 12:03:03,49.4,STABLE,47.1,39.7,53.6,2,0
2026-09-19T12:03:04+00:00,2026-09-19 12:03:04,48.72,STABLE,45.4,41.4,55.9,2,0
2026-09-19T12:03:05+00:00,2026-09-19 12:03:05,52.19,STABLE,42.0,39.2,52.9,2,0
2026-09-19T12:03:06+00:00,2026-09-19 12:03:06,51.31,STABLE,43.9,41.7,56.3,2,0
2026-09-19T12:03:07+00:00,2026-09-19 12:03:07,49.54,STABLE,44.9,41.5,56.0,2,0
2026-09-19T12:03:08+00:00,2026-09-19 12:03:08,52.02,STABLE,43.7,42.6,57.5,2,0
2026-09-19T12:03:09+00:00,2026-09-19 12:03:09,49.37,STABLE,45.0,42.5,57.3,2,0
2026-09-19T12:03:10+00:00,2026-09-19 12:03:10,47.97,STABLE,44.1,41.6,56.1,2,0
2026-09-19T12:03:11+00:00,2026-09-19 12:03:11,47.54,STABLE,46.9,42.6,57.5,2,0
2026-09-19T12:03:12+00:00,2026-09-19 12:03:12,46.5,STABLE,46.5,39.1,52.8,2,0
2026-09-19T12:03:13+00:00,2026-09-19 12:03:13,48.72,STABLE,43.8,44.3,59.8,2,0
2026-09-19T12:03:14+00:00,2026-09-19 12:03:14,51.49,STABLE,43.0,37.8,51.0,2,0
2026-09-19T12:03:15+00:00,2026-09-19 12:03:15,48.84,STABLE,46.7,43.3,58.4,2,0
2026-09-19T12:03:16+00:00,2026-09-19 12:03:16,49.28,STABLE,44.1,43.7,59.0,2,0
2026-09-19T12:03:17+00:00,2026-09-19 12:03:17,47.17,STABLE,46.5,42.6,57.6,2,0
2026-09-19T12:03:18+00:00,2026-09-19 12:03:18,50.19,STABLE,44.7,40.8,55.1,2,0
2026-09-19T12:03:19+00:00,2026-09-19 12:03:19,49.96,STABLE,44.3,44.1,59.6,2,0
2026-09-19T12:03:20+00:00,2026-09-19 12:03:20,49.67,STABLE,42.8,42.3,57.1,2,0
2026-09-19T12:03:21+00:00,2026-09-19 12:03:21,48.31,STABLE,42.6,41.8,56.5,2,0
2026-09-19T12:03:22+00:00,2026-09-19 12:03:22,50.93,STABLE,46.5,43.5,58.8,2,0
2026-09-19T12:03:23+00:00,2026-09-19 12:03:23,49.23,STABLE,45.5,42.8,57.7,2,0
2026-09-19T12:03:24+00:00,2026-09-19 12:03:24,50.14,STABLE,45.8,42.3,57.1,2,0
2026-09-19T12:03:25+00:00,2026-09-19 12:03:25,50.45,STABLE,44.7,43.0,58.1,2,0
2026-09-19T12:03:26+00:00,2026-09-19 12:03:26,52.69,STABLE,42.7,41.8,56.4,2,0
2026-09-19T12:03:27+00:00,2026-09-19 12:03:27,47.58,STABLE,44.2,40.9,55.3,2,0
2026-09-19T12:03:28+00:00,2026-09-19 12:03:28,50.26,STABLE,44.3,45.0,60.7,2,0
2026-09-19T12:03:29+00:00,2026-09-19 12:03:29,50.68,STABLE,44.6,40.5,54.7,2,0
2026-09-19T12:03:30+00:00,2026-09-19 12:03:30,46.98,STABLE,47.7,44.8,60.5,2,0
2026-09-19T12:03:31+00:00,2026-09-19 12:03:31,49.14,STABLE,45.8,43.6,58.9,2,0
2026-09-19T12:03:32+00:00,2026-09-19 12:03:32,46.16,STABLE,45.2,44.7,60.3,2,0
2026-09-19T12:03:33+00:00,2026-09-19 12:03:33,50.51,STABLE,45.8,43.1,58.2,2,0
2026-09-19T12:03:34+00:00,2026-09-19 12:03:34,49.67,STABLE,44.1,39.4,53.2,2,0
2026-09-19T12:03:35+00:00,2026-09-19 12:03:35,51.25,STABLE,45.4,41.7,56.2,2,0
2026-09-19T12:03:36+00:00,2026-09-19 12:03:36,50.98,STABLE,47.3,43.3,58.5,2,0
2026-09-19T12:03:37+00:00,2026-09-19 12:03:37,51.1,STABLE,43.6,40.3,54.3,2,0
2026-09-19T12:03:38+00:00,2026-09-19 12:03:38,48.72,STABLE,45.3,41.7,56.3,2,0
2026-09-19T12:03:39+00:00,2026-09-19 12:03:39,49.92,STABLE,44.1,40.4,54.6,2,0
2026-09-19T12:03:40+00:00,2026-09-19 12:03:40,51.86,STABLE,45.8,41.2,55.7,2,0
2026-09-19T12:03:41+00:00,2026-09-19 12:03:41,47.74,STABLE,45.4,42.8,57.8,2,0
2026-09-19T12:03:42+00:00,2026-09-19 12:03:42,51.52,STABLE,46.6,42.7,57.6,2,0
2026-09-19T12:03:43+00:00,2026-09-19 12:03:43,53.72,STABLE,45.9,36.6,49.4,2,0
2026-09-19T12:03:44+00:00,2026-09-19 12:03:44,49.53,STABLE,44.9,39.6,53.5,2,0
2026-09-19T12:03:45+00:00,2026-09-19 12:03:45,51.96,STABLE,46.3,42.9,58.0,2,0
2026-09-19T12:03:46+00:00,2026-09-19 12:03:46,46.29,STABLE,44.2,39.8,53.7,2,0
2026-09-19T12:03:47+00:00,2026-09-19 12:03:47,47.65,STABLE,43.9,42.3,57.0,2,0
2026-09-19T12:03:48+00:00,2026-09-19 12:03:48,45.51,STABLE,45.9,43.0,58.1,2,0
2026-09-19T12:03:49+00:00,2026-09-19 12:03:49,50.54,STABLE,44.1,39.7,53.6,2,0
2026-09-19T12:03:50+00:00,2026-09-19 12:03:50,50.05,STABLE,44.5,44.6,60.2,2,0
2026-09-19T12:03:51+00:00,2026-09-19 12:03:51,51.82,STABLE,43.8,41.4,55.9,2,0
2026-09-19T12:03:52+00:00,2026-09-19 12:03:52,48.94,STABLE,45.9,41.6,56.2,2,0
2026-09-19T12:03:53+00:00,2026-09-19 12:03:53,50.83,STABLE,45.2,39.5,53.3,2,0
2026-09-19T12:03:54+00:00,2026-09-19 12:03:54,48.77,STABLE,46.1,42.1,56.8,2,0
2026-09-19T12:03:55+00:00,2026-09-19 12:03:55,51.61,STABLE,44.7,40.5,54.7,2,0
2026-09-19T12:03:56+00:00,2026-09-19 12:03:56,47.93,STABLE,46.9,41.8,56.4,2,0
2026-09-19T12:03:57+00:00,2026-09-19 12:03:57,49.81,STABLE,46.1,37.8,51.0,2,0
2026-09-19T12:03:58+00:00,2026-09-19 12:03:58,49.81,STABLE,43.1,41.2,55.6,2,0
2026-09-19T12:03:59+00:00,2026-09-19 12:03:59,48.95,STABLE,45.5,44.2,59.7,2,0
2026-09-19T12:04:00+00:00,2026-09-19 12:04:00,49.98,STABLE,44.4,41.3,55.8,2,0
2026-09-19T12:04:01+00:00,2026-09-19 12:04:01,49.29,STABLE,43.4,43.1,58.2,2,0
2026-09-19T12:04:02+00:00,2026-09-19 12:04:02,49.51,STABLE,46.3,39.4,53.2,2,0
2026-09-19T12:04:03+00:00,2026-09-19 12:04:03,53.1,STABLE,43.6,43.6,58.9,2,0
2026-09-19T12:04:04+00:00,2026-09-19 12:04:04,50.69,STABLE,44.6,43.4,58.7,2,0
2026-09-19T12:04:05+00:00,2026-09-19 12:04:05,50.66,STABLE,44.7,43.0,58.1,2,0
2026-09-19T12:04:06+00:00,2026-09-19 12:04:06,49.57,STABLE,44.1,41.3,55.8,2,0
2026-09-19T12:04:07+00:00,2026-09-19 12:04:07,49.42,STABLE,44.7,42.2,57.0,2,0
2026-09-19T12:04:08+00:00,2026-09-19 12:04:08,52.74,STABLE,44.5,43.4,58.6,2,0
2026-09-19T12:04:09+00:00,2026-09-19 12:04:09,47.96,STABLE,43.5,40.8,55.1,2,0
2026-09-19T12:04:10+00:00,2026-09-19 12:04:10,48.24,STABLE,44.7,41.4,55.9,2,0
2026-09-19T12:04:11+00:00,2026-09-19 12:04:11,50.15,STABLE,45.1,39.8,53.7,2,0
2026-09-19T12:04:12+00:00,2026-09-19 12:04:12,52.4,STABLE,48.4,42.6,57.5,2,0
2026-09-19T12:04:13+00:00,2026-09-19 12:04:13,46.95,STABLE,45.7,41.5,56.1,2,0
2026-09-19T12:04:14+00:00,2026-09-19 12:04:14,51.33,STABLE,42.5,40.5,54.7,2,0
2026-09-19T12:04:15+00:00,2026-09-19 12:04:15,47.05,STABLE,43.4,40.4,54.5,2,0
2026-09-19T12:04:16+00:00,2026-09-19 12:04:16,48.89,STABLE,46.1,40.6,54.8,2,0
2026-09-19T12:04:17+00:00,2026-09-19 12:04:17,52.49,STABLE,45.3,41.9,56.6,2,0
2026-09-19T12:04:18+00:00,2026-09-19 12:04:18,51.38,STABLE,45.4,40.8,55.0,2,0
2026-09-19T12:04:19+00:00,2026-09-19 12:04:19,48.61,STABLE,44.7,42.7,57.6,2,0
2026-09-19T12:04:20+00:00,2026-09-19 12:04:20,52.53,STABLE,45.8,44.9,60.5,2,0
2026-09-19T12:04:21+00:00,2026-09-19 12:04:21,49.0,STABLE,44.2,42.8,57.7,2,0
2026-09-19T12:04:22+00:00,2026-09-19 12:04:22,47.97,STABLE,46.3,43.0,58.0,2,0
2026-09-19T12:04:23+00:00,2026-09-19 12:04:23,54.18,STABLE,46.7,41.8,56.4,2,0
2026-09-19T12:04:24+00:00,2026-09-19 12:04:24,52.84,STABLE,45.2,42.7,57.7,2,0
2026-09-19T12:04:25+00:00,2026-09-19 12:04:25,47.18,STABLE,47.4,37.8,51.0,2,0
2026-09-19T12:04:26+00:00,2026-09-19 12:04:26,53.82,STABLE,47.7,43.2,58.3,2,0
2026-09-19T12:04:27+00:00,2026-09-19 12:04:27,50.88,STABLE,45.5,41.5,56.0,2,0
2026-09-19T12:04:28+00:00,2026-09-19 12:04:28,54.29,STABLE,46.3,40.0,54.0,2,0
2026-09-19T12:04:29+00:00,2026-09-19 12:04:29,49.16,STABLE,43.2,42.9,57.9,2,0
2026-09-19T12:04:30+00:00,2026-09-19 12:04:30,45.06,STABLE,46.3,43.4,58.6,2,0
2026-09-19T12:04:31+00:00,2026-09-19 12:04:31,50.14,STABLE,44.1,42.6,57.5,2,0
2026-09-19T12:04:32+00:00,2026-09-19 12:04:32,55.16,STABLE,43.7,42.8,57.8,2,0
2026-09-19T12:04:33+00:00,2026-09-19 12:04:33,48.21,STABLE,44.3,42.2,57.0,2,0
2026-09-19T12:04:34+00:00,2026-09-19 12:04:34,51.28,STABLE,44.1,41.5,56.1,2,0
2026-09-19T12:04:35+00:00,2026-09-19 12:04:35,49.32,STABLE,43.9,40.6,54.8,2,0
2026-09-19T12:04:36+00:00,2026-09-19 12:04:36,50.65,STABLE,47.2,41.5,56.0,2,0
2026-09-19T12:04:37+00:00,2026-09-19 12:04:37,51.32,STABLE,42.5,42.7,57.6,2,0
2026-09-19T12:04:38+00:00,2026-09-19 12:04:38,50.46,STABLE,40.7,42.3,57.1,2,0
2026-09-19T12:04:39+00:00,2026-09-19 12:04:39,49.31,STABLE,45.9,42.1,56.9,2,0
2026-09-19T12:04:40+00:00,2026-09-19 12:04:40,47.74,STABLE,47.7,41.4,55.9,2,0
2026-09-19T12:04:41+00:00,2026-09-19 12:04:41,50.13,STABLE,45.2,43.6,58.8,2,0
2026-09-19T12:04:42+00:00,2026-09-19 12:04:42,51.53,STABLE,45.3,41.5,56.1,2,0
2026-09-19T12:04:43+00:00,2026-09-19 12:04:43,49.35,STABLE,45.8,46.4,62.6,2,0
2026-09-19T12:04:44+00:00,2026-09-19 12:04:44,48.94,STABLE,43.0,41.8,56.4,2,0
2026-09-19T12:04:45+00:00,2026-09-19 12:04:45,46.79,STABLE,45.5,42.8,57.8,2,0
2026-09-19T12:04:46+00:00,2026-09-19 12:04:46,54.47,STABLE,44.5,43.6,58.8,2,0
2026-09-19T12:04:47+00:00,2026-09-19 12:04:47,49.38,STABLE,47.4,41.2,55.6,2,0
2026-09-19T12:04:48+00:00,2026-09-19 12:04:48,50.93,STABLE,44.3,43.7,59.0,2,0
2026-09-19T12:04:49+00:00,2026-09-19 12:04:49,48.9,STABLE,46.6,40.6,54.8,2,0
2026-09-19T12:04:50+00:00,2026-09-19 12:04:50,50.26,STABLE,45.8,42.8,57.7,2,0
2026-09-19T12:04:51+00:00,2026-09-19 12:04:51,51.21,STABLE,46.2,44.4,60.0,2,0
2026-09-19T12:04:52+00:00,2026-09-19 12:04:52,51.81,STABLE,46.3,41.4,55.9,2,0
2026-09-19T12:04:53+00:00,2026-09-19 12:04:53,52.88,STABLE,45.3,40.5,54.7,2,0
2026-09-19T12:04:54+00:00,2026-09-19 12:04:54,48.58,STABLE,45.9,40.9,55.2,2,0
2026-09-19T12:04:55+00:00,2026-09-19 12:04:55,53.96,STABLE,44.1,43.3,58.4,2,0
2026-09-19T12:04:56+00:00,2026-09-19 12:04:56,52.02,STABLE,45.6,38.7,52.2,2,0
2026-09-19T12:04:57+00:00,2026-09-19 12:04:57,48.44,STABLE,42.9,39.6,53.5,2,0
2026-09-19T12:04:58+00:00,2026-09-19 12:04:58,50.07,STABLE,46.7,39.9,53.8,2,0
2026-09-19T12:04:59+00:00,2026-09-19 12:04:59,49.94,STABLE,45.4,42.1,56.8,2,0
2026-09-19T12:05:00+00:00,2026-09-19 12:05:00,48.45,STABLE,44.2,42.1,56.8,2,0
2026-09-19T12:05:01+00:00,2026-09-19 12:05:01,51.25,STABLE,44.1,44.3,59.7,2,0
2026-09-19T12:05:02+00:00,2026-09-19 12:05:02,45.67,STABLE,43.0,41.5,56.0,2,0
2026-09-19T12:05:03+00:00,2026-09-19 12:05:03,50.48,STABLE,45.0,43.9,59.2,2,0
2026-09-19T12:05:04+00:00,2026-09-19 12:05:04,52.93,STABLE,40.2,42.6,57.6,2,0
2026-09-19T12:05:05+00:00,2026-09-19 12:05:05,50.9,STABLE,45.5,42.0,56.7,2,0
2026-09-19T12:05:06+00:00,2026-09-19 12:05:06,48.07,STABLE,44.2,43.7,59.0,2,0
2026-09-19T12:05:07+00:00,2026-09-19 12:05:07,48.37,STABLE,44.0,43.2,58.3,2,0
2026-09-19T12:05:08+00:00,2026-09-19 12:05:08,48.14,STABLE,42.8,40.4,54.5,2,0
2026-09-19T12:05:09+00:00,2026-09-19 12:05:09,51.38,STABLE,44.4,43.5,58.8,2,0
2026-09-19T12:05:10+00:00,2026-09-19 12:05:10,51.37,STABLE,44.2,42.2,56.9,2,0
2026-09-19T12:05:11+00:00,2026-09-19 12:05:11,52.23,STABLE,45.3,42.7,57.7,2,0
2026-09-19T12:05:12+00:00,2026-09-19 12:05:12,47.63,STABLE,44.9,38.7,52.2,2,0
2026-09-19T12:05:13+00:00,2026-09-19 12:05:13,51.8,STABLE,45.2,43.9,59.3,2,0
2026-09-19T12:05:14+00:00,2026-09-19 12:05:14,53.69,STABLE,43.0,41.0,55.4,2,0
2026-09-19T12:05:15+00:00,2026-09-19 12:05:15,49.63,STABLE,43.0,42.5,57.4,2,0
2026-09-19T12:05:16+00:00,2026-09-19 12:05:16,52.29,STABLE,42.8,41.6,56.1,2,0
2026-09-19T12:05:17+00:00,2026-09-19 12:05:17,50.93,STABLE,41.9,39.2,52.9,2,0
2026-09-19T12:05:18+00:00,2026-09-19 12:05:18,49.34,STABLE,48.3,40.6,54.8,2,0
2026-09-19T12:05:19+00:00,2026-09-19 12:05:19,49.86,STABLE,43.3,44.6,60.2,2,0
2026-09-19T12:05:20+00:00,2026-09-19 12:05:20,50.34,STABLE,43.7,42.8,57.8,2,0
2026-09-19T12:05:21+00:00,2026-09-19 12:05:21,51.33,STABLE,43.5,40.6,54.8,2,0
2026-09-19T12:05:22+00:00,2026-09-19 12:05:22,49.96,STABLE,46.5,42.2,56.9,2,0
2026-09-19T12:05:23+00:00,2026-09-19 12:05:23,49.19,STABLE,43.0,43.1,58.2,2,0
2026-09-19T12:05:24+00:00,2026-09-19 12:05:24,48.63,STABLE,47.3,39.6,53.5,2,0
2026-09-19T12:05:25+00:00,2026-09-19 12:05:25,51.97,STABLE,45.7,40.8,55.0,2,0
2026-09-19T12:05:26+00:00,2026-09-19 12:05:26,49.59,STABLE,43.7,40.0,54.0,2,0
2026-09-19T12:05:27+00:00,2026-09-19 12:05:27,51.92,STABLE,46.0,41.9,56.6,2,0
2026-09-19T12:05:28+00:00,2026-09-19 12:05:28,51.17,STABLE,45.1,40.6,54.8,2,0
2026-09-19T12:05:29+00:00,2026-09-19 12:05:29,48.5,STABLE,43.4,45.0,60.8,2,0
2026-09-19T12:05:30+00:00,2026-09-19 12:05:30,50.87,STABLE,46.6,41.3,55.8,2,0
2026-09-19T12:05:31+00:00,2026-09-19 12:05:31,48.25,STABLE,46.3,40.7,54.9,2,0
2026-09-19T12:05:32+00:00,2026-09-19 12:05:32,48.76,STABLE,45.0,43.1,58.2,2,0
2026-09-19T12:05:33+00:00,2026-09-19 12:05:33,48.9,STABLE,45.2,41.4,55.9,2,0
2026-09-19T12:05:34+00:00,2026-09-19 12:05:34,48.39,STABLE,43.4,42.4,57.2,2,0
2026-09-19T12:05:35+00:00,2026-09-19 12:05:35,48.73,STABLE,47.8,42.5,57.4,2,0
2026-09-19T12:05:36+00:00,2026-09-19 12:05:36,46.72,STABLE,45.0,42.1,56.8,2,0
2026-09-19T12:05:37+00:00,2026-09-19 12:05:37,49.44,STABLE,43.5,41.7,56.3,2,0
2026-09-19T12:05:38+00:00,2026-09-19 12:05:38,50.33,STABLE,45.3,42.0,56.7,2,0
2026-09-19T12:05:39+00:00,2026-09-19 12:05:39,55.48,STABLE,44.9,43.1,58.1,2,0
2026-09-19T12:05:40+00:00,2026-09-19 12:05:40,48.31,STABLE,45.4,42.4,57.2,2,0
2026-09-19T12:05:41+00:00,2026-09-19 12:05:41,52.74,STABLE,47.7,39.9,53.8,2,0
2026-09-19T12:05:42+00:00,2026-09-19 12:05:42,53.34,STABLE,43.3,44.4,60.0,2,0
2026-09-19T12:05:43+00:00,2026-09-19 12:05:43,50.48,STABLE,42.5,43.3,58.4,2,0
2026-09-19T12:05:44+00:00,2026-09-19 12:05:44,48.31,STABLE,47.4,41.3,55.8,2,0
2026-09-19T12:05:45+00:00,2026-09-19 12:05:45,46.85,STABLE,45.0,39.3,53.1,2,0
2026-09-19T12:05:46+00:00,2026-09-19 12:05:46,48.19,STABLE,46.8,42.7,57.6,2,0
2026-09-19T12:05:47+00:00,2026-09-19 12:05:47,50.35,STABLE,45.2,41.2,55.6,2,0
2026-09-19T12:05:48+00:00,2026-09-19 12:05:48,45.59,STABLE,43.3,42.8,57.8,2,0
2026-09-19T12:05:49+00:00,2026-09-19 12:05:49,51.66,STABLE,42.6,43.9,59.3,2,0
2026-09-19T12:05:50+00:00,2026-09-19 12:05:50,50.8,STABLE,47.1,42.9,58.0,2,0
2026-09-19T12:05:51+00:00,2026-09-19 12:05:51,50.8,STABLE,45.9,40.6,54.8,2,0
2026-09-19T12:05:52+00:00,2026-09-19 12:05:52,46.28,STABLE,45.1,43.3,58.4,2,0
2026-09-19T12:05:53+00:00,2026-09-19 12:05:53,45.19,STABLE,46.8,42.4,57.2,2,0
2026-09-19T12:05:54+00:00,2026-09-19 12:05:54,49.77,STABLE,46.2,43.5,58.8,2,0
2026-09-19T12:05:55+00:00,2026-09-19 12:05:55,48.84,STABLE,43.7,43.7,59.1,2,0
2026-09-19T12:05:56+00:00,2026-09-19 12:05:56,47.59,STABLE,41.3,44.3,59.8,2,0
2026-09-19T12:05:57+00:00,2026-09-19 12:05:57,46.47,STABLE,45.2,41.1,55.5,2,0
2026-09-19T12:05:58+00:00,2026-09-19 12:05:58,51.81,STABLE,45.3,42.8,57.8,2,0
2026-09-19T12:05:59+00:00,2026-09-19 12:05:59,54.26,STABLE,45.5,40.2,54.3,2,0
2026-09-19T12:06:00+00:00,2026-09-19 12:06:00,51.06,STABLE,46.2,41.9,56.6,2,0
2026-09-19T12:06:01+00:00,2026-09-19 12:06:01,50.44,STABLE,44.8,41.6,56.1,2,0
2026-09-19T12:06:02+00:00,2026-09-19 12:06:02,50.17,STABLE,45.0,40.6,54.8,2,0
2026-09-19T12:06:03+00:00,2026-09-19 12:06:03,51.2,STABLE,40.9,41.8,56.4,2,0
2026-09-19T12:06:04+00:00,2026-09-19 12:06:04,51.69,STABLE,44.2,43.6,58.8,2,0
2026-09-19T12:06:05+00:00,2026-09-19 12:06:05,49.22,STABLE,46.1,41.5,56.0,2,0
2026-09-19T12:06:06+00:00,2026-09-19 12:06:06,53.51,STABLE,46.9,44.5,60.1,2,0
2026-09-19T12:06:07+00:00,2026-09-19 12:06:07,48.53,STABLE,44.3,41.2,55.6,2,0
2026-09-19T12:06:08+00:00,2026-09-19 12:06:08,50.96,STABLE,45.7,43.9,59.3,2,0
2026-09-19T12:06:09+00:00,2026-09-19 12:06:09,47.03,STABLE,42.5,42.5,57.3,2,0
2026-09-19T12:06:10+00:00,2026-09-19 12:06:10,48.59,STABLE,44.2,41.0,55.3,2,0
2026-09-19T12:06:11+00:00,2026-09-19 12:06:11,49.89,STABLE,46.3,42.7,57.7,2,0
2026-09-19T12:06:12+00:00,2026-09-19 12:06:12,51.4,STABLE,45.0,41.6,56.2,2,0
2026-09-19T12:06:13+00:00,2026-09-19 12:06:13,47.68,STABLE,46.2,43.0,58.0,2,0
2026-09-19T12:06:14+00:00,2026-09-19 12:06:14,50.13,STABLE,42.4,42.4,57.2,2,0
2026-09-19T12:06:15+00:00,2026-09-19 12:06:15,50.58,STABLE,42.4,42.5,57.4,2,0
2026-09-19T12:06:16+00:00,2026-09-19 12:06:16,51.15,STABLE,46.0,42.6,57.5,2,0
2026-09-19T12:06:17+00:00,2026-09-19 12:06:17,52.8,STABLE,43.3,43.4,58.6,2,0
2026-09-19T12:06:18+00:00,2026-09-19 12:06:18,53.35,STABLE,47.1,41.1,55.5,2,0
2026-09-19T12:06:19+00:00,2026-09-19 12:06:19,51.52,STABLE,45.2,40.1,54.1,2,0
2026-09-19T12:06:20+00:00,2026-09-19 12:06:20,49.73,STABLE,43.8,41.2,55.7,2,0
2026-09-19T12:06:21+00:00,2026-09-19 12:06:21,48.0,STABLE,46.6,43.7,58.9,2,0
2026-09-19T12:06:22+00:00,2026-09-19 12:06:22,50.5,STABLE,44.8,40.8,55.1,2,0
2026-09-19T12:06:23+00:00,2026-09-19 12:06:23,47.96,STABLE,41.6,40.5,54.7,2,0
2026-09-19T12:06:24+00:00,2026-09-19 12:06:24,51.09,STABLE,44.1,44.0,59.4,2,0
2026-09-19T12:06:25+00:00,2026-09-19 12:06:25,53.5,STABLE,46.0,39.9,53.9,2,0
2026-09-19T12:06:26+00:00,2026-09-19 12:06:26,48.62,STABLE,44.4,43.7,59.0,2,0
2026-09-19T12:06:27+00:00,2026-09-19 12:06:27,49.97,STABLE,43.3,42.1,56.9,2,0
2026-09-19T12:06:28+00:00,2026-09-19 12:06:28,51.06,STABLE,44.2,40.9,55.3,2,0
2026-09-19T12:06:29+00:00,2026-09-19 12:06:29,48.12,STABLE,46.2,40.0,54.0,2,0
2026-09-19T12:06:30+00:00,2026-09-19 12:06:30,46.86,STABLE,47.7,39.9,53.9,2,0
2026-09-19T12:06:31+00:00,2026-09-19 12:06:31,45.73,STABLE,47.4,42.2,57.0,2,0
2026-09-19T12:06:32+00:00,2026-09-19 12:06:32,48.72,STABLE,44.3,38.9,52.5,2,0
2026-09-19T12:06:33+00:00,2026-09-19 12:06:33,51.77,STABLE,43.9,42.0,56.7,2,0
2026-09-19T12:06:34+00:00,2026-09-19 12:06:34,50.59,STABLE,42.3,41.5,56.0,2,0
2026-09-19T12:06:35+00:00,2026-09-19 12:06:35,53.48,STABLE,45.6,42.6,57.6,2,0
2026-09-19T12:06:36+00:00,2026-09-19 12:06:36,52.85,STABLE,46.3,41.7,56.3,2,0
2026-09-19T12:06:37+00:00,2026-09-19 12:06:37,52.16,STABLE,45.5,43.4,58.5,2,0
2026-09-19T12:06:38+00:00,2026-09-19 12:06:38,49.06,STABLE,45.1,42.2,56.9,2,0
2026-09-19T12:06:39+00:00,2026-09-19 12:06:39,52.72,STABLE,45.3,40.5,54.6,2,0
2026-09-19T12:06:40+00:00,2026-09-19 12:06:40,48.39,STABLE,45.2,43.8,59.1,2,0
2026-09-19T12:06:41+00:00,2026-09-19 12:06:41,46.05,STABLE,44.1,41.0,55.3,2,0
2026-09-19T12:06:42+00:00,2026-09-19 12:06:42,48.07,STABLE,46.4,40.8,55.0,2,0
2026-09-19T12:06:43+00:00,2026-09-19 12:06:43,48.42,STABLE,44.3,42.3,57.1,2,0
2026-09-19T12:06:44+00:00,2026-09-19 12:06:44,48.11,STABLE,45.2,41.3,55.8,2,0
2026-09-19T12:06:45+00:00,2026-09-19 12:06:45,51.65,STABLE,46.5,40.9,55.2,2,0
2026-09-19T12:06:46+00:00,2026-09-19 12:06:46,46.4,STABLE,44.4,45.2,61.0,2,0
2026-09-19T12:06:47+00:00,2026-09-19 12:06:47,47.37,STABLE,43.6,41.8,56.4,2,0
2026-09-19T12:06:48+00:00,2026-09-19 12:06:48,50.59,STABLE,43.7,42.6,57.4,2,0
2026-09-19T12:06:49+00:00,2026-09-19 12:06:49,49.29,STABLE,43.6,39.1,52.7,2,0
2026-09-19T12:06:50+00:00,2026-09-19 12:06:50,49.1,STABLE,41.0,45.2,61.0,2,0
2026-09-19T12:06:51+00:00,2026-09-19 12:06:51,51.78,STABLE,43.4,45.1,60.9,2,0
2026-09-19T12:06:52+00:00,2026-09-19 12:06:52,51.81,STABLE,43.0,41.4,55.9,2,0
2026-09-19T12:06:53+00:00,2026-09-19 12:06:53,50.69,STABLE,42.7,42.5,57.4,2,0
2026-09-19T12:06:54+00:00,2026-09-19 12:06:54,54.9,STABLE,45.8,42.8,57.8,2,0
2026-09-19T12:06:55+00:00,2026-09-19 12:06:55,47.8,STABLE,44.6,43.6,58.8,2,0
2026-09-19T12:06:56+00:00,2026-09-19 12:06:56,49.35,STABLE,45.6,39.3,53.1,2,0
2026-09-19T12:06:57+00:00,2026-09-19 12:06:57,52.68,STABLE,47.4,40.1,54.2,2,0
2026-09-19T12:06:58+00:00,2026-09-19 12:06:58,49.37,STABLE,42.5,40.9,55.3,2,0
2026-09-19T12:06:59+00:00,2026-09-19 12:06:59,50.22,STABLE,43.2,43.1,58.2,2,0
2026-09-19T12:07:00+00:00,2026-09-19 12:07:00,51.3,STABLE,47.4,41.0,55.3,2,0
2026-09-19T12:07:01+00:00,2026-09-19 12:07:01,51.12,STABLE,44.9,42.2,56.9,2,0
2026-09-19T12:07:02+00:00,2026-09-19 12:07:02,49.52,STABLE,44.7,42.1,56.8,2,0
2026-09-19T12:07:03+00:00,2026-09-19 12:07:03,49.35,STABLE,46.3,41.4,55.9,2,0
2026-09-19T12:07:04+00:00,2026-09-19 12:07:04,53.72,STABLE,45.0,44.3,59.9,2,0
2026-09-19T12:07:05+00:00,2026-09-19 12:07:05,49.98,STABLE,48.1,41.2,55.6,2,0
2026-09-19T12:07:06+00:00,2026-09-19 12:07:06,48.46,STABLE,44.3,40.2,54.2,2,0
2026-09-19T12:07:07+00:00,2026-09-19 12:07:07,51.13,STABLE,46.6,39.1,52.8,2,0
2026-09-19T12:07:08+00:00,2026-09-19 12:07:08,49.14,STABLE,45.0,40.7,54.9,2,0
2026-09-19T12:07:09+00:00,2026-09-19 12:07:09,49.44,STABLE,44.5,42.3,57.2,2,0
2026-09-19T12:07:10+00:00,2026-09-19 12:07:10,51.49,STABLE,43.9,40.9,55.2,2,0
2026-09-19T12:07:11+00:00,2026-09-19 12:07:11,49.11,STABLE,45.3,43.4,58.5,2,0
2026-09-19T12:07:12+00:00,2026-09-19 12:07:12,48.96,STABLE,45.1,45.1,60.8,2,0
2026-09-19T12:07:13+00:00,2026-09-19 12:07:13,48.79,STABLE,46.7,42.4,57.2,2,0
2026-09-19T12:07:14+00:00,2026-09-19 12:07:14,47.87,STABLE,44.3,43.2,58.4,2,0
2026-09-19T12:07:15+00:00,2026-09-19 12:07:15,49.36,STABLE,41.1,43.7,59.0,2,0
2026-09-19T12:07:16+00:00,2026-09-19 12:07:16,53.14,STABLE,47.1,41.5,56.0,2,0
2026-09-19T12:07:17+00:00,2026-09-19 12:07:17,47.64,STABLE,45.9,39.3,53.1,2,0
2026-09-19T12:07:18+00:00,2026-09-19 12:07:18,48.46,STABLE,47.2,43.9,59.2,2,0
2026-09-19T12:07:19+00:00,2026-09-19 12:07:19,51.92,STABLE,46.5,40.4,54.5,2,0
2026-09-19T12:07:20+00:00,2026-09-19 12:07:20,48.06,STABLE,46.6,41.0,55.3,2,0
2026-09-19T12:07:21+00:00,2026-09-19 12:07:21,48.21,STABLE,44.1,39.3,53.1,2,0
2026-09-19T12:07:22+00:00,2026-09-19 12:07:22,49.54,STABLE,42.1,42.3,57.1,2,0
2026-09-19T12:07:23+00:00,2026-09-19 12:07:23,50.85,STABLE,45.9,39.8,53.7,2,0
2026-09-19T12:07:24+00:00,2026-09-19 12:07:24,51.15,STABLE,44.9,41.5,56.0,2,0
2026-09-19T12:07:25+00:00,2026-09-19 12:07:25,52.31,STABLE,43.8,42.8,57.8,2,0
2026-09-19T12:07:26+00:00,2026-09-19 12:07:26,52.55,STABLE,47.3,44.6,60.3,2,0
2026-09-19T12:07:27+00:00,2026-09-19 12:07:27,50.1,STABLE,43.6,40.0,54.0,2,0
2026-09-19T12:07:28+00:00,2026-09-19 12:07:28,48.85,STABLE,44.7,43.0,58.0,2,0
2026-09-19T12:07:29+00:00,2026-09-19 12:07:29,50.05,STABLE,46.7,41.8,56.4,2,0
2026-09-19T12:07:30+00:00,2026-09-19 12:07:30,46.69,STABLE,43.3,40.3,54.4,2,0
2026-09-19T12:07:31+00:00,2026-09-19 12:07:31,50.81,STABLE,44.0,43.0,58.0,2,0
2026-09-19T12:07:32+00:00,2026-09-19 12:07:32,47.85,STABLE,43.5,41.3,55.8,2,0
2026-09-19T12:07:33+00:00,2026-09-19 12:07:33,54.94,STABLE,42.3,40.6,54.8,2,0
2026-09-19T12:07:34+00:00,2026-09-19 12:07:34,45.93,STABLE,45.0,41.1,55.4,2,0
2026-09-19T12:07:35+00:00,2026-09-19 12:07:35,50.8,STABLE,43.0,41.7,56.3,2,0
2026-09-19T12:07:36+00:00,2026-09-19 12:07:36,52.65,STABLE,47.5,42.0,56.7,2,0
2026-09-19T12:07:37+00:00,2026-09-19 12:07:37,50.89,STABLE,45.6,39.7,53.5,2,0
2026-09-19T12:07:38+00:00,2026-09-19 12:07:38,50.81,STABLE,44.6,42.5,57.3,2,0
2026-09-19T12:07:39+00:00,2026-09-19 12:07:39,53.58,STABLE,46.3,41.2,55.6,2,0
2026-09-19T12:07:40+00:00,2026-09-19 12:07:40,53.52,STABLE,45.1,42.9,57.9,2,0
2026-09-19T12:07:41+00:00,2026-09-19 12:07:41,50.15,STABLE,44.9,41.1,55.5,2,0
2026-09-19T12:07:42+00:00,2026-09-19 12:07:42,49.42,STABLE,45.6,41.1,55.5,2,0
2026-09-19T12:07:43+00:00,2026-09-19 12:07:43,45.42,STABLE,47.5,41.7,56.3,2,0
2026-09-19T12:07:44+00:00,2026-09-19 12:07:44,50.36,STABLE,45.4,41.2,55.7,2,0
2026-09-19T12:07:45+00:00,2026-09-19 12:07:45,54.86,STABLE,45.9,42.9,58.0,2,0
2026-09-19T12:07:46+00:00,2026-09-19 12:07:46,52.58,STABLE,45.3,41.8,56.4,2,0
2026-09-19T12:07:47+00:00,2026-09-19 12:07:47,47.98,STABLE,42.9,41.6,56.1,2,0
2026-09-19T12:07:48+00:00,2026-09-19 12:07:48,48.65,STABLE,46.3,45.7,61.7,2,0
2026-09-19T12:07:49+00:00,2026-09-19 12:07:49,52.46,STABLE,43.8,42.4,57.2,2,0
2026-09-19T12:07:50+00:00,2026-09-19 12:07:50,50.71,STABLE,44.6,44.4,59.9,2,0
2026-09-19T12:07:51+00:00,2026-09-19 12:07:51,55.42,STABLE,43.6,42.2,57.0,2,0
2026-09-19T12:07:52+00:00,2026-09-19 12:07:52,51.67,STABLE,43.4,43.0,58.1,2,0
2026-09-19T12:07:53+00:00,2026-09-19 12:07:53,49.15,STABLE,43.1,42.2,56.9,2,0
2026-09-19T12:07:54+00:00,2026-09-19 12:07:54,50.69,STABLE,43.6,41.4,55.9,2,0
2026-09-19T12:07:55+00:00,2026-09-19 12:07:55,53.72,STABLE,43.4,41.6,56.1,2,0
2026-09-19T12:07:56+00:00,2026-09-19 12:07:56,49.37,STABLE,45.4,42.4,57.3,2,0
2026-09-19T12:07:57+00:00,2026-09-19 12:07:57,47.06,STABLE,42.8,42.3,57.1,2,0
2026-09-19T12:07:58+00:00,2026-09-19 12:07:58,49.93,STABLE,44.6,43.5,58.7,2,0
2026-09-19T12:07:59+00:00,2026-09-19 12:07:59,48.92,STABLE,42.4,43.8,59.2,2,0
2026-09-19T12:08:00+00:00,2026-09-19 12:08:00,49.55,STABLE,44.4,40.7,54.9,2,0
2026-09-19T12:08:01+00:00,2026-09-19 12:08:01,46.38,STABLE,43.4,41.5,56.0,2,0
2026-09-19T12:08:02+00:00,2026-09-19 12:08:02,47.66,STABLE,45.9,41.5,56.0,2,0
2026-09-19T12:08:03+00:00,2026-09-19 12:08:03,49.48,STABLE,46.1,41.0,55.4,2,0
2026-09-19T12:08:04+00:00,2026-09-19 12:08:04,49.52,STABLE,47.8,41.9,56.6,2,0
2026-09-19T12:08:05+00:00,2026-09-19 12:08:05,52.65,STABLE,46.7,41.2,55.6,2,0
2026-09-19T12:08:06+00:00,2026-09-19 12:08:06,46.29,STABLE,44.8,42.6,57.5,2,0
2026-09-19T12:08:07+00:00,2026-09-19 12:08:07,47.51,STABLE,45.7,40.2,54.2,2,0
2026-09-19T12:08:08+00:00,2026-09-19 12:08:08,50.25,STABLE,45.3,42.5,57.4,2,0
2026-09-19T12:08:09+00:00,2026-09-19 12:08:09,50.01,STABLE,44.7,42.4,57.2,2,0
2026-09-19T12:08:10+00:00,2026-09-19 12:08:10,47.58,STABLE,45.3,41.1,55.4,2,0
2026-09-19T12:08:11+00:00,2026-09-19 12:08:11,47.13,STABLE,43.8,43.7,59.0,2,0
2026-09-19T12:08:12+00:00,2026-09-19 12:08:12,49.62,STABLE,44.8,42.9,57.9,2,0
2026-09-19T12:08:13+00:00,2026-09-19 12:08:13,45.85,STABLE,45.8,44.8,60.5,2,0
2026-09-19T12:08:14+00:00,2026-09-19 12:08:14,48.14,STABLE,44.6,45.1,60.9,2,0
2026-09-19T12:08:15+00:00,2026-09-19 12:08:15,50.93,STABLE,43.7,40.3,54.4,2,0
2026-09-19T12:08:16+00:00,2026-09-19 12:08:16,47.98,STABLE,42.7,42.9,57.9,2,0
2026-09-19T12:08:17+00:00,2026-09-19 12:08:17,46.48,STABLE,46.6,42.4,57.3,2,0
2026-09-19T12:08:18+00:00,2026-09-19 12:08:18,47.11,STABLE,45.3,42.2,57.0,2,0
2026-09-19T12:08:19+00:00,2026-09-19 12:08:19,48.94,STABLE,46.2,40.3,54.4,2,0
2026-09-19T12:08:20+00:00,2026-09-19 12:08:20,54.76,STABLE,46.9,40.0,54.0,2,0
2026-09-19T12:08:21+00:00,2026-09-19 12:08:21,52.42,STABLE,43.4,41.8,56.4,2,0
2026-09-19T12:08:22+00:00,2026-09-19 12:08:22,45.85,STABLE,46.1,42.5,57.3,2,0
2026-09-19T12:08:23+00:00,2026-09-19 12:08:23,49.5,STABLE,46.5,42.5,57.4,2,0
2026-09-19T12:08:24+00:00,2026-09-19 12:08:24,51.52,STABLE,45.4,42.3,57.0,2,0
2026-09-19T12:08:25+00:00,2026-09-19 12:08:25,48.84,STABLE,45.1,39.9,53.8,2,0
2026-09-19T12:08:26+00:00,2026-09-19 12:08:26,48.8,STABLE,43.0,39.9,53.9,2,0
2026-09-19T12:08:27+00:00,2026-09-19 12:08:27,49.01,STABLE,42.9,41.8,56.5,2,0
2026-09-19T12:08:28+00:00,2026-09-19 12:08:28,48.67,STABLE,46.9,41.3,55.8,2,0
2026-09-19T12:08:29+00:00,2026-09-19 12:08:29,50.98,STABLE,43.0,42.2,56.9,2,0
2026-09-19T12:08:30+00:00,2026-09-19 12:08:30,52.63,STABLE,44.9,42.2,56.9,2,0
2026-09-19T12:08:31+00:00,2026-09-19 12:08:31,52.32,STABLE,46.2,42.1,56.9,2,0
2026-09-19T12:08:32+00:00,2026-09-19 12:08:32,51.49,STABLE,43.9,41.2,55.7,2,0
2026-09-19T12:08:33+00:00,2026-09-19 12:08:33,51.18,STABLE,46.5,45.5,61.5,2,0
2026-09-19T12:08:34+00:00,2026-09-19 12:08:34,50.15,STABLE,44.4,42.8,57.7,2,0
2026-09-19T12:08:35+00:00,2026-09-19 12:08:35,52.6,STABLE,44.6,40.9,55.2,2,0
2026-09-19T12:08:36+00:00,2026-09-19 12:08:36,49.0,STABLE,44.7,42.5,57.4,2,0
2026-09-19T12:08:37+00:00,2026-09-19 12:08:37,47.93,STABLE,47.1,43.0,58.1,2,0
2026-09-19T12:08:38+00:00,2026-09-19 12:08:38,49.34,STABLE,44.8,40.5,54.7,2,0
2026-09-19T12:08:39+00:00,2026-09-19 12:08:39,52.69,STABLE,45.4,42.6,57.5,2,0
2026-09-19T12:08:40+00:00,2026-09-19 12:08:40,48.69,STABLE,44.3,41.6,56.2,2,0
2026-09-19T12:08:41+00:00,2026-09-19 12:08:41,50.6,STABLE,47.9,42.1,56.9,2,0
2026-09-19T12:08:42+00:00,2026-09-19 12:08:42,50.09,STABLE,45.9,40.1,54.1,2,0
2026-09-19T12:08:43+00:00,2026-09-19 12:08:43,49.24,STABLE,43.0,41.3,55.7,2,0
2026-09-19T12:08:44+00:00,2026-09-19 12:08:44,49.48,STABLE,45.4,41.6,56.2,2,0
2026-09-19T12:08:45+00:00,2026-09-19 12:08:45,48.71,STABLE,44.3,41.5,56.1,2,0
2026-09-19T12:08:46+00:00,2026-09-19 12:08:46,48.82,STABLE,45.1,40.3,54.3,2,0
2026-09-19T12:08:47+00:00,2026-09-19 12:08:47,49.93,STABLE,42.8,41.0,55.3,2,0
2026-09-19T12:08:48+00:00,2026-09-19 12:08:48,49.08,STABLE,45.7,42.5,57.4,2,0
2026-09-19T12:08:49+00:00,2026-09-19 12:08:49,51.12,STABLE,46.1,42.4,57.2,2,0
2026-09-19T12:08:50+00:00,2026-09-19 12:08:50,50.19,STABLE,44.8,43.3,58.5,2,0
2026-09-19T12:08:51+00:00,2026-09-19 12:08:51,48.26,STABLE,47.6,43.3,58.4,2,0
2026-09-19T12:08:52+00:00,2026-09-19 12:08:52,50.69,STABLE,44.7,43.0,58.1,2,0
2026-09-19T12:08:53+00:00,2026-09-19 12:08:53,47.88,STABLE,42.0,39.9,53.9,2,0
2026-09-19T12:08:54+00:00,2026-09-19 12:08:54,52.74,STABLE,48.5,41.0,55.3,2,0
2026-09-19T12:08:55+00:00,2026-09-19 12:08:55,44.25,STABLE,45.6,41.3,55.7,2,0
2026-09-19T12:08:56+00:00,2026-09-19 12:08:56,52.44,STABLE,43.9,43.6,58.8,2,0
2026-09-19T12:08:57+00:00,2026-09-19 12:08:57,52.83,STABLE,43.7,40.9,55.2,2,0
2026-09-19T12:08:58+00:00,2026-09-19 12:08:58,51.73,STABLE,46.7,39.7,53.5,2,0
2026-09-19T12:08:59+00:00,2026-09-19 12:08:59,48.61,STABLE,45.2,42.5,57.4,2,0
2026-09-19T12:09:00+00:00,2026-09-19 12:09:00,50.94,STABLE,43.4,40.1,54.1,2,0
2026-09-19T12:09:01+00:00,2026-09-19 12:09:01,53.27,STABLE,45.7,43.0,58.0,2,0
2026-09-19T12:09:02+00:00,2026-09-19 12:09:02,50.96,STABLE,48.0,42.6,57.6,2,0
2026-09-19T12:09:03+00:00,2026-09-19 12:09:03,50.0,STABLE,44.8,41.7,56.2,2,0
2026-09-19T12:09:04+00:00,2026-09-19 12:09:04,50.5,STABLE,46.5,42.0,56.7,2,0
2026-09-19T12:09:05+00:00,2026-09-19 12:09:05,51.31,STABLE,45.7,42.3,57.1,2,0
2026-09-19T12:09:06+00:00,2026-09-19 12:09:06,47.79,STABLE,46.1,41.1,55.4,2,0
2026-09-19T12:09:07+00:00,2026-09-19 12:09:07,49.54,STABLE,46.8,41.0,55.3,2,0
2026-09-19T12:09:08+00:00,2026-09-19 12:09:08,47.52,STABLE,45.8,44.3,59.8,2,0
2026-09-19T12:09:09+00:00,2026-09-19 12:09:09,51.1,STABLE,46.4,41.0,55.3,2,0
2026-09-19T12:09:10+00:00,2026-09-19 12:09:10,47.66,STABLE,44.0,40.1,54.2,2,0
2026-09-19T12:09:11+00:00,2026-09-19 12:09:11,49.69,STABLE,45.1,42.0,56.7,2,0
2026-09-19T12:09:12+00:00,2026-09-19 12:09:12,53.76,STABLE,45.1,43.4,58.6,2,0
2026-09-19T12:09:13+00:00,2026-09-19 12:09:13,51.02,STABLE,45.4,42.3,57.1,2,0
2026-09-19T12:09:14+00:00,2026-09-19 12:09:14,49.34,STABLE,45.1,43.1,58.2,2,0
2026-09-19T12:09:15+00:00,2026-09-19 12:09:15,47.1,STABLE,44.4,43.0,58.1,2,0
2026-09-19T12:09:16+00:00,2026-09-19 12:09:16,50.33,STABLE,47.8,42.0,56.7,2,0
2026-09-19T12:09:17+00:00,2026-09-19 12:09:17,48.91,STABLE,46.7,43.7,59.0,2,0
2026-09-19T12:09:18+00:00,2026-09-19 12:09:18,52.34,STABLE,43.7,41.9,56.6,2,0
2026-09-19T12:09:19+00:00,2026-09-19 12:09:19,52.5,STABLE,44.9,42.4,57.3,2,0
2026-09-19T12:09:20+00:00,2026-09-19 12:09:20,50.56,STABLE,41.6,40.5,54.6,2,0
2026-09-19T12:09:21+00:00,2026-09-19 12:09:21,50.29,STABLE,47.6,42.4,57.2,2,0
2026-09-19T12:09:22+00:00,2026-09-19 12:09:22,52.14,STABLE,48.1,42.5,57.4,2,0
2026-09-19T12:09:23+00:00,2026-09-19 12:09:23,51.21,STABLE,48.6,40.9,55.2,2,0
2026-09-19T12:09:24+00:00,2026-09-19 12:09:24,49.88,STABLE,44.2,42.5,57.4,2,0
2026-09-19T12:09:25+00:00,2026-09-19 12:09:25,51.28,STABLE,45.7,42.4,57.3,2,0
2026-09-19T12:09:26+00:00,2026-09-19 12:09:26,51.9,STABLE,42.9,38.7,52.2,2,0
2026-09-19T12:09:27+00:00,2026-09-19 12:09:27,51.8,STABLE,45.7,40.9,55.2,2,0
2026-09-19T12:09:28+00:00,2026-09-19 12:09:28,50.14,STABLE,44.9,41.9,56.5,2,0
2026-09-19T12:09:29+00:00,2026-09-19 12:09:29,51.46,STABLE,44.9,43.2,58.3,2,0
2026-09-19T12:09:30+00:00,2026-09-19 12:09:30,50.26,STABLE,44.3,42.0,56.8,2,0
2026-09-19T12:09:31+00:00,2026-09-19 12:09:31,47.37,STABLE,42.6,40.8,55.1,2,0
2026-09-19T12:09:32+00:00,2026-09-19 12:09:32,48.39,STABLE,43.8,40.7,55.0,2,0
2026-09-19T12:09:33+00:00,2026-09-19 12:09:33,46.87,STABLE,45.1,40.2,54.3,2,0
2026-09-19T12:09:34+00:00,2026-09-19 12:09:34,53.92,STABLE,44.4,40.9,55.2,2,0
2026-09-19T12:09:35+00:00,2026-09-19 12:09:35,48.27,STABLE,44.9,41.4,55.8,2,0
2026-09-19T12:09:36+00:00,2026-09-19 12:09:36,47.95,STABLE,44.3,42.1,56.8,2,0
2026-09-19T12:09:37+00:00,2026-09-19 12:09:37,50.14,STABLE,48.3,41.4,55.9,2,0
2026-09-19T12:09:38+00:00,2026-09-19 12:09:38,49.79,STABLE,42.6,44.4,60.0,2,0
2026-09-19T12:09:39+00:00,2026-09-19 12:09:39,50.5,STABLE,45.2,41.3,55.7,2,0
2026-09-19T12:09:40+00:00,2026-09-19 12:09:40,49.6,STABLE,46.3,42.5,57.4,2,0
2026-09-19T12:09:41+00:00,2026-09-19 12:09:41,51.12,STABLE,46.5,41.0,55.3,2,0
2026-09-19T12:09:42+00:00,2026-09-19 12:09:42,48.44,STABLE,49.7,44.5,60.1,2,0
2026-09-19T12:09:43+00:00,2026-09-19 12:09:43,46.97,STABLE,43.4,40.7,55.0,2,0
2026-09-19T12:09:44+00:00,2026-09-19 12:09:44,51.78,STABLE,46.0,42.8,57.8,2,0
2026-09-19T12:09:45+00:00,2026-09-19 12:09:45,50.04,STABLE,45.4,42.5,57.3,2,0
2026-09-19T12:09:46+00:00,2026-09-19 12:09:46,50.53,STABLE,44.3,43.8,59.1,2,0
2026-09-19T12:09:47+00:00,2026-09-19 12:09:47,49.97,STABLE,44.2,43.2,58.3,2,0
2026-09-19T12:09:48+00:00,2026-09-19 12:09:48,51.7,STABLE,47.6,43.4,58.6,2,0
2026-09-19T12:09:49+00:00,2026-09-19 12:09:49,52.43,STABLE,44.9,41.6,56.2,2,0
2026-09-19T12:09:50+00:00,2026-09-19 12:09:50,51.95,STABLE,44.7,40.1,54.2,2,0
2026-09-19T12:09:51+00:00,2026-09-19 12:09:51,49.12,STABLE,44.1,41.3,55.7,2,0
2026-09-19T12:09:52+00:00,2026-09-19 12:09:52,47.34,STABLE,44.7,41.2,55.6,2,0
2026-09-19T12:09:53+00:00,2026-09-19 12:09:53,48.11,STABLE,44.9,42.9,57.9,2,0
2026-09-19T12:09:54+00:00,2026-09-19 12:09:54,50.01,STABLE,43.1,41.9,56.6,2,0
2026-09-19T12:09:55+00:00,2026-09-19 12:09:55,49.63,STABLE,43.3,43.6,58.9,2,0
2026-09-19T12:09:56+00:00,2026-09-19 12:09:56,51.1,STABLE,43.9,42.0,56.7,2,0
2026-09-19T12:09:57+00:00,2026-09-19 12:09:57,47.99,STABLE,43.8,41.5,56.0,2,0
2026-09-19T12:09:58+00:00,2026-09-19 12:09:58,54.47,STABLE,46.0,40.9,55.2,2,0
2026-09-19T12:09:59+00:00,2026-09-19 12:09:59,48.56,STABLE,42.8,41.7,56.3,2,0
